{
"type": "FeatureCollection",
"name": "parks",
"crs": { "type": "name", "properties": { "name": "urn:ogc:def:crs:OGC:1.3:CRS84" } },
"features": [
{ "type": "Feature", "properties": { "index": 0, "element": "way", "id": 401703668, "leisure": "park", "name": "Swift Run Park", "addr:city": null, "addr:housenumber": null, "addr:postcode": null, "addr:state": null, "addr:street": null, "operator": "Washtenaw County Parks & Recreation Commission and Ciry of Ann Arbor Parks & Recreation", "operator:type": null, "operator:wikidata": null, "landuse": null, "ele": null, "website": null, "wikidata": "Q49568499", "wikipedia": null, "note": null, "old_name": null, "short_name": null, "gnis:feature_id": "2647610", "name:en": null, "name:zh": null, "opening_hours": null, "email": null, "fax": null, "layer": null, "phone": null, "source": null, "artist_name": null, "artwork_type": null, "description": null, "material": null, "start_date": null, "tourism": null, "wheelchair": null, "localwiki": null, "operator:wikipedia": null, "check_date:opening_hours": null, "addr:country": null, "owner": null, "ownership": null, "access": null, "type": null, "dog": null, "smoking": null, "loc_name": null }, "geometry": { "type": "Polygon", "coordinates": [ [ [ -83.6999993, 42.2302075 ], [ -83.6999725, 42.2274548 ], [ -83.7003619, 42.2274017 ], [ -83.7004802, 42.2275338 ], [ -83.7011018, 42.2274766 ], [ -83.701117, 42.2277869 ], [ -83.7019365, 42.2282922 ], [ -83.7021663, 42.2284191 ], [ -83.702382, 42.2286117 ], [ -83.7025009, 42.228849 ], [ -83.7025453, 42.2290938 ], [ -83.7023193, 42.2291069 ], [ -83.7013303, 42.2291641 ], [ -83.7013587, 42.2301693 ], [ -83.6999993, 42.2302075 ] ] ] } },
{ "type": "Feature", "properties": { "index": 1, "element": "way", "id": 476748411, "leisure": "park", "name": "Ellsworth Park", "addr:city": null, "addr:housenumber": null, "addr:postcode": null, "addr:state": null, "addr:street": null, "operator": "City of Ann Arbor", "operator:type": "public", "operator:wikidata": "Q485172", "landuse": null, "ele": null, "website": null, "wikidata": "Q34874030", "wikipedia": null, "note": null, "old_name": null, "short_name": null, "gnis:feature_id": null, "name:en": null, "name:zh": null, "opening_hours": null, "email": null, "fax": null, "layer": null, "phone": null, "source": null, "artist_name": null, "artwork_type": null, "description": null, "material": null, "start_date": null, "tourism": null, "wheelchair": null, "localwiki": null, "operator:wikipedia": "en:Ann Arbor, Michigan", "check_date:opening_hours": null, "addr:country": null, "owner": null, "ownership": null, "access": null, "type": null, "dog": null, "smoking": null, "loc_name": null }, "geometry": { "type": "Polygon", "coordinates": [ [ [ -83.7081958, 42.2314427 ], [ -83.7081877, 42.2302928 ], [ -83.7097574, 42.2302432 ], [ -83.7097816, 42.2314023 ], [ -83.7081958, 42.2314427 ] ] ] } },
{ "type": "Feature", "properties": { "index": 2, "element": "way", "id": 283259914, "leisure": "park", "name": "Bicentennial Park", "addr:city": null, "addr:housenumber": null, "addr:postcode": null, "addr:state": null, "addr:street": null, "operator": "City of Ann Arbor", "operator:type": null, "operator:wikidata": null, "landuse": null, "ele": null, "website": "https://www.a2gov.org/government/communityservices/parks-recreation/parks-places/Pages/SoutheastArea.aspx", "wikidata": "Q49563874", "wikipedia": null, "note": null, "old_name": null, "short_name": null, "gnis:feature_id": "2647613", "name:en": null, "name:zh": null, "opening_hours": null, "email": null, "fax": null, "layer": null, "phone": null, "source": null, "artist_name": null, "artwork_type": null, "description": null, "material": null, "start_date": null, "tourism": null, "wheelchair": null, "localwiki": null, "operator:wikipedia": null, "check_date:opening_hours": null, "addr:country": null, "owner": null, "ownership": null, "access": null, "type": null, "dog": null, "smoking": null, "loc_name": null }, "geometry": { "type": "Polygon", "coordinates": [ [ [ -83.7048681, 42.230397 ], [ -83.7048776, 42.231908 ], [ -83.7048901, 42.2339042 ], [ -83.7040292, 42.2339291 ], [ -83.7019582, 42.2329327 ], [ -83.7000405, 42.2320101 ], [ -83.7000192, 42.2313267 ], [ -83.6999361, 42.2313247 ], [ -83.6999342, 42.2311146 ], [ -83.7013444, 42.2310865 ], [ -83.701340136668875, 42.230926515454343 ], [ -83.701643, 42.230921 ], [ -83.701634460885785, 42.230426951249001 ], [ -83.7048681, 42.230397 ] ] ] } },
{ "type": "Feature", "properties": { "index": 3, "element": "way", "id": 458672978, "leisure": "park", "name": "Turnberry Park", "addr:city": null, "addr:housenumber": null, "addr:postcode": null, "addr:state": null, "addr:street": null, "operator": null, "operator:type": null, "operator:wikidata": null, "landuse": null, "ele": null, "website": null, "wikidata": "Q49572514", "wikipedia": null, "note": null, "old_name": null, "short_name": null, "gnis:feature_id": "2647615", "name:en": null, "name:zh": null, "opening_hours": null, "email": null, "fax": null, "layer": null, "phone": null, "source": null, "artist_name": null, "artwork_type": null, "description": null, "material": null, "start_date": null, "tourism": null, "wheelchair": null, "localwiki": null, "operator:wikipedia": null, "check_date:opening_hours": null, "addr:country": null, "owner": null, "ownership": null, "access": null, "type": null, "dog": null, "smoking": null, "loc_name": null }, "geometry": { "type": "Polygon", "coordinates": [ [ [ -83.6871483, 42.2354801 ], [ -83.6871483, 42.2357542 ], [ -83.6870732, 42.2357572 ], [ -83.6869597, 42.2357761 ], [ -83.6868291, 42.2358088 ], [ -83.6866964, 42.2358733 ], [ -83.6865984, 42.2359389 ], [ -83.6865113, 42.2360183 ], [ -83.6864657, 42.2361136 ], [ -83.6864456, 42.2362198 ], [ -83.6864603, 42.2363361 ], [ -83.686561, 42.2367183 ], [ -83.6865917, 42.2368256 ], [ -83.6866024, 42.2369636 ], [ -83.6865877, 42.2371036 ], [ -83.6863825, 42.238027 ], [ -83.6862968, 42.2384122 ], [ -83.6862793, 42.2385373 ], [ -83.6862497, 42.2388213 ], [ -83.6862431, 42.2390914 ], [ -83.6862658, 42.2396266 ], [ -83.6862913, 42.2397943 ], [ -83.686345, 42.2399572 ], [ -83.6864107, 42.24011 ], [ -83.6864662, 42.2402005 ], [ -83.6865261, 42.2402888 ], [ -83.6863839, 42.2404059 ], [ -83.6849784, 42.2401617 ], [ -83.6858045, 42.2379694 ], [ -83.6859386, 42.2375643 ], [ -83.6860245, 42.2371393 ], [ -83.6861103, 42.2367223 ], [ -83.6861639, 42.2362933 ], [ -83.6861961, 42.2358843 ], [ -83.686193006536001, 42.235650130611745 ], [ -83.686275, 42.2355132 ], [ -83.686293218850111, 42.235482779105432 ], [ -83.6871483, 42.2354801 ] ] ] } },
{ "type": "Feature", "properties": { "index": 4, "element": "way", "id": 458672982, "leisure": "park", "name": "Pilgrim Park", "addr:city": null, "addr:housenumber": null, "addr:postcode": null, "addr:state": null, "addr:street": null, "operator": "City of Ann Arbor", "operator:type": "public", "operator:wikidata": "Q485172", "landuse": null, "ele": null, "website": null, "wikidata": "Q49542639", "wikipedia": null, "note": null, "old_name": null, "short_name": null, "gnis:feature_id": "2647611", "name:en": null, "name:zh": null, "opening_hours": null, "email": null, "fax": null, "layer": null, "phone": null, "source": null, "artist_name": null, "artwork_type": null, "description": null, "material": null, "start_date": null, "tourism": null, "wheelchair": null, "localwiki": null, "operator:wikipedia": null, "check_date:opening_hours": null, "addr:country": null, "owner": null, "ownership": null, "access": null, "type": null, "dog": null, "smoking": null, "loc_name": null }, "geometry": { "type": "Polygon", "coordinates": [ [ [ -83.7005513, 42.2376949 ], [ -83.7010687, 42.2376813 ], [ -83.7012334, 42.237677 ], [ -83.7018678, 42.2376604 ], [ -83.7013345, 42.2380923 ], [ -83.7016805, 42.2383553 ], [ -83.7015316, 42.2384675 ], [ -83.7011869, 42.2382174 ], [ -83.7010609, 42.2383107 ], [ -83.7006029, 42.2383181 ], [ -83.700566, 42.2383187 ], [ -83.7005513, 42.2376949 ] ] ] } },
{ "type": "Feature", "properties": { "index": 5, "element": "way", "id": 120885118, "leisure": "park", "name": "Mary Beth Doyle Park & Wetland Preserve", "addr:city": null, "addr:housenumber": null, "addr:postcode": null, "addr:state": null, "addr:street": null, "operator": null, "operator:type": null, "operator:wikidata": null, "landuse": null, "ele": null, "website": "https://www.a2gov.org/government/communityservices/parks-recreation/parks-places/Pages/Brown.aspx", "wikidata": "Q34838819", "wikipedia": null, "note": "Added non-breaking spaces between \"Mary\" and \"Beth\" and \"Beth\" and \"Doyle\" as an experiment to see how this is rendered.", "old_name": "Brown Park", "short_name": "Mary Beth Doyle Park", "gnis:feature_id": null, "name:en": null, "name:zh": null, "opening_hours": null, "email": null, "fax": null, "layer": null, "phone": null, "source": null, "artist_name": null, "artwork_type": null, "description": null, "material": null, "start_date": null, "tourism": null, "wheelchair": null, "localwiki": null, "operator:wikipedia": null, "check_date:opening_hours": null, "addr:country": null, "owner": null, "ownership": null, "access": null, "type": null, "dog": null, "smoking": null, "loc_name": null }, "geometry": { "type": "Polygon", "coordinates": [ [ [ -83.7074886, 42.244721 ], [ -83.7074729, 42.2432651 ], [ -83.7074708, 42.2430717 ], [ -83.7074584, 42.2411893 ], [ -83.7067256, 42.2412028 ], [ -83.7067243, 42.2410762 ], [ -83.7067166, 42.2403101 ], [ -83.7074203, 42.2402916 ], [ -83.7074045, 42.2392175 ], [ -83.7073794, 42.2375157 ], [ -83.7049357, 42.2375699 ], [ -83.704925, 42.2368987 ], [ -83.7064538, 42.2368431 ], [ -83.7063538, 42.2362993 ], [ -83.7062339, 42.2356476 ], [ -83.7075713, 42.2362641 ], [ -83.7085648, 42.2366705 ], [ -83.7091216, 42.236873 ], [ -83.7093192, 42.2369336 ], [ -83.7099316, 42.2371212 ], [ -83.7107563, 42.2373348 ], [ -83.7112979, 42.2374515 ], [ -83.7121578, 42.2376097 ], [ -83.7130215, 42.2377263 ], [ -83.713063, 42.240826 ], [ -83.7130721, 42.241498 ], [ -83.7130742, 42.241659 ], [ -83.7130745, 42.2416792 ], [ -83.7122661, 42.2425229 ], [ -83.7120641, 42.2426218 ], [ -83.711808, 42.2427178 ], [ -83.7116104, 42.2427171 ], [ -83.7110199, 42.2426733 ], [ -83.7103118, 42.2426954 ], [ -83.7102528, 42.2426972 ], [ -83.7099265, 42.2426446 ], [ -83.7098872, 42.2426424 ], [ -83.7092913, 42.2426574 ], [ -83.7092952, 42.2428333 ], [ -83.7091316, 42.2428381 ], [ -83.7089009, 42.2429175 ], [ -83.7087964, 42.2428739 ], [ -83.7086703, 42.2428858 ], [ -83.708586, 42.2429289 ], [ -83.7085523, 42.2429831 ], [ -83.7085255, 42.2430407 ], [ -83.7080472, 42.2431731 ], [ -83.7080719, 42.2446983 ], [ -83.7074886, 42.244721 ] ] ] } },
{ "type": "Feature", "properties": { "index": 6, "element": "way", "id": 458672972, "leisure": "park", "name": "Redwood Park", "addr:city": null, "addr:housenumber": null, "addr:postcode": null, "addr:state": null, "addr:street": null, "operator": null, "operator:type": null, "operator:wikidata": null, "landuse": null, "ele": null, "website": null, "wikidata": null, "wikipedia": null, "note": null, "old_name": null, "short_name": null, "gnis:feature_id": null, "name:en": null, "name:zh": null, "opening_hours": null, "email": null, "fax": null, "layer": null, "phone": null, "source": null, "artist_name": null, "artwork_type": null, "description": null, "material": null, "start_date": null, "tourism": null, "wheelchair": null, "localwiki": null, "operator:wikipedia": null, "check_date:opening_hours": null, "addr:country": null, "owner": null, "ownership": null, "access": null, "type": null, "dog": null, "smoking": null, "loc_name": null }, "geometry": { "type": "Polygon", "coordinates": [ [ [ -83.6990353, 42.2425218 ], [ -83.6990353, 42.2423192 ], [ -83.6991212, 42.2422875 ], [ -83.6992392, 42.2422676 ], [ -83.6994108, 42.2422477 ], [ -83.6999285, 42.2422299 ], [ -83.6999339, 42.2425088 ], [ -83.6990353, 42.2425218 ] ] ] } },
{ "type": "Feature", "properties": { "index": 7, "element": "way", "id": 407478995, "leisure": "park", "name": "Pittsview Park", "addr:city": null, "addr:housenumber": null, "addr:postcode": null, "addr:state": null, "addr:street": null, "operator": "City of Ann Arbor", "operator:type": "public", "operator:wikidata": "Q485172", "landuse": null, "ele": null, "website": null, "wikidata": "Q49543701", "wikipedia": null, "note": null, "old_name": null, "short_name": null, "gnis:feature_id": "2647616", "name:en": null, "name:zh": null, "opening_hours": null, "email": null, "fax": null, "layer": null, "phone": null, "source": null, "artist_name": null, "artwork_type": null, "description": null, "material": null, "start_date": null, "tourism": null, "wheelchair": null, "localwiki": null, "operator:wikipedia": null, "check_date:opening_hours": null, "addr:country": null, "owner": null, "ownership": null, "access": null, "type": null, "dog": null, "smoking": null, "loc_name": null }, "geometry": { "type": "Polygon", "coordinates": [ [ [ -83.6917054, 42.2449058 ], [ -83.6917403, 42.2448314 ], [ -83.6917872, 42.2447579 ], [ -83.6918462, 42.2446765 ], [ -83.692034, 42.2445257 ], [ -83.692624, 42.2445236 ], [ -83.6923767, 42.2448143 ], [ -83.6922882, 42.244861 ], [ -83.69191, 42.2449494 ], [ -83.6918838, 42.2449822 ], [ -83.6917001, 42.2449842 ], [ -83.6917054, 42.2449058 ] ] ] } },
{ "type": "Feature", "properties": { "index": 8, "element": "way", "id": 44809413, "leisure": "park", "name": "Buhr Park", "addr:city": null, "addr:housenumber": null, "addr:postcode": null, "addr:state": null, "addr:street": null, "operator": "City of Ann Arbor", "operator:type": "public", "operator:wikidata": "Q485172", "landuse": null, "ele": "255", "website": "https://www.a2gov.org/government/communityservices/ParksandRecreation/buhr/Pages/BuhrPark.aspx", "wikidata": "Q4986325", "wikipedia": "en:Buhr Park", "note": null, "old_name": null, "short_name": null, "gnis:feature_id": null, "name:en": null, "name:zh": null, "opening_hours": null, "email": null, "fax": null, "layer": null, "phone": null, "source": null, "artist_name": null, "artwork_type": null, "description": null, "material": null, "start_date": null, "tourism": null, "wheelchair": null, "localwiki": null, "operator:wikipedia": null, "check_date:opening_hours": null, "addr:country": null, "owner": null, "ownership": null, "access": null, "type": null, "dog": null, "smoking": null, "loc_name": null }, "geometry": { "type": "Polygon", "coordinates": [ [ [ -83.7126369, 42.2520625 ], [ -83.7117137, 42.2520984 ], [ -83.7116491, 42.2500606 ], [ -83.7090114, 42.2501404 ], [ -83.7089648, 42.2482981 ], [ -83.7089422, 42.2474636 ], [ -83.7085081, 42.2474734 ], [ -83.7085064, 42.247425 ], [ -83.7089384, 42.2474179 ], [ -83.7088962, 42.2459346 ], [ -83.708872064359397, 42.24501485969563 ], [ -83.70896, 42.245012 ], [ -83.709057, 42.245024 ], [ -83.70917, 42.245064 ], [ -83.709556, 42.245021 ], [ -83.709539256841268, 42.244949288735242 ], [ -83.7099477, 42.2449276 ], [ -83.7099851, 42.2462766 ], [ -83.7112204, 42.2462632 ], [ -83.7111588, 42.2449796 ], [ -83.7124458, 42.2449134 ], [ -83.7125004, 42.2476141 ], [ -83.7125697, 42.2496196 ], [ -83.7126369, 42.2520625 ] ] ] } },
{ "type": "Feature", "properties": { "index": 9, "element": "relation", "id": 6779572, "leisure": "park", "name": "Sylvan Park", "addr:city": null, "addr:housenumber": null, "addr:postcode": null, "addr:state": null, "addr:street": null, "operator": "City of Ann Arbor", "operator:type": "public", "operator:wikidata": "Q485172", "landuse": null, "ele": null, "website": "https://www.a2gov.org/departments/Parks-Recreation/parks-places/pages/sylvan.aspx", "wikidata": "Q49568653", "wikipedia": null, "note": null, "old_name": null, "short_name": null, "gnis:feature_id": "2647627", "name:en": null, "name:zh": null, "opening_hours": "Mo-Su 08:00-22:00", "email": null, "fax": null, "layer": null, "phone": null, "source": null, "artist_name": null, "artwork_type": null, "description": null, "material": null, "start_date": null, "tourism": null, "wheelchair": null, "localwiki": null, "operator:wikipedia": null, "check_date:opening_hours": null, "addr:country": null, "owner": null, "ownership": null, "access": null, "type": "multipolygon", "dog": "leashed", "smoking": "no", "loc_name": null }, "geometry": { "type": "MultiPolygon", "coordinates": [ [ [ [ -83.6899959, 42.2487155 ], [ -83.6897599, 42.2489061 ], [ -83.6895614, 42.2491284 ], [ -83.6894327, 42.249319 ], [ -83.689084, 42.2498273 ], [ -83.6887675, 42.2500179 ], [ -83.6883222, 42.2501728 ], [ -83.6881667, 42.2499127 ], [ -83.6885797, 42.2497757 ], [ -83.6892181, 42.2492396 ], [ -83.6895561, 42.2489021 ], [ -83.6899262, 42.2482112 ], [ -83.6903286, 42.2470002 ], [ -83.6903765, 42.248648 ], [ -83.6899959, 42.2487155 ] ] ], [ [ [ -83.6861255, 42.2522904 ], [ -83.6862651, 42.2524572 ], [ -83.6862704, 42.2526935 ], [ -83.685899120947283, 42.253073695864366 ], [ -83.685896, 42.253037 ], [ -83.685883, 42.252827 ], [ -83.685594417665499, 42.252836081262281 ], [ -83.6850017, 42.2520787 ], [ -83.6843138, 42.251277 ], [ -83.6842828, 42.2506652 ], [ -83.6853825, 42.2506453 ], [ -83.6854041, 42.2512263 ], [ -83.685498, 42.2512254 ], [ -83.6856648, 42.2512238 ], [ -83.6867987, 42.2512131 ], [ -83.6871796, 42.250816 ], [ -83.6871635, 42.2504289 ], [ -83.6876356, 42.2504309 ], [ -83.6878207, 42.2507605 ], [ -83.6875068, 42.2509431 ], [ -83.6872602, 42.2512144 ], [ -83.6871635, 42.2515447 ], [ -83.6871412, 42.2522725 ], [ -83.6864474, 42.2522765 ], [ -83.6861255, 42.2522904 ] ] ] ] } },
{ "type": "Feature", "properties": { "index": 10, "element": "way", "id": 460247767, "leisure": "park", "name": "Arbor Oaks Park", "addr:city": null, "addr:housenumber": null, "addr:postcode": null, "addr:state": null, "addr:street": null, "operator": null, "operator:type": null, "operator:wikidata": null, "landuse": null, "ele": null, "website": null, "wikidata": null, "wikipedia": null, "note": null, "old_name": null, "short_name": null, "gnis:feature_id": null, "name:en": null, "name:zh": null, "opening_hours": null, "email": null, "fax": null, "layer": null, "phone": null, "source": null, "artist_name": null, "artwork_type": null, "description": null, "material": null, "start_date": null, "tourism": null, "wheelchair": null, "localwiki": null, "operator:wikipedia": null, "check_date:opening_hours": null, "addr:country": null, "owner": null, "ownership": null, "access": null, "type": null, "dog": null, "smoking": null, "loc_name": null }, "geometry": { "type": "Polygon", "coordinates": [ [ [ -83.7146975, 42.2350626 ], [ -83.7149389, 42.2349216 ], [ -83.7145312, 42.2346138 ], [ -83.713921, 42.2346833 ], [ -83.7139089, 42.2346336 ], [ -83.7144749, 42.2345721 ], [ -83.7141155, 42.2343119 ], [ -83.7144829, 42.2341391 ], [ -83.7145258, 42.2341252 ], [ -83.7145768, 42.2341034 ], [ -83.714617, 42.2340696 ], [ -83.7146519, 42.2340339 ], [ -83.71466, 42.2340021 ], [ -83.7149014, 42.2338075 ], [ -83.7148779, 42.2335814 ], [ -83.7151891, 42.2335746 ], [ -83.7152474, 42.2342126 ], [ -83.7156497, 42.2343675 ], [ -83.7162103, 42.2344053 ], [ -83.7165039, 42.2344966 ], [ -83.7163779, 42.2348074 ], [ -83.7155102, 42.2347985 ], [ -83.7152018, 42.2349037 ], [ -83.7151267, 42.2349315 ], [ -83.7149738, 42.2349712 ], [ -83.7147431, 42.2351003 ], [ -83.7146975, 42.2350626 ] ] ] } },
{ "type": "Feature", "properties": { "index": 11, "element": "way", "id": 306771084, "leisure": "park", "name": "Clinton Park", "addr:city": null, "addr:housenumber": null, "addr:postcode": null, "addr:state": null, "addr:street": null, "operator": null, "operator:type": null, "operator:wikidata": null, "landuse": null, "ele": null, "website": null, "wikidata": "Q34855275", "wikipedia": null, "note": null, "old_name": null, "short_name": null, "gnis:feature_id": null, "name:en": null, "name:zh": null, "opening_hours": null, "email": null, "fax": null, "layer": null, "phone": null, "source": null, "artist_name": null, "artwork_type": null, "description": null, "material": null, "start_date": null, "tourism": null, "wheelchair": null, "localwiki": null, "operator:wikipedia": null, "check_date:opening_hours": null, "addr:country": null, "owner": null, "ownership": null, "access": null, "type": null, "dog": null, "smoking": null, "loc_name": null }, "geometry": { "type": "Polygon", "coordinates": [ [ [ -83.7206606, 42.2392548 ], [ -83.7213848, 42.2392214 ], [ -83.7215311, 42.2392111 ], [ -83.7215713, 42.2406013 ], [ -83.7210777, 42.2406475 ], [ -83.7199932, 42.2406727 ], [ -83.7199869, 42.2402432 ], [ -83.7200477, 42.2398849 ], [ -83.7201094, 42.2397201 ], [ -83.7201925, 42.2395196 ], [ -83.7202725, 42.2392738 ], [ -83.7206606, 42.2392548 ] ] ] } },
{ "type": "Feature", "properties": { "index": 12, "element": "way", "id": 458672990, "leisure": "park", "name": "Mill Creek Park", "addr:city": null, "addr:housenumber": null, "addr:postcode": null, "addr:state": null, "addr:street": null, "operator": null, "operator:type": null, "operator:wikidata": null, "landuse": null, "ele": null, "website": null, "wikidata": null, "wikipedia": null, "note": null, "old_name": null, "short_name": null, "gnis:feature_id": null, "name:en": null, "name:zh": null, "opening_hours": null, "email": null, "fax": null, "layer": null, "phone": null, "source": null, "artist_name": null, "artwork_type": null, "description": null, "material": null, "start_date": null, "tourism": null, "wheelchair": null, "localwiki": null, "operator:wikipedia": null, "check_date:opening_hours": null, "addr:country": null, "owner": null, "ownership": null, "access": null, "type": null, "dog": null, "smoking": null, "loc_name": null }, "geometry": { "type": "Polygon", "coordinates": [ [ [ -83.7148359, 42.2409809 ], [ -83.7146979, 42.2411373 ], [ -83.714463, 42.2414035 ], [ -83.7143312, 42.2415557 ], [ -83.7143362, 42.2433642 ], [ -83.7143357, 42.2433826 ], [ -83.7142096, 42.2433905 ], [ -83.7142262, 42.2413989 ], [ -83.7142298, 42.240964 ], [ -83.7148359, 42.2409809 ] ] ] } },
{ "type": "Feature", "properties": { "index": 13, "element": "way", "id": 288237929, "leisure": "park", "name": "Brookside Park", "addr:city": "Ann Arbor", "addr:housenumber": "3001", "addr:postcode": "48108", "addr:state": "MI", "addr:street": "Stone School Road", "operator": "City of Ann Arbor", "operator:type": "public", "operator:wikidata": "Q485172", "landuse": null, "ele": null, "website": null, "wikidata": null, "wikipedia": null, "note": null, "old_name": null, "short_name": null, "gnis:feature_id": null, "name:en": null, "name:zh": null, "opening_hours": null, "email": null, "fax": null, "layer": null, "phone": null, "source": null, "artist_name": null, "artwork_type": null, "description": null, "material": null, "start_date": null, "tourism": null, "wheelchair": null, "localwiki": null, "operator:wikipedia": null, "check_date:opening_hours": null, "addr:country": null, "owner": null, "ownership": null, "access": null, "type": null, "dog": null, "smoking": null, "loc_name": null }, "geometry": { "type": "Polygon", "coordinates": [ [ [ -83.7196708, 42.2434881 ], [ -83.7189064, 42.2433173 ], [ -83.7190536, 42.2429262 ], [ -83.7196569, 42.2429182 ], [ -83.7196708, 42.2434881 ] ] ] } },
{ "type": "Feature", "properties": { "index": 14, "element": "way", "id": 120885120, "leisure": "park", "name": "Rose Park", "addr:city": null, "addr:housenumber": null, "addr:postcode": null, "addr:state": null, "addr:street": null, "operator": null, "operator:type": null, "operator:wikidata": null, "landuse": null, "ele": null, "website": null, "wikidata": null, "wikipedia": null, "note": null, "old_name": null, "short_name": null, "gnis:feature_id": null, "name:en": null, "name:zh": null, "opening_hours": null, "email": null, "fax": null, "layer": null, "phone": null, "source": null, "artist_name": null, "artwork_type": null, "description": null, "material": null, "start_date": null, "tourism": null, "wheelchair": null, "localwiki": null, "operator:wikipedia": null, "check_date:opening_hours": null, "addr:country": null, "owner": null, "ownership": null, "access": null, "type": null, "dog": null, "smoking": null, "loc_name": null }, "geometry": { "type": "Polygon", "coordinates": [ [ [ -83.7116136, 42.2445838 ], [ -83.7115939, 42.243325 ], [ -83.7120812, 42.2433143 ], [ -83.7120742, 42.2430501 ], [ -83.7120641, 42.2426218 ], [ -83.7122661, 42.2425229 ], [ -83.7123057, 42.2445661 ], [ -83.7116136, 42.2445838 ] ] ] } },
{ "type": "Feature", "properties": { "index": 15, "element": "way", "id": 458841951, "leisure": "park", "name": "Stone School Park", "addr:city": null, "addr:housenumber": null, "addr:postcode": null, "addr:state": null, "addr:street": null, "operator": null, "operator:type": null, "operator:wikidata": null, "landuse": null, "ele": null, "website": null, "wikidata": null, "wikipedia": null, "note": null, "old_name": null, "short_name": null, "gnis:feature_id": null, "name:en": null, "name:zh": null, "opening_hours": null, "email": null, "fax": null, "layer": null, "phone": null, "source": null, "artist_name": null, "artwork_type": null, "description": null, "material": null, "start_date": null, "tourism": null, "wheelchair": null, "localwiki": null, "operator:wikipedia": null, "check_date:opening_hours": null, "addr:country": null, "owner": null, "ownership": null, "access": null, "type": null, "dog": null, "smoking": null, "loc_name": null }, "geometry": { "type": "Polygon", "coordinates": [ [ [ -83.7212598, 42.2460884 ], [ -83.7200019, 42.2461102 ], [ -83.7199804, 42.245318 ], [ -83.7200971, 42.2453195 ], [ -83.7203197, 42.2453154 ], [ -83.722342, 42.2460025 ], [ -83.7224758, 42.2461081 ], [ -83.7226062, 42.246211 ], [ -83.7216372, 42.2470498 ], [ -83.721469530147274, 42.247053097805477 ], [ -83.721456, 42.246336 ], [ -83.721265431800617, 42.246342066777885 ], [ -83.7212598, 42.2460884 ] ] ] } },
{ "type": "Feature", "properties": { "index": 16, "element": "way", "id": 330460329, "leisure": "park", "name": "Esch Park", "addr:city": "Ann Arbor", "addr:housenumber": "2741", "addr:postcode": null, "addr:state": "MI", "addr:street": "Esch Avenue", "operator": "City of Ann Arbor", "operator:type": "government", "operator:wikidata": "Q485172", "landuse": null, "ele": null, "website": null, "wikidata": "Q49487390", "wikipedia": null, "note": null, "old_name": null, "short_name": null, "gnis:feature_id": "2647579", "name:en": null, "name:zh": null, "opening_hours": null, "email": null, "fax": null, "layer": null, "phone": null, "source": null, "artist_name": null, "artwork_type": null, "description": null, "material": null, "start_date": null, "tourism": null, "wheelchair": null, "localwiki": null, "operator:wikipedia": "en:Ann Arbor, Michigan", "check_date:opening_hours": null, "addr:country": null, "owner": null, "ownership": null, "access": null, "type": null, "dog": null, "smoking": null, "loc_name": null }, "geometry": { "type": "Polygon", "coordinates": [ [ [ -83.7265119, 42.2491422 ], [ -83.7253638, 42.2478903 ], [ -83.7252816, 42.2478006 ], [ -83.7252154, 42.2477284 ], [ -83.7253107, 42.2475635 ], [ -83.7254565, 42.2473114 ], [ -83.7256698, 42.2471684 ], [ -83.7257369, 42.2471247 ], [ -83.7274776, 42.2486784 ], [ -83.7265119, 42.2491422 ] ] ] } },
{ "type": "Feature", "properties": { "index": 17, "element": "way", "id": 458841947, "leisure": "park", "name": "The Ponds Park", "addr:city": null, "addr:housenumber": null, "addr:postcode": null, "addr:state": null, "addr:street": null, "operator": null, "operator:type": null, "operator:wikidata": null, "landuse": null, "ele": null, "website": null, "wikidata": null, "wikipedia": null, "note": null, "old_name": null, "short_name": null, "gnis:feature_id": null, "name:en": null, "name:zh": null, "opening_hours": null, "email": null, "fax": null, "layer": null, "phone": null, "source": null, "artist_name": null, "artwork_type": null, "description": null, "material": null, "start_date": null, "tourism": null, "wheelchair": null, "localwiki": null, "operator:wikipedia": null, "check_date:opening_hours": null, "addr:country": null, "owner": null, "ownership": null, "access": null, "type": null, "dog": null, "smoking": null, "loc_name": null }, "geometry": { "type": "Polygon", "coordinates": [ [ [ -83.7199882, 42.2506501 ], [ -83.7194853, 42.2506551 ], [ -83.7194753, 42.2503484 ], [ -83.7194692, 42.2501508 ], [ -83.7199443, 42.2501429 ], [ -83.7199709, 42.2501428 ], [ -83.7199721, 42.2501022 ], [ -83.720015, 42.2501032 ], [ -83.7200164, 42.2502303 ], [ -83.7202013, 42.2504075 ], [ -83.720212, 42.2509187 ], [ -83.7207081, 42.2511556 ], [ -83.720741, 42.2518113 ], [ -83.7200204, 42.2518265 ], [ -83.7199882, 42.2506501 ] ] ] } },
{ "type": "Feature", "properties": { "index": 18, "element": "way", "id": 328697514, "leisure": "park", "name": "Woodbury Park", "addr:city": null, "addr:housenumber": null, "addr:postcode": null, "addr:state": null, "addr:street": null, "operator": null, "operator:type": null, "operator:wikidata": null, "landuse": null, "ele": null, "website": null, "wikidata": null, "wikipedia": null, "note": null, "old_name": null, "short_name": null, "gnis:feature_id": null, "name:en": null, "name:zh": null, "opening_hours": null, "email": null, "fax": null, "layer": null, "phone": null, "source": null, "artist_name": null, "artwork_type": null, "description": null, "material": null, "start_date": null, "tourism": null, "wheelchair": null, "localwiki": null, "operator:wikipedia": null, "check_date:opening_hours": null, "addr:country": null, "owner": null, "ownership": null, "access": null, "type": null, "dog": null, "smoking": null, "loc_name": null }, "geometry": { "type": "Polygon", "coordinates": [ [ [ -83.7320313, 42.2571212 ], [ -83.7319495, 42.257152 ], [ -83.7318865, 42.2571927 ], [ -83.7317095, 42.2570905 ], [ -83.731429, 42.2570305 ], [ -83.7303355, 42.2570665 ], [ -83.7303092, 42.2566742 ], [ -83.7320875, 42.2564131 ], [ -83.7321049, 42.257102 ], [ -83.7320313, 42.2571212 ] ] ] } },
{ "type": "Feature", "properties": { "index": 19, "element": "way", "id": 458841937, "leisure": "park", "name": "Dr. Harold J. Lockett Park", "addr:city": null, "addr:housenumber": null, "addr:postcode": null, "addr:state": null, "addr:street": null, "operator": null, "operator:type": null, "operator:wikidata": null, "landuse": null, "ele": null, "website": null, "wikidata": "Q49581879", "wikipedia": null, "note": null, "old_name": "Winchell Park", "short_name": null, "gnis:feature_id": "2647588", "name:en": null, "name:zh": null, "opening_hours": null, "email": null, "fax": null, "layer": null, "phone": null, "source": null, "artist_name": null, "artwork_type": null, "description": null, "material": null, "start_date": null, "tourism": null, "wheelchair": null, "localwiki": null, "operator:wikipedia": null, "check_date:opening_hours": null, "addr:country": null, "owner": null, "ownership": null, "access": null, "type": null, "dog": null, "smoking": null, "loc_name": null }, "geometry": { "type": "Polygon", "coordinates": [ [ [ -83.7182019, 42.2591084 ], [ -83.7180731, 42.2591084 ], [ -83.7179605, 42.2590846 ], [ -83.7178371, 42.2590528 ], [ -83.7172792, 42.258767 ], [ -83.7174079, 42.2586121 ], [ -83.7174884, 42.2584652 ], [ -83.7175152, 42.2582865 ], [ -83.7175045, 42.2581357 ], [ -83.7174294, 42.257957 ], [ -83.7188563, 42.2579252 ], [ -83.7188885, 42.2590568 ], [ -83.7182019, 42.2591084 ] ] ] } },
{ "type": "Feature", "properties": { "index": 20, "element": "way", "id": 242972341, "leisure": "park", "name": "Sheffler Park", "addr:city": null, "addr:housenumber": null, "addr:postcode": null, "addr:state": null, "addr:street": null, "operator": null, "operator:type": null, "operator:wikidata": null, "landuse": null, "ele": null, "website": null, "wikidata": "Q49558347", "wikipedia": null, "note": null, "old_name": null, "short_name": null, "gnis:feature_id": "2647625", "name:en": null, "name:zh": null, "opening_hours": null, "email": null, "fax": null, "layer": null, "phone": null, "source": null, "artist_name": null, "artwork_type": null, "description": null, "material": null, "start_date": null, "tourism": null, "wheelchair": null, "localwiki": null, "operator:wikipedia": null, "check_date:opening_hours": null, "addr:country": null, "owner": null, "ownership": null, "access": null, "type": null, "dog": null, "smoking": null, "loc_name": null }, "geometry": { "type": "Polygon", "coordinates": [ [ [ -83.6980992, 42.2515041 ], [ -83.6991776, 42.2514876 ], [ -83.6992743, 42.2514844 ], [ -83.6993232, 42.2514773 ], [ -83.6993687, 42.2514678 ], [ -83.6994365, 42.2514468 ], [ -83.6994938, 42.2514187 ], [ -83.6995643, 42.2513744 ], [ -83.6999065, 42.2510377 ], [ -83.7000039, 42.2509583 ], [ -83.7000237, 42.2509449 ], [ -83.7000465, 42.2509375 ], [ -83.7000737, 42.2509364 ], [ -83.7000945, 42.2509458 ], [ -83.7001057, 42.2509582 ], [ -83.7001157, 42.2509759 ], [ -83.7001228, 42.2510042 ], [ -83.7001395, 42.2518565 ], [ -83.70013, 42.2519572 ], [ -83.7001037, 42.2520931 ], [ -83.7000564, 42.2522237 ], [ -83.7000037, 42.2523392 ], [ -83.6999463, 42.2524387 ], [ -83.6998498, 42.2525699 ], [ -83.6997206, 42.2527086 ], [ -83.6991785, 42.2524211 ], [ -83.6982257, 42.2524737 ], [ -83.6980679, 42.252478 ], [ -83.6971194, 42.2528147 ], [ -83.6968932, 42.2525135 ], [ -83.6976242, 42.2524957 ], [ -83.6976161, 42.2522515 ], [ -83.6978681, 42.2522428 ], [ -83.6978668, 42.2519816 ], [ -83.6978645, 42.2514991 ], [ -83.6980992, 42.2515041 ] ] ] } },
{ "type": "Feature", "properties": { "index": 21, "element": "way", "id": 192787288, "leisure": "park", "name": "Nelson Meade County Farm Park", "addr:city": "Ann Arbor", "addr:housenumber": "2230", "addr:postcode": null, "addr:state": "MI", "addr:street": "Platt Road", "operator": null, "operator:type": null, "operator:wikidata": null, "landuse": null, "ele": null, "website": null, "wikidata": "Q14754862", "wikipedia": "en:County Farm Park", "note": null, "old_name": null, "short_name": null, "gnis:feature_id": "2647623", "name:en": null, "name:zh": null, "opening_hours": "08:00-21:00", "email": null, "fax": null, "layer": null, "phone": null, "source": null, "artist_name": null, "artwork_type": null, "description": null, "material": null, "start_date": null, "tourism": null, "wheelchair": null, "localwiki": null, "operator:wikipedia": null, "check_date:opening_hours": null, "addr:country": null, "owner": null, "ownership": null, "access": null, "type": null, "dog": null, "smoking": null, "loc_name": null }, "geometry": { "type": "Polygon", "coordinates": [ [ [ -83.700581, 42.2568308 ], [ -83.7004696, 42.2546259 ], [ -83.703406, 42.2545359 ], [ -83.7033987, 42.2544187 ], [ -83.7032691, 42.2523342 ], [ -83.7094916, 42.2521552 ], [ -83.7095041, 42.2526248 ], [ -83.7101742, 42.2526012 ], [ -83.7101932, 42.2537675 ], [ -83.7102574, 42.255629 ], [ -83.7103107, 42.2571742 ], [ -83.7098016, 42.257194 ], [ -83.7098271, 42.2578771 ], [ -83.7103448, 42.2578572 ], [ -83.7103501, 42.2581351 ], [ -83.7102938, 42.2581351 ], [ -83.7102911, 42.2581876 ], [ -83.7091627, 42.2583931 ], [ -83.709056, 42.2588838 ], [ -83.7044742, 42.2582978 ], [ -83.7027903, 42.2580278 ], [ -83.7022409, 42.2579212 ], [ -83.7020333, 42.2578857 ], [ -83.7006215, 42.2575819 ], [ -83.700581, 42.2568308 ] ] ] } },
{ "type": "Feature", "properties": { "index": 22, "element": "way", "id": 458679939, "leisure": "park", "name": "Manchester Park", "addr:city": null, "addr:housenumber": null, "addr:postcode": null, "addr:state": null, "addr:street": null, "operator": null, "operator:type": null, "operator:wikidata": null, "landuse": null, "ele": null, "website": null, "wikidata": null, "wikipedia": null, "note": null, "old_name": null, "short_name": null, "gnis:feature_id": null, "name:en": null, "name:zh": null, "opening_hours": null, "email": null, "fax": null, "layer": null, "phone": null, "source": null, "artist_name": null, "artwork_type": null, "description": null, "material": null, "start_date": null, "tourism": null, "wheelchair": null, "localwiki": null, "operator:wikipedia": null, "check_date:opening_hours": null, "addr:country": null, "owner": null, "ownership": null, "access": null, "type": null, "dog": null, "smoking": null, "loc_name": null }, "geometry": { "type": "Polygon", "coordinates": [ [ [ -83.7101335, 42.2590267 ], [ -83.7096703, 42.2589674 ], [ -83.7095031, 42.258949 ], [ -83.7093858, 42.2589311 ], [ -83.709322, 42.2589182 ], [ -83.7092951, 42.2589124 ], [ -83.7092114, 42.25888 ], [ -83.7092963, 42.2585672 ], [ -83.7093149, 42.2585372 ], [ -83.709347, 42.2585094 ], [ -83.7093731, 42.258497 ], [ -83.7094179, 42.2584861 ], [ -83.7097592, 42.2584209 ], [ -83.7097991, 42.2584177 ], [ -83.7098391, 42.2584161 ], [ -83.7098823, 42.258416 ], [ -83.7098947, 42.2584251 ], [ -83.7100282, 42.2584096 ], [ -83.710145, 42.2583764 ], [ -83.7102661, 42.2583311 ], [ -83.7102999, 42.258318 ], [ -83.710315, 42.2583174 ], [ -83.7103312, 42.2583209 ], [ -83.7103464, 42.2583267 ], [ -83.7103546, 42.2583324 ], [ -83.7103616, 42.2583398 ], [ -83.7103677, 42.2583512 ], [ -83.7103684, 42.2583646 ], [ -83.7103662, 42.2583947 ], [ -83.7103616, 42.2585572 ], [ -83.7103649, 42.2590397 ], [ -83.7103122, 42.2590489 ], [ -83.7101335, 42.2590267 ] ] ] } },
{ "type": "Feature", "properties": { "index": 23, "element": "way", "id": 458848405, "leisure": "park", "name": "Bader Park", "addr:city": null, "addr:housenumber": null, "addr:postcode": null, "addr:state": null, "addr:street": null, "operator": null, "operator:type": null, "operator:wikidata": null, "landuse": null, "ele": null, "website": null, "wikidata": "Q34813714", "wikipedia": null, "note": null, "old_name": null, "short_name": null, "gnis:feature_id": null, "name:en": null, "name:zh": null, "opening_hours": null, "email": null, "fax": null, "layer": null, "phone": null, "source": null, "artist_name": null, "artwork_type": null, "description": null, "material": null, "start_date": null, "tourism": null, "wheelchair": null, "localwiki": null, "operator:wikipedia": null, "check_date:opening_hours": null, "addr:country": null, "owner": "City of Ann Arbor", "ownership": "municipal", "access": null, "type": null, "dog": null, "smoking": null, "loc_name": null }, "geometry": { "type": "Polygon", "coordinates": [ [ [ -83.7033714, 42.2639917 ], [ -83.7033781, 42.2640334 ], [ -83.703303, 42.2640155 ], [ -83.703303, 42.263952 ], [ -83.7031447, 42.2634677 ], [ -83.7032011, 42.2630171 ], [ -83.7034559, 42.2629476 ], [ -83.7034639, 42.2627868 ], [ -83.7039226, 42.2633029 ], [ -83.7040057, 42.2632573 ], [ -83.7042579, 42.2635808 ], [ -83.7033714, 42.2639917 ] ] ] } },
{ "type": "Feature", "properties": { "index": 24, "element": "way", "id": 458848401, "leisure": "park", "name": "Devonshire Park", "addr:city": null, "addr:housenumber": null, "addr:postcode": null, "addr:state": null, "addr:street": null, "operator": null, "operator:type": null, "operator:wikidata": null, "landuse": null, "ele": null, "website": null, "wikidata": null, "wikipedia": null, "note": null, "old_name": null, "short_name": null, "gnis:feature_id": null, "name:en": null, "name:zh": null, "opening_hours": null, "email": null, "fax": null, "layer": null, "phone": null, "source": null, "artist_name": null, "artwork_type": null, "description": null, "material": null, "start_date": null, "tourism": null, "wheelchair": null, "localwiki": null, "operator:wikipedia": null, "check_date:opening_hours": null, "addr:country": null, "owner": null, "ownership": null, "access": null, "type": null, "dog": null, "smoking": null, "loc_name": null }, "geometry": { "type": "Polygon", "coordinates": [ [ [ -83.7021209, 42.2736819 ], [ -83.7022872, 42.2736918 ], [ -83.7026354, 42.2745089 ], [ -83.702516, 42.2745486 ], [ -83.7023815, 42.2745698 ], [ -83.7022555, 42.2745701 ], [ -83.7019712, 42.2745063 ], [ -83.7015576, 42.2744023 ], [ -83.7021209, 42.2736819 ] ] ] } },
{ "type": "Feature", "properties": { "index": 25, "element": "way", "id": 218719815, "leisure": "park", "name": "Gallup Park", "addr:city": null, "addr:housenumber": null, "addr:postcode": null, "addr:state": null, "addr:street": null, "operator": null, "operator:type": null, "operator:wikidata": null, "landuse": null, "ele": "228", "website": null, "wikidata": "Q34879633", "wikipedia": null, "note": null, "old_name": null, "short_name": null, "gnis:feature_id": "626616", "name:en": null, "name:zh": null, "opening_hours": null, "email": null, "fax": null, "layer": null, "phone": null, "source": null, "artist_name": null, "artwork_type": null, "description": null, "material": null, "start_date": null, "tourism": null, "wheelchair": null, "localwiki": null, "operator:wikipedia": null, "check_date:opening_hours": null, "addr:country": null, "owner": null, "ownership": null, "access": null, "type": null, "dog": null, "smoking": null, "loc_name": null }, "geometry": { "type": "Polygon", "coordinates": [ [ [ -83.6901984, 42.271146 ], [ -83.6910045, 42.2714974 ], [ -83.6917911, 42.2718552 ], [ -83.6925993, 42.2722336 ], [ -83.6934895, 42.272677 ], [ -83.6940325, 42.2728942 ], [ -83.69453, 42.2731274 ], [ -83.6950984, 42.2733094 ], [ -83.6957947, 42.27349 ], [ -83.696151, 42.2735802 ], [ -83.6965282, 42.2736638 ], [ -83.6974313, 42.2738761 ], [ -83.6983243, 42.2740993 ], [ -83.7007591, 42.2746744 ], [ -83.7018035, 42.2749501 ], [ -83.7019466, 42.2747079 ], [ -83.7021289, 42.2747278 ], [ -83.7023087, 42.2747298 ], [ -83.7024884, 42.274706 ], [ -83.7026627, 42.2746623 ], [ -83.7029551, 42.2745452 ], [ -83.7029751, 42.2745534 ], [ -83.7030033, 42.274565 ], [ -83.7027646, 42.2749917 ], [ -83.7026095, 42.2752345 ], [ -83.7032111, 42.2754994 ], [ -83.7036082, 42.2756954 ], [ -83.7040827, 42.2759282 ], [ -83.7043429, 42.2761062 ], [ -83.7061893, 42.2771558 ], [ -83.7071768, 42.2777151 ], [ -83.7081683, 42.2782896 ], [ -83.7090771, 42.278817 ], [ -83.7099257, 42.2794373 ], [ -83.7103262, 42.2797587 ], [ -83.7104505, 42.2798788 ], [ -83.7106333, 42.2800555 ], [ -83.7108895, 42.2803035 ], [ -83.7110051, 42.280412 ], [ -83.7110707, 42.2804736 ], [ -83.7115169, 42.2808926 ], [ -83.7116411, 42.2810074 ], [ -83.7121711, 42.2814715 ], [ -83.7128081, 42.2819446 ], [ -83.7132974, 42.2822534 ], [ -83.7138112, 42.2825407 ], [ -83.7142485, 42.2827602 ], [ -83.7147334, 42.2829625 ], [ -83.7152516, 42.2831603 ], [ -83.7157955, 42.2833408 ], [ -83.7163479, 42.2834959 ], [ -83.7170554, 42.2836782 ], [ -83.7176624, 42.2838206 ], [ -83.7183808, 42.2839625 ], [ -83.7182482, 42.2840425 ], [ -83.7178808, 42.2841317 ], [ -83.717353, 42.2840447 ], [ -83.7159838, 42.2839176 ], [ -83.7153307, 42.2836768 ], [ -83.7152198, 42.2836389 ], [ -83.7150983, 42.2835852 ], [ -83.7148723, 42.2834404 ], [ -83.7146561, 42.2833193 ], [ -83.7145062, 42.2832544 ], [ -83.7141218, 42.2830509 ], [ -83.7140618, 42.2830317 ], [ -83.7140301, 42.2830024 ], [ -83.7140438, 42.2829483 ], [ -83.7139621, 42.2828701 ], [ -83.7139416, 42.2828428 ], [ -83.7139224, 42.2828051 ], [ -83.7138929, 42.2827959 ], [ -83.7138678, 42.2827992 ], [ -83.7138453, 42.2828125 ], [ -83.7137978, 42.2828291 ], [ -83.7137678, 42.2828107 ], [ -83.7137531, 42.2827769 ], [ -83.7137728, 42.2827515 ], [ -83.7137566, 42.2827044 ], [ -83.7136145, 42.2826863 ], [ -83.7135379, 42.2826845 ], [ -83.7134625, 42.2826624 ], [ -83.713427, 42.2826356 ], [ -83.7133837, 42.2825433 ], [ -83.7133133, 42.2825014 ], [ -83.7132664, 42.2825346 ], [ -83.7131743, 42.2825213 ], [ -83.7131393, 42.2824461 ], [ -83.7130603, 42.2823843 ], [ -83.7130428, 42.282387 ], [ -83.7129909, 42.2824632 ], [ -83.7129721, 42.2824696 ], [ -83.7129579, 42.2824618 ], [ -83.7129424, 42.2824355 ], [ -83.7129176, 42.2823655 ], [ -83.7128892, 42.2823528 ], [ -83.7127614, 42.2823206 ], [ -83.7127015, 42.2822868 ], [ -83.7126511, 42.2822801 ], [ -83.7126123, 42.2822543 ], [ -83.7125751, 42.2822335 ], [ -83.7125192, 42.2822277 ], [ -83.7122359, 42.2820993 ], [ -83.7121476, 42.2820904 ], [ -83.7121439, 42.2820125 ], [ -83.7121036, 42.2819906 ], [ -83.7120952, 42.2819362 ], [ -83.7120108, 42.2819417 ], [ -83.7119343, 42.2819716 ], [ -83.7116429, 42.2817247 ], [ -83.7114707, 42.281634 ], [ -83.711335, 42.28153 ], [ -83.7110401, 42.2813516 ], [ -83.7107013, 42.2810514 ], [ -83.7104686, 42.2807792 ], [ -83.7102367, 42.2804492 ], [ -83.7099458, 42.280031 ], [ -83.7097841, 42.279643 ], [ -83.7095009, 42.2792379 ], [ -83.7092637, 42.2790244 ], [ -83.7088483, 42.2787299 ], [ -83.7084437, 42.2784764 ], [ -83.7082193, 42.2783493 ], [ -83.707827, 42.2781592 ], [ -83.707329, 42.2778594 ], [ -83.7069444, 42.2776506 ], [ -83.7064895, 42.2774537 ], [ -83.7061977, 42.2773394 ], [ -83.7059145, 42.2771108 ], [ -83.7050648, 42.2766218 ], [ -83.7044387, 42.2763082 ], [ -83.7040851, 42.2761061 ], [ -83.70356, 42.2758616 ], [ -83.7029335, 42.2756842 ], [ -83.7024191, 42.2756355 ], [ -83.7022323, 42.2759041 ], [ -83.7023313, 42.2759653 ], [ -83.7023697, 42.2760756 ], [ -83.7023869, 42.2761804 ], [ -83.7024127, 42.2762307 ], [ -83.702404, 42.2762852 ], [ -83.7030854, 42.2764269 ], [ -83.7027918, 42.2768429 ], [ -83.7022199, 42.27676 ], [ -83.7020436, 42.2770363 ], [ -83.7019185, 42.2771579 ], [ -83.7015609, 42.277392 ], [ -83.7015941, 42.2774787 ], [ -83.701674, 42.2775646 ], [ -83.7035962, 42.2789196 ], [ -83.704003, 42.2793532 ], [ -83.7039545, 42.2793978 ], [ -83.703681012617778, 42.279152118161363 ], [ -83.703456, 42.2788906 ], [ -83.7030551, 42.2785618 ], [ -83.7025302, 42.2781899 ], [ -83.702495315949946, 42.27822540451735 ], [ -83.7024739, 42.278209 ], [ -83.702464112560989, 42.278232489853629 ], [ -83.70212069789298, 42.278034918457024 ], [ -83.7013192, 42.2774896 ], [ -83.7009752, 42.2778741 ], [ -83.7005016, 42.2777004 ], [ -83.6991694, 42.2775085 ], [ -83.6985161, 42.2774382 ], [ -83.6976414, 42.2773276 ], [ -83.6971877, 42.277289 ], [ -83.696918, 42.2772551 ], [ -83.695067, 42.2769669 ], [ -83.694017, 42.2768033 ], [ -83.6930002, 42.2766164 ], [ -83.6923156, 42.2764164 ], [ -83.6920206, 42.2762061 ], [ -83.6916242, 42.2760398 ], [ -83.691086116978298, 42.275591943903471 ], [ -83.6911489, 42.2755116 ], [ -83.690835, 42.275272 ], [ -83.690716, 42.275185 ], [ -83.690254, 42.274657 ], [ -83.689629, 42.274206 ], [ -83.689324, 42.273942 ], [ -83.689025, 42.273623 ], [ -83.688951, 42.273425 ], [ -83.688474, 42.272831 ], [ -83.687893, 42.272204 ], [ -83.687788, 42.272072 ], [ -83.687581, 42.272034 ], [ -83.687522298707293, 42.272018851279299 ], [ -83.6875464, 42.271995 ], [ -83.6875807, 42.271952 ], [ -83.6886625, 42.2705947 ], [ -83.6880295, 42.270247 ], [ -83.6873895, 42.2700596 ], [ -83.6869094, 42.2698429 ], [ -83.6866432, 42.2696711 ], [ -83.6863108, 42.2695086 ], [ -83.6860772, 42.2694329 ], [ -83.6858387, 42.2693752 ], [ -83.6854194, 42.2694757 ], [ -83.6852176, 42.2695421 ], [ -83.6850241, 42.269585 ], [ -83.6848334, 42.2696142 ], [ -83.6847124, 42.2695684 ], [ -83.6846384, 42.2694225 ], [ -83.6845721, 42.2692516 ], [ -83.6844106, 42.2690676 ], [ -83.6842667, 42.2689675 ], [ -83.6841352, 42.2689174 ], [ -83.6838295, 42.2688286 ], [ -83.6835065, 42.2687652 ], [ -83.6827292, 42.2686818 ], [ -83.6823711, 42.2686956 ], [ -83.6816633, 42.2688048 ], [ -83.6812841, 42.2688444 ], [ -83.6809045, 42.268863 ], [ -83.680397, 42.2688481 ], [ -83.6801308, 42.2688345 ], [ -83.6798646, 42.2688429 ], [ -83.6790653, 42.2690123 ], [ -83.6779676, 42.2692186 ], [ -83.676835, 42.2694578 ], [ -83.675835606732804, 42.269628477771377 ], [ -83.675835, 42.26961 ], [ -83.675829655859118, 42.269552639554483 ], [ -83.6762657, 42.2694783 ], [ -83.6766697, 42.2694129 ], [ -83.6770434, 42.2693312 ], [ -83.6778028, 42.2691662 ], [ -83.6784027, 42.2690449 ], [ -83.6791659, 42.2689032 ], [ -83.6797466, 42.2688174 ], [ -83.6803568, 42.268737 ], [ -83.6810582, 42.2686765 ], [ -83.681541, 42.2686566 ], [ -83.6820909, 42.2686165 ], [ -83.6824077, 42.2686238 ], [ -83.6827265, 42.2686308 ], [ -83.6830888, 42.268663 ], [ -83.6834548, 42.2686979 ], [ -83.6837071, 42.2687302 ], [ -83.6839476, 42.2687621 ], [ -83.6841873, 42.268801 ], [ -83.6844449, 42.2688469 ], [ -83.6846827, 42.2688915 ], [ -83.6849196, 42.2689362 ], [ -83.6851747, 42.2690002 ], [ -83.6853811, 42.269062 ], [ -83.6856006, 42.2691346 ], [ -83.6858416, 42.2692075 ], [ -83.6860562, 42.2692756 ], [ -83.6864917, 42.2694235 ], [ -83.6868936, 42.2695982 ], [ -83.6873299, 42.2697915 ], [ -83.687684, 42.2699564 ], [ -83.6880372, 42.2701219 ], [ -83.6890396, 42.2705959 ], [ -83.6901984, 42.271146 ] ] ] } },
{ "type": "Feature", "properties": { "index": 26, "element": "way", "id": 458993128, "leisure": "park", "name": "Furstenberg Nature Area", "addr:city": null, "addr:housenumber": null, "addr:postcode": null, "addr:state": null, "addr:street": null, "operator": null, "operator:type": null, "operator:wikidata": null, "landuse": null, "ele": null, "website": null, "wikidata": null, "wikipedia": null, "note": null, "old_name": null, "short_name": null, "gnis:feature_id": null, "name:en": null, "name:zh": null, "opening_hours": null, "email": null, "fax": null, "layer": null, "phone": null, "source": null, "artist_name": null, "artwork_type": null, "description": null, "material": null, "start_date": null, "tourism": null, "wheelchair": null, "localwiki": null, "operator:wikipedia": null, "check_date:opening_hours": null, "addr:country": null, "owner": null, "ownership": null, "access": null, "type": null, "dog": null, "smoking": null, "loc_name": null }, "geometry": { "type": "Polygon", "coordinates": [ [ [ -83.7052967, 42.2801114 ], [ -83.7052842, 42.2801049 ], [ -83.7052913, 42.280099 ], [ -83.705545, 42.2798899 ], [ -83.7052247, 42.2798725 ], [ -83.7050971, 42.2799415 ], [ -83.7049543, 42.2799155 ], [ -83.704819, 42.2798582 ], [ -83.7047967, 42.2798482 ], [ -83.7039545, 42.2793978 ], [ -83.704003, 42.2793532 ], [ -83.7040861, 42.279175 ], [ -83.704361, 42.279093 ], [ -83.7044343, 42.2790352 ], [ -83.7044114, 42.2789823 ], [ -83.7042653, 42.2787958 ], [ -83.7044001, 42.2787407 ], [ -83.7045473, 42.2786997 ], [ -83.7046612, 42.2786527 ], [ -83.7046724, 42.2785956 ], [ -83.7046225, 42.2785208 ], [ -83.7047126, 42.2784466 ], [ -83.704862, 42.2782902 ], [ -83.7049212, 42.2781222 ], [ -83.7049883, 42.2780196 ], [ -83.7046884, 42.2780768 ], [ -83.7044939, 42.2780487 ], [ -83.7042949, 42.2780337 ], [ -83.704124, 42.2780012 ], [ -83.7039313, 42.2779629 ], [ -83.7038426, 42.2779632 ], [ -83.7036566, 42.2779085 ], [ -83.7035379, 42.2778978 ], [ -83.7033898, 42.2777218 ], [ -83.7031435, 42.2775736 ], [ -83.7028979, 42.2774694 ], [ -83.702749, 42.2773155 ], [ -83.7027549, 42.277095 ], [ -83.7027594, 42.2770882 ], [ -83.7029018, 42.2768742 ], [ -83.7029877, 42.2766472 ], [ -83.7031593, 42.2765396 ], [ -83.7034072, 42.2765114 ], [ -83.703743, 42.276571 ], [ -83.7042923, 42.2767869 ], [ -83.7050023, 42.2770845 ], [ -83.7057024, 42.2775163 ], [ -83.7061297, 42.2777724 ], [ -83.706618, 42.2779835 ], [ -83.7070307, 42.2781122 ], [ -83.7074547, 42.2783406 ], [ -83.7078884, 42.278611 ], [ -83.7082987, 42.2788416 ], [ -83.7086834, 42.2792174 ], [ -83.7088207, 42.2794655 ], [ -83.7091919, 42.2799394 ], [ -83.7093623, 42.2801272 ], [ -83.7093694, 42.2801351 ], [ -83.7095362, 42.2803801 ], [ -83.7097534, 42.2806381 ], [ -83.7099488, 42.2808991 ], [ -83.7102197, 42.2812451 ], [ -83.71054, 42.2815413 ], [ -83.7108141, 42.2818046 ], [ -83.7110489, 42.2821105 ], [ -83.7113242, 42.282318 ], [ -83.7116655, 42.2823626 ], [ -83.7116979, 42.2834176 ], [ -83.7052967, 42.2801114 ] ] ] } },
{ "type": "Feature", "properties": { "index": 27, "element": "way", "id": 546423991, "leisure": "park", "name": "Geddes Lake Picnic Park", "addr:city": null, "addr:housenumber": null, "addr:postcode": null, "addr:state": null, "addr:street": null, "operator": null, "operator:type": null, "operator:wikidata": null, "landuse": "grass", "ele": null, "website": null, "wikidata": null, "wikipedia": null, "note": null, "old_name": null, "short_name": null, "gnis:feature_id": null, "name:en": null, "name:zh": null, "opening_hours": null, "email": null, "fax": null, "layer": null, "phone": null, "source": null, "artist_name": null, "artwork_type": null, "description": null, "material": null, "start_date": null, "tourism": null, "wheelchair": null, "localwiki": null, "operator:wikipedia": null, "check_date:opening_hours": null, "addr:country": null, "owner": null, "ownership": null, "access": null, "type": null, "dog": null, "smoking": null, "loc_name": null }, "geometry": { "type": "Polygon", "coordinates": [ [ [ -83.6963551, 42.282544 ], [ -83.6971276, 42.2822345 ], [ -83.6974066, 42.282413 ], [ -83.6974575, 42.2827802 ], [ -83.6967655, 42.2828853 ], [ -83.6964919, 42.2826869 ], [ -83.6963551, 42.282544 ] ] ] } },
{ "type": "Feature", "properties": { "index": 28, "element": "way", "id": 458993154, "leisure": "park", "name": "Narrow Gage Way Park", "addr:city": null, "addr:housenumber": null, "addr:postcode": null, "addr:state": null, "addr:street": null, "operator": null, "operator:type": null, "operator:wikidata": null, "landuse": null, "ele": null, "website": null, "wikidata": null, "wikipedia": null, "note": null, "old_name": null, "short_name": null, "gnis:feature_id": null, "name:en": null, "name:zh": null, "opening_hours": null, "email": null, "fax": null, "layer": null, "phone": null, "source": null, "artist_name": null, "artwork_type": null, "description": null, "material": null, "start_date": null, "tourism": null, "wheelchair": null, "localwiki": null, "operator:wikipedia": null, "check_date:opening_hours": null, "addr:country": null, "owner": null, "ownership": null, "access": null, "type": null, "dog": null, "smoking": null, "loc_name": null }, "geometry": { "type": "MultiPolygon", "coordinates": [ [ [ [ -83.6939786, 42.2835248 ], [ -83.6943702, 42.2834058 ], [ -83.6944453, 42.2835923 ], [ -83.6944614, 42.2838423 ], [ -83.6934385, 42.2838607 ], [ -83.6922566, 42.283882 ], [ -83.6922727, 42.2844337 ], [ -83.691190889465432, 42.284444464283929 ], [ -83.6914982, 42.2841041 ], [ -83.6920652, 42.2841321 ], [ -83.6920902, 42.2837781 ], [ -83.6925232, 42.2837531 ], [ -83.6927682, 42.2837471 ], [ -83.6936052, 42.2837251 ], [ -83.693611957546295, 42.283531158421049 ], [ -83.6939786, 42.2835248 ] ] ], [ [ [ -83.6935897, 42.2829236 ], [ -83.6935387, 42.2829355 ], [ -83.6935146, 42.2830982 ], [ -83.693516075088908, 42.283335634680896 ], [ -83.6934622, 42.2829781 ], [ -83.693608325513509, 42.28278174384122 ], [ -83.6935897, 42.2829236 ] ] ], [ [ [ -83.6936245, 42.280707 ], [ -83.693646, 42.2815325 ], [ -83.6936621, 42.2816277 ], [ -83.6936353, 42.282227 ], [ -83.693587, 42.2825684 ], [ -83.6936353, 42.2825763 ], [ -83.693622505502006, 42.282673745814755 ], [ -83.692297901687638, 42.28073647169844 ], [ -83.6936245, 42.280707 ] ] ] ] } },
{ "type": "Feature", "properties": { "index": 29, "element": "way", "id": 283124190, "leisure": "park", "name": "Earhart Park", "addr:city": null, "addr:housenumber": null, "addr:postcode": null, "addr:state": null, "addr:street": null, "operator": null, "operator:type": null, "operator:wikidata": null, "landuse": null, "ele": null, "website": "https://www.a2gov.org/government/communityservices/Parks-Recreation/parks-places/Pages/Earhart.aspx", "wikidata": null, "wikipedia": null, "note": null, "old_name": null, "short_name": null, "gnis:feature_id": null, "name:en": null, "name:zh": null, "opening_hours": null, "email": null, "fax": null, "layer": null, "phone": null, "source": null, "artist_name": null, "artwork_type": null, "description": null, "material": null, "start_date": null, "tourism": null, "wheelchair": null, "localwiki": null, "operator:wikipedia": null, "check_date:opening_hours": null, "addr:country": null, "owner": null, "ownership": null, "access": null, "type": null, "dog": null, "smoking": null, "loc_name": null }, "geometry": { "type": "Polygon", "coordinates": [ [ [ -83.6825312, 42.2848192 ], [ -83.6825497, 42.2844733 ], [ -83.6825823, 42.2842023 ], [ -83.6843379, 42.2843165 ], [ -83.6843431, 42.2848008 ], [ -83.6825312, 42.2848192 ] ] ] } },
{ "type": "Feature", "properties": { "index": 30, "element": "way", "id": 458841904, "leisure": "park", "name": "Iroquois Park", "addr:city": null, "addr:housenumber": null, "addr:postcode": null, "addr:state": null, "addr:street": null, "operator": "City of Ann Arbor", "operator:type": "public", "operator:wikidata": "Q485172", "landuse": null, "ele": null, "website": null, "wikidata": null, "wikipedia": null, "note": null, "old_name": null, "short_name": null, "gnis:feature_id": null, "name:en": null, "name:zh": null, "opening_hours": null, "email": null, "fax": null, "layer": null, "phone": null, "source": null, "artist_name": null, "artwork_type": null, "description": null, "material": null, "start_date": null, "tourism": null, "wheelchair": null, "localwiki": null, "operator:wikipedia": null, "check_date:opening_hours": null, "addr:country": null, "owner": null, "ownership": null, "access": null, "type": null, "dog": null, "smoking": null, "loc_name": null }, "geometry": { "type": "Polygon", "coordinates": [ [ [ -83.7318912, 42.2596802 ], [ -83.7318745, 42.2593339 ], [ -83.7321144, 42.259328 ], [ -83.7321311, 42.2596738 ], [ -83.7318912, 42.2596802 ] ] ] } },
{ "type": "Feature", "properties": { "index": 31, "element": "way", "id": 330459759, "leisure": "park", "name": "Frisinger Park", "addr:city": null, "addr:housenumber": null, "addr:postcode": null, "addr:state": null, "addr:street": null, "operator": "City of Ann Arbor", "operator:type": "public", "operator:wikidata": "Q485172", "landuse": null, "ele": null, "website": null, "wikidata": "Q49492188", "wikipedia": null, "note": null, "old_name": null, "short_name": null, "gnis:feature_id": "626506", "name:en": null, "name:zh": null, "opening_hours": null, "email": null, "fax": null, "layer": null, "phone": null, "source": null, "artist_name": null, "artwork_type": null, "description": null, "material": null, "start_date": null, "tourism": null, "wheelchair": null, "localwiki": null, "operator:wikipedia": null, "check_date:opening_hours": null, "addr:country": null, "owner": null, "ownership": null, "access": null, "type": null, "dog": null, "smoking": null, "loc_name": null }, "geometry": { "type": "Polygon", "coordinates": [ [ [ -83.7355371, 42.2593842 ], [ -83.7355456, 42.2594376 ], [ -83.7355611, 42.2595709 ], [ -83.7355693, 42.2601905 ], [ -83.7355531, 42.2604345 ], [ -83.7355022, 42.2606337 ], [ -83.7354918, 42.2606698 ], [ -83.7354763, 42.2606808 ], [ -83.7354532, 42.2606878 ], [ -83.7354301, 42.2606923 ], [ -83.7351776, 42.2606444 ], [ -83.7346014, 42.2605743 ], [ -83.7344199, 42.2605617 ], [ -83.7343743, 42.2592719 ], [ -83.7354723, 42.2592547 ], [ -83.7355371, 42.2593842 ] ] ] } },
{ "type": "Feature", "properties": { "index": 32, "element": "relation", "id": 6782088, "leisure": "park", "name": "Burns Park", "addr:city": null, "addr:housenumber": null, "addr:postcode": null, "addr:state": null, "addr:street": null, "operator": "City of Ann Arbor", "operator:type": "public", "operator:wikidata": "Q485172", "landuse": null, "ele": null, "website": null, "wikidata": "Q34910212", "wikipedia": null, "note": null, "old_name": null, "short_name": null, "gnis:feature_id": null, "name:en": null, "name:zh": null, "opening_hours": null, "email": null, "fax": null, "layer": null, "phone": null, "source": null, "artist_name": null, "artwork_type": null, "description": null, "material": null, "start_date": null, "tourism": null, "wheelchair": null, "localwiki": null, "operator:wikipedia": null, "check_date:opening_hours": null, "addr:country": null, "owner": null, "ownership": null, "access": null, "type": "multipolygon", "dog": null, "smoking": null, "loc_name": null }, "geometry": { "type": "MultiPolygon", "coordinates": [ [ [ [ -83.7270843, 42.2650231 ], [ -83.7295929, 42.2649494 ], [ -83.7295864, 42.2645758 ], [ -83.7299557, 42.2645652 ], [ -83.7299622, 42.2649316 ], [ -83.7298472, 42.264935 ], [ -83.7298646, 42.2658917 ], [ -83.7298826, 42.266877 ], [ -83.7293243, 42.2668816 ], [ -83.7272682, 42.2668986 ], [ -83.7271422, 42.2668996 ], [ -83.7270587, 42.266893 ], [ -83.7269755, 42.2668592 ], [ -83.7269058, 42.2667997 ], [ -83.7267452, 42.2666068 ], [ -83.7266862, 42.2665334 ], [ -83.7266285, 42.2664401 ], [ -83.7265802, 42.2663508 ], [ -83.7265346, 42.2662485 ], [ -83.7264877, 42.2660987 ], [ -83.7264636, 42.2659538 ], [ -83.7264622, 42.2658496 ], [ -83.7264549, 42.2654485 ], [ -83.7271084, 42.2654322 ], [ -83.7271003, 42.2652951 ], [ -83.7270843, 42.2650231 ] ] ], [ [ [ -83.72649, 42.2665556 ], [ -83.7267663, 42.266889 ], [ -83.7267854, 42.2669125 ], [ -83.7267939, 42.2669297 ], [ -83.7267931, 42.2669544 ], [ -83.726786, 42.2669758 ], [ -83.7267769, 42.2669895 ], [ -83.7267659, 42.2670016 ], [ -83.7267519, 42.2670121 ], [ -83.7267368, 42.2670225 ], [ -83.7267235, 42.2670298 ], [ -83.7267046, 42.2670363 ], [ -83.7266854, 42.2670407 ], [ -83.7266534, 42.2670432 ], [ -83.7263989, 42.2670458 ], [ -83.7263881, 42.2665575 ], [ -83.72649, 42.2665556 ] ] ] ] } },
{ "type": "Feature", "properties": { "index": 33, "element": "way", "id": 458841900, "leisure": "park", "name": "Postman's Rest Park", "addr:city": "Ann Arbor", "addr:housenumber": "1842", "addr:postcode": "48104", "addr:state": "MI", "addr:street": "Vinewood Boulevard", "operator": null, "operator:type": null, "operator:wikidata": null, "landuse": null, "ele": null, "website": null, "wikidata": null, "wikipedia": null, "note": null, "old_name": null, "short_name": null, "gnis:feature_id": null, "name:en": null, "name:zh": null, "opening_hours": null, "email": null, "fax": null, "layer": null, "phone": null, "source": null, "artist_name": null, "artwork_type": null, "description": null, "material": null, "start_date": null, "tourism": null, "wheelchair": null, "localwiki": null, "operator:wikipedia": null, "check_date:opening_hours": null, "addr:country": "US", "owner": null, "ownership": null, "access": null, "type": null, "dog": null, "smoking": null, "loc_name": null }, "geometry": { "type": "Polygon", "coordinates": [ [ [ -83.7227367, 42.270025 ], [ -83.722742, 42.2696121 ], [ -83.7229861, 42.269628 ], [ -83.7229807, 42.2700289 ], [ -83.7227367, 42.270025 ] ] ] } },
{ "type": "Feature", "properties": { "index": 34, "element": "way", "id": 458841902, "leisure": "park", "name": "Crary Park", "addr:city": "Ann Arbor", "addr:housenumber": "1805", "addr:postcode": "48104", "addr:state": "MI", "addr:street": "Washtenaw Avenue", "operator": null, "operator:type": null, "operator:wikidata": null, "landuse": null, "ele": null, "website": null, "wikidata": null, "wikipedia": null, "note": null, "old_name": null, "short_name": null, "gnis:feature_id": null, "name:en": null, "name:zh": null, "opening_hours": null, "email": null, "fax": null, "layer": null, "phone": null, "source": null, "artist_name": null, "artwork_type": null, "description": null, "material": null, "start_date": null, "tourism": null, "wheelchair": null, "localwiki": null, "operator:wikipedia": null, "check_date:opening_hours": null, "addr:country": "US", "owner": null, "ownership": null, "access": null, "type": null, "dog": null, "smoking": null, "loc_name": null }, "geometry": { "type": "Polygon", "coordinates": [ [ [ -83.7250407, 42.2710054 ], [ -83.7245579, 42.2713825 ], [ -83.724413, 42.2713309 ], [ -83.7241234, 42.2710094 ], [ -83.7246169, 42.2707752 ], [ -83.7252821, 42.2703862 ], [ -83.7255763, 42.2706231 ], [ -83.7250407, 42.2710054 ] ] ] } },
{ "type": "Feature", "properties": { "index": 35, "element": "way", "id": 410977758, "leisure": "park", "name": "Douglas Park", "addr:city": null, "addr:housenumber": null, "addr:postcode": null, "addr:state": null, "addr:street": null, "operator": "City of Ann Arbor", "operator:type": "public", "operator:wikidata": "Q485172", "landuse": null, "ele": "267", "website": null, "wikidata": "Q49483997", "wikipedia": null, "note": null, "old_name": null, "short_name": null, "gnis:feature_id": "624829", "name:en": null, "name:zh": null, "opening_hours": null, "email": null, "fax": null, "layer": null, "phone": null, "source": null, "artist_name": null, "artwork_type": null, "description": null, "material": null, "start_date": null, "tourism": null, "wheelchair": null, "localwiki": null, "operator:wikipedia": null, "check_date:opening_hours": null, "addr:country": null, "owner": null, "ownership": null, "access": null, "type": null, "dog": null, "smoking": null, "loc_name": null }, "geometry": { "type": "Polygon", "coordinates": [ [ [ -83.7260033, 42.27068 ], [ -83.727095, 42.2706721 ], [ -83.7271272, 42.2715573 ], [ -83.7260033, 42.27068 ] ] ] } },
{ "type": "Feature", "properties": { "index": 36, "element": "way", "id": 213212999, "leisure": "park", "name": "George Washington Park", "addr:city": null, "addr:housenumber": null, "addr:postcode": null, "addr:state": null, "addr:street": null, "operator": "City of Ann Arbor", "operator:type": "public", "operator:wikidata": "Q485172", "landuse": null, "ele": null, "website": null, "wikidata": null, "wikipedia": null, "note": null, "old_name": null, "short_name": null, "gnis:feature_id": null, "name:en": null, "name:zh": null, "opening_hours": null, "email": null, "fax": null, "layer": null, "phone": null, "source": null, "artist_name": null, "artwork_type": null, "description": null, "material": null, "start_date": null, "tourism": null, "wheelchair": null, "localwiki": null, "operator:wikipedia": null, "check_date:opening_hours": null, "addr:country": null, "owner": null, "ownership": null, "access": null, "type": null, "dog": null, "smoking": null, "loc_name": null }, "geometry": { "type": "Polygon", "coordinates": [ [ [ -83.728209, 42.2724784 ], [ -83.7282157, 42.2724655 ], [ -83.7286301, 42.2724526 ], [ -83.7286623, 42.2724605 ], [ -83.7286784, 42.2724823 ], [ -83.7286738, 42.2724928 ], [ -83.72866, 42.2725239 ], [ -83.7286194, 42.2725816 ], [ -83.7285836, 42.2726558 ], [ -83.7285662, 42.2727352 ], [ -83.7285604, 42.2727483 ], [ -83.7285487, 42.2727501 ], [ -83.728209, 42.2724784 ] ] ] } },
{ "type": "Feature", "properties": { "index": 37, "element": "way", "id": 458841890, "leisure": "park", "name": "South University Park", "addr:city": null, "addr:housenumber": null, "addr:postcode": null, "addr:state": null, "addr:street": null, "operator": null, "operator:type": null, "operator:wikidata": null, "landuse": null, "ele": null, "website": null, "wikidata": null, "wikipedia": null, "note": null, "old_name": null, "short_name": null, "gnis:feature_id": null, "name:en": null, "name:zh": null, "opening_hours": null, "email": null, "fax": null, "layer": null, "phone": null, "source": null, "artist_name": null, "artwork_type": null, "description": null, "material": null, "start_date": null, "tourism": null, "wheelchair": null, "localwiki": null, "operator:wikipedia": null, "check_date:opening_hours": null, "addr:country": null, "owner": null, "ownership": null, "access": null, "type": null, "dog": null, "smoking": null, "loc_name": null }, "geometry": { "type": "Polygon", "coordinates": [ [ [ -83.7292464, 42.2751696 ], [ -83.7298029, 42.2751591 ], [ -83.7298378, 42.2751991 ], [ -83.7296514, 42.2755464 ], [ -83.7295495, 42.2755206 ], [ -83.7292222, 42.2755305 ], [ -83.7292464, 42.2751696 ] ] ] } },
{ "type": "Feature", "properties": { "index": 38, "element": "relation", "id": 10391031, "leisure": "park", "name": "Nichols Arboretum", "addr:city": null, "addr:housenumber": null, "addr:postcode": null, "addr:state": null, "addr:street": null, "operator": "University of Michigan", "operator:type": null, "operator:wikidata": null, "landuse": "forest", "ele": "244", "website": null, "wikidata": "Q7026551", "wikipedia": "en:Nichols Arboretum", "note": null, "old_name": null, "short_name": null, "gnis:feature_id": "633387", "name:en": "Nichols Arboretum", "name:zh": "米歇尔球场", "opening_hours": "sunrise-sunset", "email": null, "fax": null, "layer": null, "phone": null, "source": null, "artist_name": null, "artwork_type": null, "description": null, "material": null, "start_date": null, "tourism": null, "wheelchair": null, "localwiki": null, "operator:wikipedia": null, "check_date:opening_hours": null, "addr:country": null, "owner": null, "ownership": null, "access": null, "type": "multipolygon", "dog": null, "smoking": null, "loc_name": "The Arb" }, "geometry": { "type": "MultiPolygon", "coordinates": [ [ [ [ -83.7255863, 42.2834189 ], [ -83.7250549, 42.2832708 ], [ -83.7245857, 42.2831667 ], [ -83.7242378, 42.2830795 ], [ -83.7239407, 42.2829923 ], [ -83.7235487, 42.2828668 ], [ -83.7230662, 42.2827907 ], [ -83.7222588, 42.2827662 ], [ -83.7217293, 42.2827925 ], [ -83.7212787, 42.2828426 ], [ -83.7205815, 42.2830154 ], [ -83.7201262, 42.2831739 ], [ -83.7200592, 42.2831813 ], [ -83.7199766, 42.2831904 ], [ -83.7195194, 42.2834248 ], [ -83.7191258, 42.2836294 ], [ -83.7188239, 42.2837517 ], [ -83.7187042, 42.2837451 ], [ -83.7168754, 42.2833918 ], [ -83.7157908, 42.2830753 ], [ -83.7155449, 42.2829742 ], [ -83.7146561, 42.2826427 ], [ -83.7137871, 42.2822017 ], [ -83.7130889, 42.2817626 ], [ -83.7124748, 42.2813154 ], [ -83.7118938, 42.2808067 ], [ -83.7116891, 42.2806303 ], [ -83.711289, 42.2802329 ], [ -83.7155588, 42.2800985 ], [ -83.7196352, 42.2799986 ], [ -83.7195273, 42.2781536 ], [ -83.7195115, 42.2779338 ], [ -83.7214855, 42.2779677 ], [ -83.7232933, 42.2779649 ], [ -83.7236397, 42.2765056 ], [ -83.7238871, 42.2765347 ], [ -83.7240429, 42.2756497 ], [ -83.7249302, 42.2757716 ], [ -83.7248125, 42.2761908 ], [ -83.7249297, 42.2766251 ], [ -83.7242559, 42.2772204 ], [ -83.7246101, 42.2774595 ], [ -83.7247423, 42.2775298 ], [ -83.724783, 42.2775865 ], [ -83.7248102, 42.2776385 ], [ -83.7248065, 42.2777162 ], [ -83.7251288, 42.2779718 ], [ -83.7252286, 42.2807146 ], [ -83.7262026, 42.2806806 ], [ -83.7261979, 42.2805901 ], [ -83.7264034, 42.2805843 ], [ -83.7264054, 42.2804154 ], [ -83.7269459, 42.2801713 ], [ -83.7269532, 42.2805261 ], [ -83.7268802, 42.280561 ], [ -83.726793, 42.2806308 ], [ -83.7265331, 42.2810213 ], [ -83.726319, 42.2811798 ], [ -83.7261843, 42.2813034 ], [ -83.7261098, 42.2814609 ], [ -83.7259962, 42.2815974 ], [ -83.7258313, 42.2816952 ], [ -83.7255814, 42.281687 ], [ -83.7254534, 42.2819071 ], [ -83.7254818, 42.28202 ], [ -83.7256121, 42.2820713 ], [ -83.7255989, 42.2821696 ], [ -83.7254179, 42.2821643 ], [ -83.7252334, 42.2821906 ], [ -83.7251163, 42.282335 ], [ -83.7251068, 42.2824711 ], [ -83.725464, 42.2824951 ], [ -83.7256134, 42.2826026 ], [ -83.7258472, 42.2826867 ], [ -83.7259561, 42.2826792 ], [ -83.7260028, 42.2827804 ], [ -83.726053, 42.2829387 ], [ -83.7260327, 42.2830713 ], [ -83.7261314, 42.2831095 ], [ -83.7262734, 42.2830788 ], [ -83.7263447, 42.2831616 ], [ -83.7264034, 42.2831788 ], [ -83.7265408, 42.2834636 ], [ -83.7267235, 42.2835949 ], [ -83.7267687, 42.2836727 ], [ -83.72592, 42.2837087 ], [ -83.7255863, 42.2834189 ] ] ], [ [ [ -83.7195447, 42.2838647 ], [ -83.719656, 42.2837345 ], [ -83.7199338, 42.283607 ], [ -83.7201499, 42.2836009 ], [ -83.7204213, 42.2836184 ], [ -83.7206087, 42.2836135 ], [ -83.7207507, 42.2835779 ], [ -83.7209287, 42.2835186 ], [ -83.7211067, 42.2834495 ], [ -83.7212535, 42.2833329 ], [ -83.7212313, 42.2832585 ], [ -83.7213644, 42.2831841 ], [ -83.7215828, 42.2830859 ], [ -83.7218767, 42.2830607 ], [ -83.7222378, 42.283044 ], [ -83.7227421, 42.2830425 ], [ -83.7232293, 42.2831054 ], [ -83.723551, 42.2831946 ], [ -83.7239807, 42.2833037 ], [ -83.7244484, 42.2834126 ], [ -83.7249807, 42.2835154 ], [ -83.7252917, 42.2836124 ], [ -83.725515, 42.2837729 ], [ -83.7256328, 42.2839101 ], [ -83.7256902, 42.2841098 ], [ -83.7257637, 42.2842801 ], [ -83.7257478, 42.2844941 ], [ -83.7256834, 42.2847206 ], [ -83.7255986, 42.2849479 ], [ -83.7255807, 42.2851234 ], [ -83.7255042, 42.2853016 ], [ -83.7194588, 42.2839433 ], [ -83.7195447, 42.2838647 ] ] ] ] } },
{ "type": "Feature", "properties": { "index": 39, "element": "way", "id": 376615043, "leisure": "park", "name": "Mitchell Field", "addr:city": null, "addr:housenumber": null, "addr:postcode": null, "addr:state": null, "addr:street": null, "operator": null, "operator:type": null, "operator:wikidata": null, "landuse": null, "ele": null, "website": null, "wikidata": "Q49527245", "wikipedia": null, "note": null, "old_name": null, "short_name": null, "gnis:feature_id": null, "name:en": "Mitchell Field", "name:zh": "米歇尔球场", "opening_hours": null, "email": null, "fax": null, "layer": null, "phone": null, "source": null, "artist_name": null, "artwork_type": null, "description": null, "material": null, "start_date": null, "tourism": null, "wheelchair": null, "localwiki": null, "operator:wikipedia": null, "check_date:opening_hours": null, "addr:country": null, "owner": null, "ownership": null, "access": null, "type": null, "dog": null, "smoking": null, "loc_name": null }, "geometry": { "type": "Polygon", "coordinates": [ [ [ -83.7254202, 42.2856034 ], [ -83.7252986, 42.2857671 ], [ -83.7252452, 42.2859482 ], [ -83.7251796, 42.2862041 ], [ -83.7251826, 42.2863682 ], [ -83.7252185, 42.2865046 ], [ -83.7252992, 42.2866951 ], [ -83.7253554, 42.2868815 ], [ -83.7250297, 42.2868927 ], [ -83.7249987, 42.2869689 ], [ -83.7234249, 42.2870079 ], [ -83.7215688, 42.2870537 ], [ -83.7215694, 42.2870744 ], [ -83.7201778, 42.2871177 ], [ -83.7199469, 42.2871281 ], [ -83.7197147, 42.2871323 ], [ -83.7194623, 42.2871087 ], [ -83.7192047, 42.2870465 ], [ -83.7189395, 42.2869423 ], [ -83.7186493, 42.2868008 ], [ -83.7189574, 42.2863908 ], [ -83.7185016, 42.2862033 ], [ -83.7181934, 42.2866133 ], [ -83.7180986, 42.2865764 ], [ -83.7180347, 42.2843531 ], [ -83.7182762, 42.2843184 ], [ -83.7186125, 42.2842157 ], [ -83.7187707, 42.2841092 ], [ -83.7254202, 42.2856034 ] ] ] } },
{ "type": "Feature", "properties": { "index": 40, "element": "way", "id": 283124191, "leisure": "park", "name": "Earhart West Park", "addr:city": null, "addr:housenumber": null, "addr:postcode": null, "addr:state": null, "addr:street": null, "operator": null, "operator:type": null, "operator:wikidata": null, "landuse": null, "ele": null, "website": "https://www.a2gov.org/government/communityservices/Parks-Recreation/parks-places/Pages/EarhartWest.aspx", "wikidata": "Q34870301", "wikipedia": null, "note": null, "old_name": null, "short_name": null, "gnis:feature_id": null, "name:en": null, "name:zh": null, "opening_hours": null, "email": null, "fax": null, "layer": null, "phone": null, "source": null, "artist_name": null, "artwork_type": null, "description": null, "material": null, "start_date": null, "tourism": null, "wheelchair": null, "localwiki": null, "operator:wikipedia": null, "check_date:opening_hours": null, "addr:country": null, "owner": null, "ownership": null, "access": null, "type": null, "dog": null, "smoking": null, "loc_name": null }, "geometry": { "type": "Polygon", "coordinates": [ [ [ -83.6884049, 42.2853174 ], [ -83.6889977, 42.2852552 ], [ -83.6890077, 42.2853182 ], [ -83.6890643, 42.2854324 ], [ -83.6890925, 42.2855029 ], [ -83.68913, 42.2855525 ], [ -83.6891676, 42.285605 ], [ -83.6892172, 42.2856606 ], [ -83.6892628, 42.2857072 ], [ -83.6893312, 42.2857747 ], [ -83.6884223, 42.2858691 ], [ -83.6884049, 42.2853174 ] ] ] } },
{ "type": "Feature", "properties": { "index": 41, "element": "relation", "id": 6784751, "leisure": "park", "name": "Oakridge Nature Area", "addr:city": null, "addr:housenumber": null, "addr:postcode": null, "addr:state": null, "addr:street": null, "operator": null, "operator:type": null, "operator:wikidata": null, "landuse": null, "ele": null, "website": null, "wikidata": null, "wikipedia": null, "note": null, "old_name": null, "short_name": null, "gnis:feature_id": null, "name:en": null, "name:zh": null, "opening_hours": null, "email": null, "fax": null, "layer": null, "phone": null, "source": null, "artist_name": null, "artwork_type": null, "description": null, "material": null, "start_date": null, "tourism": null, "wheelchair": null, "localwiki": null, "operator:wikipedia": null, "check_date:opening_hours": null, "addr:country": null, "owner": null, "ownership": null, "access": null, "type": "multipolygon", "dog": null, "smoking": null, "loc_name": null }, "geometry": { "type": "MultiPolygon", "coordinates": [ [ [ [ -83.7023421, 42.287739 ], [ -83.7020739, 42.2877569 ], [ -83.7020712, 42.2876339 ], [ -83.7020149, 42.287493 ], [ -83.7019398, 42.2874156 ], [ -83.7017923, 42.2873462 ], [ -83.7017011, 42.287233 ], [ -83.7015804, 42.2871557 ], [ -83.7015133, 42.2870604 ], [ -83.7013926, 42.2867826 ], [ -83.700848568025478, 42.28690508558504 ], [ -83.700767455406705, 42.286744062377871 ], [ -83.700586663765478, 42.286321353005853 ], [ -83.7020195, 42.2862785 ], [ -83.702017503245003, 42.286223453655211 ], [ -83.7020256, 42.2862231 ], [ -83.7019867, 42.2852627 ], [ -83.7026827, 42.2862627 ], [ -83.7028208, 42.2864701 ], [ -83.7029296, 42.2866663 ], [ -83.702994, 42.2868171 ], [ -83.7030489, 42.28698 ], [ -83.703073, 42.2871101 ], [ -83.7030678, 42.287202 ], [ -83.7030959, 42.2873885 ], [ -83.7031816, 42.2877222 ], [ -83.702495, 42.2877291 ], [ -83.7023421, 42.287739 ] ] ], [ [ [ -83.7037665, 42.2875294 ], [ -83.7037142, 42.2873608 ], [ -83.7036847, 42.2871604 ], [ -83.7036152, 42.2868932 ], [ -83.7036422, 42.2868678 ], [ -83.7038582, 42.2867376 ], [ -83.7041848, 42.2865524 ], [ -83.7043135, 42.2871319 ], [ -83.7043484, 42.2871279 ], [ -83.704477, 42.2877068 ], [ -83.7038327, 42.2876761 ], [ -83.7037665, 42.2875294 ] ] ] ] } },
{ "type": "Feature", "properties": { "index": 42, "element": "way", "id": 458993121, "leisure": "park", "name": "Glazier Hill Park", "addr:city": null, "addr:housenumber": null, "addr:postcode": null, "addr:state": null, "addr:street": null, "operator": null, "operator:type": null, "operator:wikidata": null, "landuse": null, "ele": null, "website": null, "wikidata": null, "wikipedia": null, "note": null, "old_name": null, "short_name": null, "gnis:feature_id": null, "name:en": null, "name:zh": null, "opening_hours": null, "email": null, "fax": null, "layer": null, "phone": null, "source": null, "artist_name": null, "artwork_type": null, "description": null, "material": null, "start_date": null, "tourism": null, "wheelchair": null, "localwiki": null, "operator:wikipedia": null, "check_date:opening_hours": null, "addr:country": null, "owner": null, "ownership": null, "access": null, "type": null, "dog": null, "smoking": null, "loc_name": null }, "geometry": { "type": "Polygon", "coordinates": [ [ [ -83.6942433, 42.2892704 ], [ -83.6942238, 42.2885205 ], [ -83.6942097, 42.2879752 ], [ -83.6951645, 42.2879672 ], [ -83.694848, 42.2884355 ], [ -83.695304, 42.28878 ], [ -83.6955695, 42.2889891 ], [ -83.6955159, 42.2890288 ], [ -83.6948158, 42.2884831 ], [ -83.6945691, 42.2888502 ], [ -83.6943223, 42.2894018 ], [ -83.6942982, 42.2898363 ], [ -83.6942579, 42.2898343 ], [ -83.6942433, 42.2892704 ] ] ] } },
{ "type": "Feature", "properties": { "index": 43, "element": "way", "id": 225432211, "leisure": "park", "name": "Windemere Park", "addr:city": null, "addr:housenumber": null, "addr:postcode": null, "addr:state": null, "addr:street": null, "operator": null, "operator:type": null, "operator:wikidata": null, "landuse": null, "ele": null, "website": null, "wikidata": "Q49581924", "wikipedia": null, "note": null, "old_name": null, "short_name": null, "gnis:feature_id": "2647586", "name:en": null, "name:zh": null, "opening_hours": null, "email": null, "fax": null, "layer": null, "phone": null, "source": null, "artist_name": null, "artwork_type": null, "description": null, "material": null, "start_date": null, "tourism": null, "wheelchair": null, "localwiki": null, "operator:wikipedia": null, "check_date:opening_hours": null, "addr:country": null, "owner": null, "ownership": null, "access": null, "type": null, "dog": null, "smoking": null, "loc_name": null }, "geometry": { "type": "Polygon", "coordinates": [ [ [ -83.6863509, 42.2897367 ], [ -83.6865709, 42.2897546 ], [ -83.6867801, 42.2897883 ], [ -83.6870016, 42.2898186 ], [ -83.6872269, 42.2898345 ], [ -83.6874238, 42.2898399 ], [ -83.6874835, 42.2898369 ], [ -83.6878868, 42.2898167 ], [ -83.6880236, 42.2898207 ], [ -83.6882017, 42.2898339 ], [ -83.6884028, 42.2898636 ], [ -83.6880567, 42.2903641 ], [ -83.6880272, 42.2904097 ], [ -83.6879735, 42.2904355 ], [ -83.687912, 42.2904451 ], [ -83.6878476, 42.2904807 ], [ -83.687802, 42.2905224 ], [ -83.687794, 42.2905819 ], [ -83.6874828, 42.2905918 ], [ -83.6868605, 42.2907466 ], [ -83.6867667, 42.2906554 ], [ -83.6865655, 42.2905363 ], [ -83.6864341, 42.2904867 ], [ -83.686273, 42.2904474 ], [ -83.6861148, 42.2904351 ], [ -83.68591, 42.2904357 ], [ -83.6858735, 42.2897506 ], [ -83.6863509, 42.2897367 ] ] ] } },
{ "type": "Feature", "properties": { "index": 44, "element": "way", "id": 283124193, "leisure": "park", "name": "Glacier Highlands Park", "addr:city": null, "addr:housenumber": null, "addr:postcode": null, "addr:state": null, "addr:street": null, "operator": null, "operator:type": null, "operator:wikidata": null, "landuse": "grass", "ele": null, "website": "https://www.a2gov.org/government/communityservices/Parks-Recreation/parks-places/Pages/GlacierHighlands.aspx", "wikidata": "Q34881780", "wikipedia": null, "note": null, "old_name": null, "short_name": null, "gnis:feature_id": null, "name:en": null, "name:zh": null, "opening_hours": null, "email": null, "fax": null, "layer": null, "phone": null, "source": null, "artist_name": null, "artwork_type": null, "description": null, "material": null, "start_date": null, "tourism": null, "wheelchair": null, "localwiki": "ann-arbor/Glacier_HIghlands_Park", "operator:wikipedia": null, "check_date:opening_hours": null, "addr:country": null, "owner": null, "ownership": null, "access": null, "type": null, "dog": null, "smoking": null, "loc_name": null }, "geometry": { "type": "Polygon", "coordinates": [ [ [ -83.6899038, 42.2931581 ], [ -83.6894044, 42.2931554 ], [ -83.6893931, 42.2924559 ], [ -83.6904336, 42.292453 ], [ -83.6904515, 42.2931694 ], [ -83.6899038, 42.2931581 ] ] ] } },
{ "type": "Feature", "properties": { "index": 45, "element": "way", "id": 249660517, "leisure": "park", "name": "The Wave Field", "addr:city": null, "addr:housenumber": null, "addr:postcode": null, "addr:state": null, "addr:street": null, "operator": null, "operator:type": null, "operator:wikidata": null, "landuse": null, "ele": null, "website": "https://arts.umich.edu/museums-cultural-attractions/wave-field/", "wikidata": null, "wikipedia": null, "note": null, "old_name": null, "short_name": null, "gnis:feature_id": null, "name:en": null, "name:zh": "波浪形草地", "opening_hours": null, "email": null, "fax": null, "layer": null, "phone": null, "source": null, "artist_name": "Maya Lin", "artwork_type": "land_art", "description": "An area of earth sculpture representing a naturally occuring wave pattern. Commissioned in honor of Francios-Xavier Bahnoud.", "material": "earth; grass", "start_date": "1995", "tourism": "artwork", "wheelchair": null, "localwiki": null, "operator:wikipedia": null, "check_date:opening_hours": null, "addr:country": null, "owner": null, "ownership": null, "access": null, "type": null, "dog": null, "smoking": null, "loc_name": null }, "geometry": { "type": "Polygon", "coordinates": [ [ [ -83.7118614, 42.2933887 ], [ -83.7118613, 42.2933923 ], [ -83.7118593, 42.293395 ], [ -83.7118557, 42.2933966 ], [ -83.711852, 42.2933972 ], [ -83.7118471, 42.2933971 ], [ -83.7115691, 42.2933699 ], [ -83.7115128, 42.2933594 ], [ -83.7114585, 42.2933493 ], [ -83.7114354, 42.2933434 ], [ -83.7114217, 42.293339 ], [ -83.7114112, 42.2933339 ], [ -83.7114006, 42.2933263 ], [ -83.7113877, 42.2933128 ], [ -83.7113813, 42.2933011 ], [ -83.7113766, 42.2932859 ], [ -83.7113765, 42.2932723 ], [ -83.7114023, 42.2931988 ], [ -83.7114183, 42.2931587 ], [ -83.7114403, 42.2931253 ], [ -83.7114734, 42.2930881 ], [ -83.7115116, 42.293058 ], [ -83.7115357, 42.2930418 ], [ -83.711561, 42.2930289 ], [ -83.7115879, 42.2930174 ], [ -83.7116147, 42.2930078 ], [ -83.7116428, 42.2929998 ], [ -83.7116725, 42.2929933 ], [ -83.7117097, 42.292987 ], [ -83.7118208, 42.2929724 ], [ -83.7118298, 42.2929708 ], [ -83.7118383, 42.2929703 ], [ -83.7118471, 42.2929709 ], [ -83.7118542, 42.2929734 ], [ -83.7118574, 42.2929759 ], [ -83.7118595, 42.292979 ], [ -83.7118602, 42.292983 ], [ -83.7118604, 42.2929878 ], [ -83.7118614, 42.2933887 ] ] ] } },
{ "type": "Feature", "properties": { "index": 46, "element": "way", "id": 459096094, "leisure": "park", "name": "Folkstone Park", "addr:city": null, "addr:housenumber": null, "addr:postcode": null, "addr:state": "MI", "addr:street": null, "operator": null, "operator:type": null, "operator:wikidata": null, "landuse": null, "ele": null, "website": null, "wikidata": "Q49490081", "wikipedia": null, "note": "GNIS county is inconsistent with coordinate location - appears GNIS has data error for county.", "old_name": null, "short_name": null, "gnis:feature_id": "2635837", "name:en": null, "name:zh": null, "opening_hours": null, "email": null, "fax": null, "layer": null, "phone": null, "source": null, "artist_name": null, "artwork_type": null, "description": null, "material": null, "start_date": null, "tourism": null, "wheelchair": null, "localwiki": null, "operator:wikipedia": null, "check_date:opening_hours": null, "addr:country": null, "owner": null, "ownership": null, "access": null, "type": null, "dog": null, "smoking": null, "loc_name": null }, "geometry": { "type": "Polygon", "coordinates": [ [ [ -83.6862075, 42.2941093 ], [ -83.6868888, 42.2941013 ], [ -83.6869076, 42.2948077 ], [ -83.6868835, 42.2948652 ], [ -83.6868459, 42.294893 ], [ -83.6867842, 42.2949128 ], [ -83.6867172, 42.2949088 ], [ -83.6866501, 42.294893 ], [ -83.6865804, 42.294885 ], [ -83.686516, 42.2948989 ], [ -83.6864543, 42.2949247 ], [ -83.6864087, 42.2949644 ], [ -83.6863738, 42.295014 ], [ -83.6863738, 42.2950715 ], [ -83.6863953, 42.2951231 ], [ -83.6861391, 42.2955675 ], [ -83.6857999, 42.2955749 ], [ -83.6851387, 42.2955893 ], [ -83.6862075, 42.2941093 ] ] ] } },
{ "type": "Feature", "properties": { "index": 47, "element": "way", "id": 459096100, "leisure": "park", "name": "Greenbrier Park", "addr:city": null, "addr:housenumber": null, "addr:postcode": null, "addr:state": null, "addr:street": null, "operator": null, "operator:type": null, "operator:wikidata": null, "landuse": null, "ele": null, "website": null, "wikidata": "Q49495926", "wikipedia": null, "note": null, "old_name": null, "short_name": null, "gnis:feature_id": "2635838", "name:en": null, "name:zh": null, "opening_hours": null, "email": null, "fax": null, "layer": null, "phone": null, "source": null, "artist_name": null, "artwork_type": null, "description": null, "material": null, "start_date": null, "tourism": null, "wheelchair": null, "localwiki": null, "operator:wikipedia": null, "check_date:opening_hours": null, "addr:country": null, "owner": null, "ownership": null, "access": null, "type": null, "dog": null, "smoking": null, "loc_name": null }, "geometry": { "type": "Polygon", "coordinates": [ [ [ -83.6862303, 42.2973392 ], [ -83.6859594, 42.2969464 ], [ -83.6856724, 42.2965635 ], [ -83.685364, 42.2961905 ], [ -83.6851494, 42.2959484 ], [ -83.6851387, 42.2955893 ], [ -83.6857999, 42.2955749 ], [ -83.6861391, 42.2955675 ], [ -83.6861726, 42.2964881 ], [ -83.6866085, 42.2964802 ], [ -83.6866099, 42.2965089 ], [ -83.6861753, 42.2965159 ], [ -83.6861847, 42.2967857 ], [ -83.6864074, 42.2970317 ], [ -83.68674, 42.2972221 ], [ -83.6873866, 42.2972077 ], [ -83.6873864, 42.2973094 ], [ -83.6873413, 42.2974425 ], [ -83.6863108, 42.2974741 ], [ -83.6862303, 42.2973392 ] ] ] } },
{ "type": "Feature", "properties": { "index": 48, "element": "way", "id": 459096092, "leisure": "park", "name": "Baxter Park", "addr:city": null, "addr:housenumber": null, "addr:postcode": null, "addr:state": null, "addr:street": null, "operator": null, "operator:type": null, "operator:wikidata": null, "landuse": null, "ele": null, "website": null, "wikidata": "Q34820571", "wikipedia": null, "note": null, "old_name": null, "short_name": null, "gnis:feature_id": null, "name:en": null, "name:zh": null, "opening_hours": null, "email": null, "fax": null, "layer": null, "phone": null, "source": null, "artist_name": null, "artwork_type": null, "description": null, "material": null, "start_date": null, "tourism": null, "wheelchair": null, "localwiki": null, "operator:wikipedia": null, "check_date:opening_hours": null, "addr:country": null, "owner": null, "ownership": null, "access": null, "type": null, "dog": null, "smoking": null, "loc_name": null }, "geometry": { "type": "Polygon", "coordinates": [ [ [ -83.6934321, 42.2978749 ], [ -83.6941389, 42.2978699 ], [ -83.6941589, 42.2991049 ], [ -83.6934455, 42.2991307 ], [ -83.6934321, 42.2978749 ] ] ] } },
{ "type": "Feature", "properties": { "index": 49, "element": "way", "id": 394889906, "leisure": "park", "name": "Bromley Park", "addr:city": null, "addr:housenumber": null, "addr:postcode": null, "addr:state": null, "addr:street": null, "operator": null, "operator:type": null, "operator:wikidata": null, "landuse": null, "ele": null, "website": null, "wikidata": "Q34907316", "wikipedia": null, "note": null, "old_name": null, "short_name": null, "gnis:feature_id": null, "name:en": null, "name:zh": null, "opening_hours": null, "email": null, "fax": null, "layer": null, "phone": null, "source": null, "artist_name": null, "artwork_type": null, "description": null, "material": null, "start_date": null, "tourism": null, "wheelchair": null, "localwiki": null, "operator:wikipedia": null, "check_date:opening_hours": null, "addr:country": null, "owner": null, "ownership": null, "access": null, "type": null, "dog": null, "smoking": null, "loc_name": null }, "geometry": { "type": "Polygon", "coordinates": [ [ [ -83.7050096, 42.3072885 ], [ -83.7050051, 42.307145 ], [ -83.7046094, 42.3069561 ], [ -83.7046209, 42.3069263 ], [ -83.7050068, 42.3071095 ], [ -83.7049945, 42.3064366 ], [ -83.7061696, 42.3064044 ], [ -83.7061927, 42.3072563 ], [ -83.7050096, 42.3072885 ] ] ] } },
{ "type": "Feature", "properties": { "index": 50, "element": "relation", "id": 6794807, "leisure": "park", "name": "Fuller Park", "addr:city": null, "addr:housenumber": null, "addr:postcode": null, "addr:state": null, "addr:street": null, "operator": null, "operator:type": null, "operator:wikidata": null, "landuse": null, "ele": null, "website": null, "wikidata": "Q49492381", "wikipedia": null, "note": null, "old_name": null, "short_name": null, "gnis:feature_id": "2709516", "name:en": null, "name:zh": null, "opening_hours": null, "email": null, "fax": null, "layer": null, "phone": null, "source": null, "artist_name": null, "artwork_type": null, "description": null, "material": null, "start_date": null, "tourism": null, "wheelchair": null, "localwiki": null, "operator:wikipedia": null, "check_date:opening_hours": null, "addr:country": null, "owner": null, "ownership": null, "access": null, "type": "multipolygon", "dog": null, "smoking": null, "loc_name": null }, "geometry": { "type": "MultiPolygon", "coordinates": [ [ [ [ -83.7329053, 42.2869579 ], [ -83.7328528, 42.2868362 ], [ -83.7327408, 42.2865845 ], [ -83.7327695, 42.286545 ], [ -83.7328389, 42.2865061 ], [ -83.7330651, 42.2864334 ], [ -83.7334711, 42.2862703 ], [ -83.7342347, 42.2859475 ], [ -83.7354816, 42.285917 ], [ -83.7360918, 42.2859229 ], [ -83.7367127, 42.2859786 ], [ -83.7373694, 42.2860437 ], [ -83.7379594, 42.2862023 ], [ -83.7385677, 42.2864238 ], [ -83.739207, 42.2866636 ], [ -83.7388434, 42.2867204 ], [ -83.7384642, 42.2865612 ], [ -83.738269, 42.286468 ], [ -83.7379565, 42.2863118 ], [ -83.7376119, 42.2862112 ], [ -83.7371442, 42.2861006 ], [ -83.73684, 42.2860565 ], [ -83.7365142, 42.2860183 ], [ -83.7361693, 42.285999 ], [ -83.735869, 42.2859825 ], [ -83.7356457, 42.2859677 ], [ -83.7353387, 42.2859776 ], [ -83.7350483, 42.2860134 ], [ -83.7347524, 42.2861128 ], [ -83.7343672, 42.2862479 ], [ -83.7339494, 42.2864143 ], [ -83.7336547, 42.2865866 ], [ -83.7334082, 42.2867747 ], [ -83.7330846, 42.2870637 ], [ -83.7330275, 42.2871213 ], [ -83.7330089, 42.2871035 ], [ -83.7329741, 42.2870616 ], [ -83.7329053, 42.2869579 ] ] ], [ [ [ -83.7326942, 42.2874257 ], [ -83.7325255, 42.287557 ], [ -83.7323019, 42.2877181 ], [ -83.7321032, 42.2879221 ], [ -83.7319095, 42.2880892 ], [ -83.7317115, 42.2882493 ], [ -83.7314566, 42.2884426 ], [ -83.7311693, 42.2886685 ], [ -83.7308691, 42.2888719 ], [ -83.7305506, 42.289101 ], [ -83.7302065, 42.2893004 ], [ -83.7298363, 42.2894893 ], [ -83.7295634, 42.2896115 ], [ -83.7292917, 42.2897329 ], [ -83.7290841, 42.2898169 ], [ -83.7288365, 42.2898847 ], [ -83.7286274, 42.2899673 ], [ -83.7284134, 42.2900727 ], [ -83.7282244, 42.290245 ], [ -83.728176, 42.2902848 ], [ -83.7281279, 42.2903244 ], [ -83.7279809, 42.290439 ], [ -83.7277347, 42.2905682 ], [ -83.7274965, 42.2907202 ], [ -83.7273144, 42.2908192 ], [ -83.7271003, 42.29087 ], [ -83.7268203, 42.2908717 ], [ -83.7264947, 42.2908784 ], [ -83.7260415, 42.2907857 ], [ -83.725768, 42.290737 ], [ -83.7254553, 42.2906607 ], [ -83.7252696, 42.2905344 ], [ -83.7250997, 42.2903498 ], [ -83.7250216, 42.2900813 ], [ -83.7250729, 42.2897432 ], [ -83.7250627, 42.2894408 ], [ -83.725145, 42.2892287 ], [ -83.7253333, 42.2889704 ], [ -83.7255184, 42.28871 ], [ -83.7257087, 42.2884219 ], [ -83.7257603, 42.2880578 ], [ -83.7258193, 42.2877894 ], [ -83.7258391, 42.2875232 ], [ -83.7258379, 42.2873081 ], [ -83.7258371, 42.2872312 ], [ -83.7258548, 42.2872295 ], [ -83.7259874, 42.2872261 ], [ -83.729307, 42.2871405 ], [ -83.7296423, 42.2871177 ], [ -83.7300375, 42.2870573 ], [ -83.7302007, 42.2870166 ], [ -83.7305505, 42.2869277 ], [ -83.7310448, 42.2868382 ], [ -83.7315517, 42.2867846 ], [ -83.7320677, 42.2867041 ], [ -83.7323319, 42.2866601 ], [ -83.7323847, 42.2866623 ], [ -83.7324405, 42.2866828 ], [ -83.7326061, 42.2869776 ], [ -83.7327082, 42.2871562 ], [ -83.7328302, 42.2873199 ], [ -83.7326942, 42.2874257 ] ] ] ] } },
{ "type": "Feature", "properties": { "index": 51, "element": "relation", "id": 6786374, "leisure": "park", "name": "Island Park", "addr:city": null, "addr:housenumber": null, "addr:postcode": null, "addr:state": null, "addr:street": null, "operator": null, "operator:type": null, "operator:wikidata": null, "landuse": null, "ele": null, "website": null, "wikidata": "Q49505641", "wikipedia": null, "note": null, "old_name": null, "short_name": null, "gnis:feature_id": "629130", "name:en": null, "name:zh": null, "opening_hours": null, "email": null, "fax": null, "layer": null, "phone": null, "source": null, "artist_name": null, "artwork_type": null, "description": null, "material": null, "start_date": null, "tourism": null, "wheelchair": null, "localwiki": null, "operator:wikipedia": null, "check_date:opening_hours": null, "addr:country": null, "owner": null, "ownership": null, "access": null, "type": "multipolygon", "dog": null, "smoking": null, "loc_name": null }, "geometry": { "type": "MultiPolygon", "coordinates": [ [ [ [ -83.7288154, 42.2912849 ], [ -83.7287715, 42.2913043 ], [ -83.7287188, 42.2913199 ], [ -83.7286697, 42.2913368 ], [ -83.7286153, 42.2913472 ], [ -83.7285626, 42.2913576 ], [ -83.7285082, 42.2913679 ], [ -83.7284521, 42.2913744 ], [ -83.7283941, 42.2913809 ], [ -83.728338, 42.2913861 ], [ -83.7282765, 42.2913874 ], [ -83.7282239, 42.2913913 ], [ -83.7281747, 42.2913952 ], [ -83.7281309, 42.2914043 ], [ -83.7280817, 42.2914134 ], [ -83.7280308, 42.2914251 ], [ -83.7279817, 42.2914394 ], [ -83.7279343, 42.2914497 ], [ -83.7278816, 42.2914679 ], [ -83.7277008, 42.2915328 ], [ -83.7275789, 42.2915757 ], [ -83.7273779, 42.2915199 ], [ -83.7272112, 42.29149 ], [ -83.7266662, 42.2914764 ], [ -83.726581, 42.2914952 ], [ -83.7263538, 42.2915004 ], [ -83.7262098, 42.2914536 ], [ -83.7261352, 42.291392 ], [ -83.7261265, 42.2913108 ], [ -83.7261484, 42.2911246 ], [ -83.7264736, 42.2911457 ], [ -83.7270038, 42.2912117 ], [ -83.7272484, 42.2912072 ], [ -83.7274731, 42.291187 ], [ -83.72757, 42.2911583 ], [ -83.7276235, 42.2911736 ], [ -83.7276477, 42.2911695 ], [ -83.7276751, 42.291165 ], [ -83.7277168, 42.291138 ], [ -83.7277909, 42.2911323 ], [ -83.7279269, 42.2911559 ], [ -83.7280655, 42.2911437 ], [ -83.7283968, 42.2910237 ], [ -83.7286105, 42.2909679 ], [ -83.728796, 42.2909123 ], [ -83.7290575, 42.2908659 ], [ -83.7293343, 42.2908027 ], [ -83.7294675, 42.2907595 ], [ -83.7296516, 42.2906445 ], [ -83.7297281, 42.2905063 ], [ -83.7298668, 42.290322 ], [ -83.7299969, 42.2902379 ], [ -83.730155, 42.2901352 ], [ -83.7303131, 42.2899785 ], [ -83.730432, 42.2897501 ], [ -83.7306064, 42.2895667 ], [ -83.7307301, 42.2895189 ], [ -83.7308498, 42.2894256 ], [ -83.7309832, 42.2892897 ], [ -83.7311492, 42.289212 ], [ -83.7312679, 42.2891537 ], [ -83.7312678, 42.2891079 ], [ -83.7312752, 42.2890566 ], [ -83.731312, 42.2890022 ], [ -83.7314784, 42.2889762 ], [ -83.7315155, 42.2889502 ], [ -83.7315672, 42.2889253 ], [ -83.731668, 42.2888514 ], [ -83.7318237, 42.2887124 ], [ -83.7323534, 42.2882439 ], [ -83.732499, 42.2881124 ], [ -83.7326185, 42.2880613 ], [ -83.7327918, 42.2879315 ], [ -83.7329386, 42.2877688 ], [ -83.7331211, 42.2876495 ], [ -83.7331579, 42.2876217 ], [ -83.73318, 42.2876384 ], [ -83.733208, 42.2876152 ], [ -83.7332193, 42.2876316 ], [ -83.7332289, 42.2876591 ], [ -83.7332267, 42.2876743 ], [ -83.7332141, 42.2877031 ], [ -83.7331952, 42.2877241 ], [ -83.7330838, 42.2878041 ], [ -83.7329494, 42.2878973 ], [ -83.7328423, 42.2879812 ], [ -83.7326931, 42.2880978 ], [ -83.7326301, 42.2881568 ], [ -83.7323843, 42.2883682 ], [ -83.732107, 42.2886152 ], [ -83.7318823, 42.2888141 ], [ -83.7314152, 42.2892199 ], [ -83.7311696, 42.2894352 ], [ -83.7306453, 42.2899208 ], [ -83.7304388, 42.2901132 ], [ -83.7302448, 42.2903102 ], [ -83.7298402, 42.2906416 ], [ -83.7289749, 42.2912099 ], [ -83.7289242, 42.291242 ], [ -83.7288575, 42.2912667 ], [ -83.7288154, 42.2912849 ] ] ], [ [ [ -83.7290436, 42.2901279 ], [ -83.7292421, 42.2900605 ], [ -83.729505, 42.2899851 ], [ -83.729682, 42.2899414 ], [ -83.7298617, 42.2898718 ], [ -83.7299851, 42.2898321 ], [ -83.7301058, 42.2897549 ], [ -83.7301776, 42.2897265 ], [ -83.7302687, 42.2897132 ], [ -83.7303096, 42.2897311 ], [ -83.7303043, 42.289792 ], [ -83.7302257, 42.2899033 ], [ -83.7300039, 42.2900644 ], [ -83.7297853, 42.2902288 ], [ -83.7294942, 42.2905049 ], [ -83.7292582, 42.2907033 ], [ -83.7291026, 42.2907589 ], [ -83.7288827, 42.2908025 ], [ -83.7286467, 42.2908621 ], [ -83.7283076, 42.2909517 ], [ -83.7282282, 42.2909771 ], [ -83.7281866, 42.2909554 ], [ -83.7281709, 42.2909261 ], [ -83.7281647, 42.2908847 ], [ -83.7281936, 42.2908001 ], [ -83.7283005, 42.2907183 ], [ -83.7283758, 42.2905739 ], [ -83.728652, 42.2903224 ], [ -83.7288773, 42.2902033 ], [ -83.7290436, 42.2901279 ] ] ] ] } },
{ "type": "Feature", "properties": { "index": 52, "element": "way", "id": 292343126, "leisure": "park", "name": "Eda U. Gerstacker Grove", "addr:city": null, "addr:housenumber": null, "addr:postcode": null, "addr:state": null, "addr:street": null, "operator": null, "operator:type": null, "operator:wikidata": null, "landuse": null, "ele": null, "website": null, "wikidata": null, "wikipedia": null, "note": null, "old_name": null, "short_name": null, "gnis:feature_id": null, "name:en": null, "name:zh": null, "opening_hours": null, "email": null, "fax": null, "layer": null, "phone": null, "source": null, "artist_name": null, "artwork_type": null, "description": null, "material": null, "start_date": null, "tourism": null, "wheelchair": null, "localwiki": null, "operator:wikipedia": null, "check_date:opening_hours": null, "addr:country": null, "owner": null, "ownership": null, "access": null, "type": null, "dog": null, "smoking": null, "loc_name": null }, "geometry": { "type": "Polygon", "coordinates": [ [ [ -83.7166719, 42.2925322 ], [ -83.7166492, 42.2925468 ], [ -83.716619, 42.2925535 ], [ -83.7165459, 42.2925538 ], [ -83.7163707, 42.2925546 ], [ -83.7162719, 42.292555 ], [ -83.7158561, 42.2925568 ], [ -83.715846, 42.2925527 ], [ -83.7157682, 42.2925218 ], [ -83.7153197, 42.2924915 ], [ -83.7151112, 42.2924791 ], [ -83.7150928, 42.292478 ], [ -83.7150103, 42.292464 ], [ -83.7149942, 42.2924581 ], [ -83.7149822, 42.2924447 ], [ -83.7148198, 42.2924422 ], [ -83.7148252, 42.2918331 ], [ -83.7149942, 42.2918341 ], [ -83.7149893, 42.2917772 ], [ -83.7149828, 42.291747 ], [ -83.7149833, 42.2917081 ], [ -83.7151012, 42.2916236 ], [ -83.7160543, 42.2916208 ], [ -83.716177, 42.2916209 ], [ -83.7165066, 42.2916211 ], [ -83.7166924, 42.2916212 ], [ -83.7166919, 42.2916778 ], [ -83.7166913, 42.2917375 ], [ -83.7166902, 42.2918522 ], [ -83.7166884, 42.2923226 ], [ -83.716687, 42.292382 ], [ -83.7166839, 42.2925076 ], [ -83.7166719, 42.2925322 ] ] ] } },
{ "type": "Feature", "properties": { "index": 53, "element": "way", "id": 459096086, "leisure": "park", "name": "Cedar Bend Nature Area", "addr:city": null, "addr:housenumber": null, "addr:postcode": null, "addr:state": null, "addr:street": null, "operator": null, "operator:type": null, "operator:wikidata": null, "landuse": null, "ele": null, "website": null, "wikidata": "Q34851135", "wikipedia": null, "note": null, "old_name": null, "short_name": null, "gnis:feature_id": null, "name:en": null, "name:zh": null, "opening_hours": null, "email": null, "fax": null, "layer": null, "phone": null, "source": null, "artist_name": null, "artwork_type": null, "description": null, "material": null, "start_date": null, "tourism": null, "wheelchair": null, "localwiki": null, "operator:wikipedia": null, "check_date:opening_hours": null, "addr:country": null, "owner": null, "ownership": null, "access": null, "type": null, "dog": null, "smoking": null, "loc_name": null }, "geometry": { "type": "Polygon", "coordinates": [ [ [ -83.7290476, 42.2912854 ], [ -83.7293226, 42.2915709 ], [ -83.7300879, 42.2923654 ], [ -83.7295227, 42.2926713 ], [ -83.7301637, 42.2933698 ], [ -83.7298329, 42.2935432 ], [ -83.7300672, 42.2938287 ], [ -83.7298811, 42.2939256 ], [ -83.728787, 42.2927516 ], [ -83.7284613, 42.292656 ], [ -83.7282476, 42.292651 ], [ -83.7281167, 42.292707 ], [ -83.7279857, 42.2927937 ], [ -83.7278686, 42.2929467 ], [ -83.7277721, 42.2930231 ], [ -83.7276342, 42.2930282 ], [ -83.727093, 42.2929805 ], [ -83.7269519, 42.2929524 ], [ -83.7268746, 42.2929039 ], [ -83.7267637, 42.2928225 ], [ -83.7267052, 42.2927085 ], [ -83.7266254, 42.2926105 ], [ -83.726492, 42.2925456 ], [ -83.7263867, 42.2925388 ], [ -83.7261523, 42.2925388 ], [ -83.725841, 42.2926389 ], [ -83.7255941, 42.2926968 ], [ -83.725339, 42.2927278 ], [ -83.7252879, 42.2927247 ], [ -83.7250213, 42.2925724 ], [ -83.7249369, 42.2925066 ], [ -83.7248561, 42.2924105 ], [ -83.7246912, 42.2920963 ], [ -83.7244913, 42.2917132 ], [ -83.7243879, 42.291565 ], [ -83.7242985, 42.2915019 ], [ -83.7242278, 42.2914549 ], [ -83.7240207, 42.2913433 ], [ -83.7238978, 42.2912602 ], [ -83.7238136, 42.2912186 ], [ -83.7237328, 42.2911459 ], [ -83.7237012, 42.2910784 ], [ -83.7236521, 42.2909096 ], [ -83.7253284, 42.290858 ], [ -83.7253822, 42.2908897 ], [ -83.7257387, 42.2910429 ], [ -83.7260906, 42.2911096 ], [ -83.7261484, 42.2911246 ], [ -83.7261265, 42.2913108 ], [ -83.7261352, 42.291392 ], [ -83.7262098, 42.2914536 ], [ -83.7263538, 42.2915004 ], [ -83.726581, 42.2914952 ], [ -83.7266662, 42.2914764 ], [ -83.7272112, 42.29149 ], [ -83.7273779, 42.2915199 ], [ -83.7275789, 42.2915757 ], [ -83.7277008, 42.2915328 ], [ -83.7278816, 42.2914679 ], [ -83.7279343, 42.2914497 ], [ -83.7279817, 42.2914394 ], [ -83.7280308, 42.2914251 ], [ -83.7280817, 42.2914134 ], [ -83.7281309, 42.2914043 ], [ -83.7281747, 42.2913952 ], [ -83.7282239, 42.2913913 ], [ -83.7282765, 42.2913874 ], [ -83.728338, 42.2913861 ], [ -83.7283941, 42.2913809 ], [ -83.7284521, 42.2913744 ], [ -83.7285082, 42.2913679 ], [ -83.7285626, 42.2913576 ], [ -83.7286153, 42.2913472 ], [ -83.7286697, 42.2913368 ], [ -83.7287188, 42.2913199 ], [ -83.7287715, 42.2913043 ], [ -83.7288154, 42.2912849 ], [ -83.7288575, 42.2912667 ], [ -83.7289242, 42.291242 ], [ -83.7289749, 42.2912099 ], [ -83.7290476, 42.2912854 ] ] ] } },
{ "type": "Feature", "properties": { "index": 54, "element": "way", "id": 1289244244, "leisure": "park", "name": "'42E Plaza", "addr:city": null, "addr:housenumber": null, "addr:postcode": null, "addr:state": null, "addr:street": null, "operator": null, "operator:type": null, "operator:wikidata": null, "landuse": null, "ele": null, "website": null, "wikidata": null, "wikipedia": null, "note": null, "old_name": null, "short_name": null, "gnis:feature_id": null, "name:en": null, "name:zh": null, "opening_hours": null, "email": null, "fax": null, "layer": null, "phone": null, "source": null, "artist_name": null, "artwork_type": null, "description": null, "material": null, "start_date": null, "tourism": null, "wheelchair": null, "localwiki": null, "operator:wikipedia": null, "check_date:opening_hours": null, "addr:country": null, "owner": null, "ownership": null, "access": null, "type": null, "dog": null, "smoking": null, "loc_name": null }, "geometry": { "type": "Polygon", "coordinates": [ [ [ -83.7149093, 42.2925663 ], [ -83.7150569, 42.2925912 ], [ -83.7151289, 42.292637 ], [ -83.7151294, 42.292705 ], [ -83.7150951, 42.2927048 ], [ -83.7150902, 42.2927827 ], [ -83.7150399, 42.2927819 ], [ -83.7150399, 42.2929054 ], [ -83.7150864, 42.2929047 ], [ -83.7150906, 42.293104 ], [ -83.7150512, 42.2931051 ], [ -83.7150375, 42.2931106 ], [ -83.7147267, 42.2931076 ], [ -83.7147269, 42.2925659 ], [ -83.7147417, 42.2925657 ], [ -83.7149093, 42.2925663 ] ] ] } },
{ "type": "Feature", "properties": { "index": 55, "element": "way", "id": 459096071, "leisure": "park", "name": "Northside Park", "addr:city": null, "addr:housenumber": null, "addr:postcode": null, "addr:state": null, "addr:street": null, "operator": null, "operator:type": null, "operator:wikidata": null, "landuse": null, "ele": null, "website": null, "wikidata": null, "wikipedia": null, "note": null, "old_name": null, "short_name": null, "gnis:feature_id": null, "name:en": null, "name:zh": null, "opening_hours": null, "email": null, "fax": null, "layer": null, "phone": null, "source": null, "artist_name": null, "artwork_type": null, "description": null, "material": null, "start_date": null, "tourism": null, "wheelchair": null, "localwiki": null, "operator:wikipedia": null, "check_date:opening_hours": null, "addr:country": null, "owner": null, "ownership": null, "access": null, "type": null, "dog": null, "smoking": null, "loc_name": null }, "geometry": { "type": "Polygon", "coordinates": [ [ [ -83.7346672, 42.298045 ], [ -83.7366265, 42.2979771 ], [ -83.7360971, 42.299394 ], [ -83.7347675, 42.2994446 ], [ -83.7346672, 42.298045 ] ] ] } },
{ "type": "Feature", "properties": { "index": 56, "element": "way", "id": 223478907, "leisure": "park", "name": "Leslie Science & Nature Center", "addr:city": "Ann Arbor", "addr:housenumber": "1831", "addr:postcode": "48105", "addr:state": "MI", "addr:street": "Traver Road", "operator": null, "operator:type": null, "operator:wikidata": null, "landuse": null, "ele": null, "website": "https://www.lesliesnc.org", "wikidata": "Q131618893", "wikipedia": null, "note": null, "old_name": null, "short_name": null, "gnis:feature_id": null, "name:en": null, "name:zh": null, "opening_hours": "Mo-Su dawn-dusk; Mo-Fr 08:00-16:00 \"office\"", "email": "info@lesliesnc.org", "fax": "+1-734-436-0998", "layer": "1", "phone": "+1-734-997-1553", "source": "http://www.lesliesnc.org/sites/default/files/Site%20%26%20Trail%20Map.pdf", "artist_name": null, "artwork_type": null, "description": null, "material": null, "start_date": null, "tourism": null, "wheelchair": null, "localwiki": null, "operator:wikipedia": null, "check_date:opening_hours": null, "addr:country": null, "owner": null, "ownership": null, "access": null, "type": null, "dog": null, "smoking": null, "loc_name": null }, "geometry": { "type": "Polygon", "coordinates": [ [ [ -83.7269658, 42.3019065 ], [ -83.7275408, 42.3016272 ], [ -83.7298321, 42.2999358 ], [ -83.7308824, 42.2991536 ], [ -83.730893, 42.2991806 ], [ -83.7310331, 42.299537 ], [ -83.7312155, 42.2997596 ], [ -83.7314326, 42.2998776 ], [ -83.7312834, 42.3000087 ], [ -83.7314648, 42.3005964 ], [ -83.7315924, 42.3007962 ], [ -83.73161, 42.3012489 ], [ -83.7326033, 42.301208 ], [ -83.7326184, 42.3016417 ], [ -83.7316203, 42.3016932 ], [ -83.7279431, 42.3018713 ], [ -83.7269658, 42.3019065 ] ] ] } },
{ "type": "Feature", "properties": { "index": 57, "element": "way", "id": 394745587, "leisure": "park", "name": "Tuebingen Parkway", "addr:city": null, "addr:housenumber": null, "addr:postcode": null, "addr:state": null, "addr:street": null, "operator": null, "operator:type": null, "operator:wikidata": null, "landuse": null, "ele": null, "website": null, "wikidata": null, "wikipedia": null, "note": null, "old_name": null, "short_name": null, "gnis:feature_id": null, "name:en": null, "name:zh": null, "opening_hours": null, "email": null, "fax": null, "layer": null, "phone": null, "source": null, "artist_name": null, "artwork_type": null, "description": null, "material": null, "start_date": null, "tourism": null, "wheelchair": null, "localwiki": null, "operator:wikipedia": null, "check_date:opening_hours": null, "addr:country": null, "owner": null, "ownership": null, "access": null, "type": null, "dog": null, "smoking": null, "loc_name": null }, "geometry": { "type": "Polygon", "coordinates": [ [ [ -83.7171272, 42.3090489 ], [ -83.7199865, 42.3082415 ], [ -83.7203521, 42.3080569 ], [ -83.7203126, 42.3083538 ], [ -83.7202742, 42.3087637 ], [ -83.720256, 42.3091979 ], [ -83.7202703, 42.3095861 ], [ -83.7173505, 42.3096544 ], [ -83.7173532, 42.3095263 ], [ -83.7173391, 42.3094037 ], [ -83.7172992, 42.3093144 ], [ -83.7172135, 42.3092393 ], [ -83.7171278, 42.3092026 ], [ -83.7171272, 42.3090489 ] ] ] } },
{ "type": "Feature", "properties": { "index": 58, "element": "way", "id": 394745584, "leisure": "park", "name": "Leslie Park", "addr:city": null, "addr:housenumber": null, "addr:postcode": null, "addr:state": null, "addr:street": null, "operator": "City of Ann Arbor", "operator:type": "public", "operator:wikidata": "Q485172", "landuse": null, "ele": null, "website": null, "wikidata": null, "wikipedia": null, "note": null, "old_name": null, "short_name": null, "gnis:feature_id": null, "name:en": null, "name:zh": null, "opening_hours": null, "email": null, "fax": null, "layer": "1", "phone": null, "source": "http://www.lesliesnc.org/sites/default/files/Site%20%26%20Trail%20Map.pdf", "artist_name": null, "artwork_type": null, "description": null, "material": null, "start_date": null, "tourism": null, "wheelchair": null, "localwiki": null, "operator:wikipedia": null, "check_date:opening_hours": null, "addr:country": null, "owner": null, "ownership": null, "access": null, "type": null, "dog": null, "smoking": null, "loc_name": null }, "geometry": { "type": "Polygon", "coordinates": [ [ [ -83.7321306, 42.3056433 ], [ -83.7324443, 42.3056577 ], [ -83.7332097, 42.3056928 ], [ -83.733209, 42.305785 ], [ -83.7339376, 42.3058273 ], [ -83.7348765, 42.3058036 ], [ -83.7348578, 42.3066252 ], [ -83.7339326, 42.3065948 ], [ -83.7333005, 42.3065759 ], [ -83.7300335, 42.3064785 ], [ -83.7292055, 42.3064916 ], [ -83.7281023, 42.3067027 ], [ -83.72817680453457, 42.30920579442283 ], [ -83.7268767, 42.3092705 ], [ -83.726877383621044, 42.309292648264034 ], [ -83.7268299, 42.3092951 ], [ -83.7269346, 42.3129176 ], [ -83.7249458, 42.3130173 ], [ -83.7239953, 42.3130595 ], [ -83.7242068, 42.3124793 ], [ -83.7245876, 42.3120639 ], [ -83.7250637, 42.3113739 ], [ -83.725216, 42.311219 ], [ -83.7253731, 42.3110817 ], [ -83.7254065, 42.3109427 ], [ -83.7252732, 42.3107878 ], [ -83.725097, 42.3106399 ], [ -83.725097, 42.3095204 ], [ -83.7255017, 42.3093303 ], [ -83.7257111, 42.3091437 ], [ -83.7261396, 42.3084607 ], [ -83.7269917, 42.3077566 ], [ -83.7270577, 42.3075636 ], [ -83.7280128, 42.3061688 ], [ -83.7280842, 42.3061547 ], [ -83.7280688, 42.3056777 ], [ -83.7301313, 42.3056196 ], [ -83.7317268, 42.3056248 ], [ -83.7321306, 42.3056433 ] ] ] } },
{ "type": "Feature", "properties": { "index": 59, "element": "way", "id": 1161979334, "leisure": "park", "name": null, "addr:city": null, "addr:housenumber": null, "addr:postcode": null, "addr:state": null, "addr:street": null, "operator": null, "operator:type": null, "operator:wikidata": null, "landuse": null, "ele": null, "website": null, "wikidata": null, "wikipedia": null, "note": null, "old_name": null, "short_name": null, "gnis:feature_id": null, "name:en": null, "name:zh": null, "opening_hours": null, "email": null, "fax": null, "layer": null, "phone": null, "source": null, "artist_name": null, "artwork_type": null, "description": null, "material": null, "start_date": null, "tourism": null, "wheelchair": null, "localwiki": null, "operator:wikipedia": null, "check_date:opening_hours": null, "addr:country": null, "owner": null, "ownership": null, "access": null, "type": null, "dog": null, "smoking": null, "loc_name": null }, "geometry": { "type": "Polygon", "coordinates": [ [ [ -83.7332269, 42.3122248 ], [ -83.7331988, 42.3118526 ], [ -83.733359, 42.3118469 ], [ -83.7333922, 42.3122168 ], [ -83.7332269, 42.3122248 ] ] ] } },
{ "type": "Feature", "properties": { "index": 60, "element": "way", "id": 394889911, "leisure": "park", "name": "Sugarbush Park", "addr:city": null, "addr:housenumber": null, "addr:postcode": null, "addr:state": null, "addr:street": null, "operator": null, "operator:type": null, "operator:wikidata": null, "landuse": null, "ele": null, "website": null, "wikidata": "Q49567126", "wikipedia": null, "note": null, "old_name": null, "short_name": null, "gnis:feature_id": "2647582", "name:en": null, "name:zh": null, "opening_hours": null, "email": null, "fax": null, "layer": null, "phone": null, "source": null, "artist_name": null, "artwork_type": null, "description": null, "material": null, "start_date": null, "tourism": null, "wheelchair": null, "localwiki": null, "operator:wikipedia": null, "check_date:opening_hours": null, "addr:country": null, "owner": null, "ownership": null, "access": null, "type": null, "dog": null, "smoking": null, "loc_name": null }, "geometry": { "type": "Polygon", "coordinates": [ [ [ -83.6978861, 42.3150621 ], [ -83.6972056, 42.3150665 ], [ -83.6969773, 42.3150996 ], [ -83.6962386, 42.3143503 ], [ -83.6958309, 42.3144376 ], [ -83.6957849, 42.314262 ], [ -83.6958148, 42.3139884 ], [ -83.6962266, 42.3140182 ], [ -83.6966087, 42.3137677 ], [ -83.6966385, 42.3134101 ], [ -83.6963222, 42.3131276 ], [ -83.6959162, 42.3130967 ], [ -83.6959341, 42.3127171 ], [ -83.6963998, 42.3126509 ], [ -83.6967102, 42.3124302 ], [ -83.6967161, 42.3120903 ], [ -83.6964147, 42.3118519 ], [ -83.6963864, 42.3118477 ], [ -83.6958685, 42.3117702 ], [ -83.6957193, 42.3116047 ], [ -83.6960685, 42.3113774 ], [ -83.6960117, 42.3110662 ], [ -83.6960058, 42.3106137 ], [ -83.6966326, 42.3105982 ], [ -83.6968355, 42.3106071 ], [ -83.6971758, 42.310638 ], [ -83.6974145, 42.3106556 ], [ -83.6977787, 42.3106512 ], [ -83.6978025, 42.3122867 ], [ -83.6983265, 42.312271 ], [ -83.6983338, 42.3124346 ], [ -83.6978085, 42.3124522 ], [ -83.6978861, 42.3150621 ] ] ] } },
{ "type": "Feature", "properties": { "index": 61, "element": "way", "id": 394889909, "leisure": "park", "name": "Sugarbush Park", "addr:city": null, "addr:housenumber": null, "addr:postcode": null, "addr:state": null, "addr:street": null, "operator": null, "operator:type": null, "operator:wikidata": null, "landuse": "grass", "ele": null, "website": null, "wikidata": null, "wikipedia": null, "note": null, "old_name": null, "short_name": null, "gnis:feature_id": null, "name:en": null, "name:zh": null, "opening_hours": null, "email": null, "fax": null, "layer": null, "phone": null, "source": null, "artist_name": null, "artwork_type": null, "description": null, "material": null, "start_date": null, "tourism": null, "wheelchair": null, "localwiki": null, "operator:wikipedia": null, "check_date:opening_hours": null, "addr:country": null, "owner": null, "ownership": null, "access": null, "type": null, "dog": null, "smoking": null, "loc_name": null }, "geometry": { "type": "Polygon", "coordinates": [ [ [ -83.6943246, 42.3151705 ], [ -83.693939, 42.3154945 ], [ -83.6935417, 42.3155075 ], [ -83.6931737, 42.3157235 ], [ -83.6931211, 42.3160778 ], [ -83.6929867, 42.3158834 ], [ -83.6928465, 42.3156025 ], [ -83.6927705, 42.3153736 ], [ -83.6927063, 42.3151057 ], [ -83.6927063, 42.3148249 ], [ -83.6927063, 42.3145786 ], [ -83.6928465, 42.3138226 ], [ -83.6931678, 42.3141596 ], [ -83.6936761, 42.3143281 ], [ -83.6939507, 42.3142719 ], [ -83.694272, 42.3142244 ], [ -83.6952536, 42.3142978 ], [ -83.6955749, 42.3142849 ], [ -83.6955807, 42.3143799 ], [ -83.6956158, 42.3144922 ], [ -83.6943246, 42.3151705 ] ] ] } },
{ "type": "Feature", "properties": { "index": 62, "element": "way", "id": 394889910, "leisure": "park", "name": "Sugarbush Park", "addr:city": null, "addr:housenumber": null, "addr:postcode": null, "addr:state": null, "addr:street": null, "operator": null, "operator:type": null, "operator:wikidata": null, "landuse": null, "ele": null, "website": null, "wikidata": null, "wikipedia": null, "note": null, "old_name": null, "short_name": null, "gnis:feature_id": null, "name:en": null, "name:zh": null, "opening_hours": null, "email": null, "fax": null, "layer": null, "phone": null, "source": null, "artist_name": null, "artwork_type": null, "description": null, "material": null, "start_date": null, "tourism": null, "wheelchair": null, "localwiki": null, "operator:wikipedia": null, "check_date:opening_hours": null, "addr:country": null, "owner": null, "ownership": null, "access": null, "type": null, "dog": null, "smoking": null, "loc_name": null }, "geometry": { "type": "Polygon", "coordinates": [ [ [ -83.7002927, 42.3164515 ], [ -83.6998428, 42.3165422 ], [ -83.699393, 42.3166631 ], [ -83.6979557, 42.3172032 ], [ -83.6973125, 42.3174274 ], [ -83.6966704, 42.3174364 ], [ -83.6973687, 42.3163846 ], [ -83.6974299, 42.3159374 ], [ -83.6973656, 42.3155399 ], [ -83.6973422, 42.3152548 ], [ -83.6978809, 42.3152473 ], [ -83.6978919, 42.3156071 ], [ -83.698761, 42.3155953 ], [ -83.6987629, 42.3152342 ], [ -83.6990492, 42.3152293 ], [ -83.6990676, 42.315603 ], [ -83.6990249, 42.3156047 ], [ -83.6990482, 42.3158337 ], [ -83.699006, 42.31584 ], [ -83.6989427, 42.3158712 ], [ -83.6989047, 42.3159056 ], [ -83.6988758, 42.3159666 ], [ -83.6988857, 42.3160195 ], [ -83.6989089, 42.3160788 ], [ -83.6989617, 42.3161209 ], [ -83.6990299, 42.316152 ], [ -83.699101, 42.3161568 ], [ -83.6991833, 42.3161475 ], [ -83.6992693, 42.3161164 ], [ -83.6992644, 42.3163996 ], [ -83.7007776, 42.3163867 ], [ -83.7002927, 42.3164515 ] ] ] } },
{ "type": "Feature", "properties": { "index": 63, "element": "way", "id": 394889907, "leisure": "park", "name": "Kilburn Park", "addr:city": null, "addr:housenumber": null, "addr:postcode": null, "addr:state": null, "addr:street": null, "operator": null, "operator:type": null, "operator:wikidata": null, "landuse": "grass", "ele": null, "website": null, "wikidata": null, "wikipedia": null, "note": null, "old_name": null, "short_name": null, "gnis:feature_id": null, "name:en": null, "name:zh": null, "opening_hours": null, "email": null, "fax": null, "layer": null, "phone": null, "source": null, "artist_name": null, "artwork_type": null, "description": null, "material": null, "start_date": null, "tourism": null, "wheelchair": null, "localwiki": null, "operator:wikipedia": null, "check_date:opening_hours": null, "addr:country": null, "owner": null, "ownership": null, "access": null, "type": null, "dog": null, "smoking": null, "loc_name": null }, "geometry": { "type": "Polygon", "coordinates": [ [ [ -83.6957672, 42.319896 ], [ -83.6956508, 42.3198972 ], [ -83.6956508, 42.3196121 ], [ -83.6952514, 42.3196162 ], [ -83.6952456, 42.3190934 ], [ -83.695268, 42.3190613 ], [ -83.6953237, 42.3190505 ], [ -83.6956362, 42.3190484 ], [ -83.6958203, 42.3190505 ], [ -83.6960277, 42.3190786 ], [ -83.6961723, 42.319111 ], [ -83.696051, 42.3194091 ], [ -83.6962146, 42.3194566 ], [ -83.6963709, 42.3195171 ], [ -83.696054, 42.3198929 ], [ -83.6957672, 42.319896 ] ] ] } },
{ "type": "Feature", "properties": { "index": 64, "element": "way", "id": 394510227, "leisure": "park", "name": "Placid Way Park", "addr:city": null, "addr:housenumber": null, "addr:postcode": null, "addr:state": null, "addr:street": null, "operator": null, "operator:type": null, "operator:wikidata": null, "landuse": null, "ele": null, "website": null, "wikidata": null, "wikipedia": null, "note": null, "old_name": null, "short_name": null, "gnis:feature_id": null, "name:en": null, "name:zh": null, "opening_hours": null, "email": null, "fax": null, "layer": null, "phone": null, "source": null, "artist_name": null, "artwork_type": null, "description": null, "material": null, "start_date": null, "tourism": null, "wheelchair": null, "localwiki": null, "operator:wikipedia": null, "check_date:opening_hours": null, "addr:country": null, "owner": null, "ownership": null, "access": null, "type": null, "dog": null, "smoking": null, "loc_name": null }, "geometry": { "type": "Polygon", "coordinates": [ [ [ -83.7163606, 42.3153073 ], [ -83.7161884, 42.3150138 ], [ -83.7160816, 42.3148731 ], [ -83.7160332, 42.3147658 ], [ -83.7159849, 42.3146279 ], [ -83.7159486, 42.3144451 ], [ -83.7158808, 42.3142781 ], [ -83.7158864, 42.3141195 ], [ -83.7159119, 42.3139272 ], [ -83.7159577, 42.3137048 ], [ -83.7160393, 42.3134936 ], [ -83.7164001, 42.3135633 ], [ -83.7163249, 42.3137538 ], [ -83.716279, 42.3139499 ], [ -83.7162535, 42.3141723 ], [ -83.7162535, 42.3143401 ], [ -83.7162484, 42.3144721 ], [ -83.7162841, 42.3146795 ], [ -83.7163759, 42.3148454 ], [ -83.716483, 42.3150189 ], [ -83.7166105, 42.3152395 ], [ -83.7163606, 42.3153073 ] ] ] } },
{ "type": "Feature", "properties": { "index": 65, "element": "relation", "id": 14478629, "leisure": "park", "name": "Foxfire South Park", "addr:city": "Ann Arbor", "addr:housenumber": "2400", "addr:postcode": "48105", "addr:state": "MI", "addr:street": "Dhu Varren Road", "operator": "City of Ann Arbor", "operator:type": "government", "operator:wikidata": "Q485172", "landuse": null, "ele": null, "website": null, "wikidata": null, "wikipedia": null, "note": null, "old_name": null, "short_name": null, "gnis:feature_id": null, "name:en": null, "name:zh": null, "opening_hours": null, "email": null, "fax": null, "layer": null, "phone": null, "source": null, "artist_name": null, "artwork_type": null, "description": null, "material": null, "start_date": null, "tourism": null, "wheelchair": null, "localwiki": null, "operator:wikipedia": null, "check_date:opening_hours": null, "addr:country": null, "owner": null, "ownership": null, "access": null, "type": "multipolygon", "dog": null, "smoking": null, "loc_name": null }, "geometry": { "type": "MultiPolygon", "coordinates": [ [ [ [ -83.7202127, 42.3150101 ], [ -83.7198882, 42.3152127 ], [ -83.7192896, 42.3154367 ], [ -83.7192264, 42.3153884 ], [ -83.7190458, 42.3153641 ], [ -83.716483, 42.3150189 ], [ -83.7163759, 42.3148454 ], [ -83.7162841, 42.3146795 ], [ -83.7162484, 42.3144721 ], [ -83.7162535, 42.3143401 ], [ -83.7176609, 42.3147323 ], [ -83.7186043, 42.3147549 ], [ -83.7195018, 42.314491 ], [ -83.719767, 42.3138556 ], [ -83.7200525, 42.3133729 ], [ -83.7207052, 42.3132636 ], [ -83.7205319, 42.3126037 ], [ -83.7210257, 42.3125114 ], [ -83.7211354, 42.312742 ], [ -83.7212613, 42.3130102 ], [ -83.7213715, 42.3132247 ], [ -83.7215109, 42.3134788 ], [ -83.7217034, 42.3138165 ], [ -83.7218127, 42.3139794 ], [ -83.7210493, 42.3144555 ], [ -83.7202127, 42.3150101 ] ] ], [ [ [ -83.7133908, 42.3159535 ], [ -83.7133735, 42.3157696 ], [ -83.712517, 42.3157934 ], [ -83.7125013, 42.3153868 ], [ -83.7128485, 42.315384 ], [ -83.7129729, 42.3150621 ], [ -83.713042, 42.3150672 ], [ -83.7129176, 42.315384 ], [ -83.7131456, 42.3153789 ], [ -83.7135186, 42.3152256 ], [ -83.7137051, 42.3149549 ], [ -83.7137811, 42.3147045 ], [ -83.713491, 42.3139127 ], [ -83.713567, 42.3138668 ], [ -83.7138019, 42.3145155 ], [ -83.7140989, 42.3144083 ], [ -83.7145272, 42.3143214 ], [ -83.7151697, 42.3142499 ], [ -83.7158808, 42.3142781 ], [ -83.7159486, 42.3144451 ], [ -83.7159849, 42.3146279 ], [ -83.7160332, 42.3147658 ], [ -83.7160816, 42.3148731 ], [ -83.7161884, 42.3150138 ], [ -83.7154668, 42.3150775 ], [ -83.7146101, 42.3149549 ], [ -83.7142025, 42.3150928 ], [ -83.7140989, 42.3156445 ], [ -83.7145065, 42.3158948 ], [ -83.714548, 42.3163341 ], [ -83.7145756, 42.3164925 ], [ -83.7146999, 42.3169726 ], [ -83.714244, 42.3169828 ], [ -83.7133908, 42.3159535 ] ] ] ] } },
{ "type": "Feature", "properties": { "index": 66, "element": "way", "id": 394510222, "leisure": "park", "name": "Foxfire East Park", "addr:city": "Ann Arbor", "addr:housenumber": "3100", "addr:postcode": "48105", "addr:state": "MI", "addr:street": "Foxway Drive", "operator": "City of Ann Arbor", "operator:type": "public", "operator:wikidata": "Q485172", "landuse": null, "ele": null, "website": null, "wikidata": null, "wikipedia": null, "note": null, "old_name": null, "short_name": null, "gnis:feature_id": null, "name:en": null, "name:zh": null, "opening_hours": null, "email": null, "fax": null, "layer": null, "phone": null, "source": null, "artist_name": null, "artwork_type": null, "description": null, "material": null, "start_date": null, "tourism": null, "wheelchair": null, "localwiki": null, "operator:wikipedia": null, "check_date:opening_hours": null, "addr:country": null, "owner": null, "ownership": null, "access": null, "type": null, "dog": null, "smoking": null, "loc_name": null }, "geometry": { "type": "Polygon", "coordinates": [ [ [ -83.7126483, 42.3192705 ], [ -83.7126412, 42.3191028 ], [ -83.7132916, 42.3190786 ], [ -83.7138346, 42.3182732 ], [ -83.7138346, 42.3175768 ], [ -83.7140625, 42.3172992 ], [ -83.7148401, 42.3172818 ], [ -83.7147597, 42.3175867 ], [ -83.7143776, 42.3177056 ], [ -83.7141296, 42.318231 ], [ -83.7140625, 42.3184888 ], [ -83.7143575, 42.318806 ], [ -83.714143, 42.3189002 ], [ -83.713962, 42.3190092 ], [ -83.7138212, 42.3191282 ], [ -83.7136804, 42.319257 ], [ -83.7135464, 42.3193809 ], [ -83.7134659, 42.3195197 ], [ -83.7126495, 42.3192977 ], [ -83.7126483, 42.3192705 ] ] ] } },
{ "type": "Feature", "properties": { "index": 67, "element": "way", "id": 284757809, "leisure": "park", "name": "Olson Park", "addr:city": null, "addr:housenumber": "1505", "addr:postcode": null, "addr:state": null, "addr:street": "Dhu Varren Road", "operator": "City of Ann Arbor", "operator:type": "public", "operator:wikidata": "Q485172", "landuse": null, "ele": null, "website": null, "wikidata": null, "wikipedia": null, "note": null, "old_name": null, "short_name": null, "gnis:feature_id": null, "name:en": null, "name:zh": null, "opening_hours": null, "email": null, "fax": null, "layer": null, "phone": null, "source": null, "artist_name": null, "artwork_type": null, "description": null, "material": null, "start_date": null, "tourism": null, "wheelchair": null, "localwiki": null, "operator:wikipedia": null, "check_date:opening_hours": null, "addr:country": null, "owner": null, "ownership": null, "access": null, "type": null, "dog": null, "smoking": null, "loc_name": null }, "geometry": { "type": "Polygon", "coordinates": [ [ [ -83.7269812, 42.318474 ], [ -83.7278255, 42.3184221 ], [ -83.7284442, 42.3183841 ], [ -83.7282934, 42.3166777 ], [ -83.7282869, 42.3166039 ], [ -83.7340526, 42.3163083 ], [ -83.7343731, 42.3173459 ], [ -83.7343195, 42.3173697 ], [ -83.734487, 42.3178957 ], [ -83.7343998, 42.3179056 ], [ -83.7349251, 42.3195804 ], [ -83.7348661, 42.3196377 ], [ -83.7340427, 42.3198184 ], [ -83.7340268, 42.3197752 ], [ -83.7297928, 42.3207297 ], [ -83.7269812, 42.318474 ] ] ] } },
{ "type": "Feature", "properties": { "index": 68, "element": "way", "id": 394510226, "leisure": "park", "name": "Foxfire West Park", "addr:city": "Ann Arbor", "addr:housenumber": "2271", "addr:postcode": "48105", "addr:state": "MI", "addr:street": "Hickory Point Drive", "operator": "City of Ann Arbor", "operator:type": "public", "operator:wikidata": "Q485172", "landuse": null, "ele": null, "website": null, "wikidata": null, "wikipedia": null, "note": null, "old_name": null, "short_name": null, "gnis:feature_id": null, "name:en": null, "name:zh": null, "opening_hours": null, "email": null, "fax": null, "layer": null, "phone": null, "source": null, "artist_name": null, "artwork_type": null, "description": null, "material": null, "start_date": null, "tourism": null, "wheelchair": null, "localwiki": null, "operator:wikipedia": null, "check_date:opening_hours": null, "addr:country": null, "owner": null, "ownership": null, "access": null, "type": null, "dog": null, "smoking": null, "loc_name": null }, "geometry": { "type": "Polygon", "coordinates": [ [ [ -83.7266663, 42.3192309 ], [ -83.725587, 42.3193577 ], [ -83.725223, 42.319333 ], [ -83.7249552, 42.3191164 ], [ -83.7246415, 42.3189618 ], [ -83.724265, 42.3189958 ], [ -83.7238926, 42.3191226 ], [ -83.7239637, 42.3194505 ], [ -83.7237629, 42.3194907 ], [ -83.7233739, 42.3196145 ], [ -83.7232274, 42.3193515 ], [ -83.7228509, 42.3194103 ], [ -83.7227965, 42.3193144 ], [ -83.7224911, 42.3194474 ], [ -83.7224326, 42.3193794 ], [ -83.7227672, 42.3192092 ], [ -83.7226961, 42.3189896 ], [ -83.7222652, 42.3186153 ], [ -83.7264237, 42.3184328 ], [ -83.7275574, 42.3193299 ], [ -83.7266663, 42.3192309 ] ] ] } },
{ "type": "Feature", "properties": { "index": 69, "element": "way", "id": 394510223, "leisure": "park", "name": "Foxfire North Park", "addr:city": "Ann Arbor", "addr:housenumber": "2405", "addr:postcode": "48105", "addr:state": "MI", "addr:street": "Hickory Point Drive", "operator": "City of Ann Arbor", "operator:type": "public", "operator:wikidata": "Q485172", "landuse": null, "ele": null, "website": null, "wikidata": null, "wikipedia": null, "note": null, "old_name": null, "short_name": null, "gnis:feature_id": null, "name:en": null, "name:zh": null, "opening_hours": null, "email": null, "fax": null, "layer": null, "phone": null, "source": null, "artist_name": null, "artwork_type": null, "description": null, "material": null, "start_date": null, "tourism": null, "wheelchair": null, "localwiki": null, "operator:wikipedia": null, "check_date:opening_hours": null, "addr:country": null, "owner": null, "ownership": null, "access": null, "type": null, "dog": null, "smoking": null, "loc_name": null }, "geometry": { "type": "Polygon", "coordinates": [ [ [ -83.7169766, 42.3229183 ], [ -83.7168375, 42.321649 ], [ -83.7170552, 42.3216267 ], [ -83.7172849, 42.3216133 ], [ -83.7176415, 42.3216043 ], [ -83.7178712, 42.3215909 ], [ -83.7181372, 42.3215462 ], [ -83.7183306, 42.3214881 ], [ -83.7185361, 42.3214032 ], [ -83.7187114, 42.3213094 ], [ -83.7192192, 42.3209697 ], [ -83.7193885, 42.3208848 ], [ -83.7195698, 42.3207909 ], [ -83.719733, 42.3207328 ], [ -83.7199265, 42.3206881 ], [ -83.7203133, 42.3225295 ], [ -83.7169766, 42.3229183 ] ] ] } },
{ "type": "Feature", "properties": { "index": 70, "element": "relation", "id": 5720987, "leisure": "park", "name": "Waymarket Park", "addr:city": null, "addr:housenumber": null, "addr:postcode": null, "addr:state": null, "addr:street": null, "operator": null, "operator:type": null, "operator:wikidata": null, "landuse": null, "ele": null, "website": null, "wikidata": null, "wikipedia": null, "note": null, "old_name": null, "short_name": null, "gnis:feature_id": null, "name:en": null, "name:zh": null, "opening_hours": null, "email": null, "fax": null, "layer": null, "phone": null, "source": null, "artist_name": null, "artwork_type": null, "description": null, "material": null, "start_date": null, "tourism": null, "wheelchair": null, "localwiki": null, "operator:wikipedia": null, "check_date:opening_hours": null, "addr:country": null, "owner": null, "ownership": null, "access": null, "type": "multipolygon", "dog": null, "smoking": null, "loc_name": null }, "geometry": { "type": "MultiPolygon", "coordinates": [ [ [ [ -83.7533313, 42.2412351 ], [ -83.7532522, 42.2413955 ], [ -83.7532231, 42.2413866 ], [ -83.7531781, 42.2414671 ], [ -83.7532275, 42.2414822 ], [ -83.7532262, 42.2414923 ], [ -83.7531763, 42.2416348 ], [ -83.7531662, 42.2418813 ], [ -83.7528634, 42.2418798 ], [ -83.7520199, 42.2418758 ], [ -83.7517989, 42.2418747 ], [ -83.7514956, 42.2418602 ], [ -83.7516612, 42.2411824 ], [ -83.7516574, 42.2411382 ], [ -83.7516113, 42.2410439 ], [ -83.751576, 42.2410526 ], [ -83.7515292, 42.2410542 ], [ -83.7514768, 42.2410446 ], [ -83.7514267, 42.2410322 ], [ -83.751361, 42.2410094 ], [ -83.7513344, 42.2410021 ], [ -83.7513374, 42.2409955 ], [ -83.7513571, 42.2409856 ], [ -83.7513165, 42.2409773 ], [ -83.7512868, 42.2409861 ], [ -83.7512712, 42.2409963 ], [ -83.7512564, 42.2410123 ], [ -83.7512533, 42.2410266 ], [ -83.7511879, 42.2409485 ], [ -83.7511791, 42.2409381 ], [ -83.751177, 42.2408493 ], [ -83.7516843, 42.2408477 ], [ -83.7516835, 42.2407133 ], [ -83.7518231, 42.2407127 ], [ -83.7521797, 42.2408362 ], [ -83.7533313, 42.2412351 ] ] ], [ [ [ -83.7535413, 42.2422036 ], [ -83.753421, 42.2422032 ], [ -83.7534029, 42.2422031 ], [ -83.7534033, 42.241996 ], [ -83.7534083, 42.2416929 ], [ -83.753415, 42.2415969 ], [ -83.7538972, 42.2416521 ], [ -83.7541592, 42.2416411 ], [ -83.7543434, 42.2416457 ], [ -83.7545712, 42.2416252 ], [ -83.7548067, 42.2416393 ], [ -83.755017, 42.2416616 ], [ -83.75518, 42.2416965 ], [ -83.7553652, 42.2417382 ], [ -83.7556968, 42.2419065 ], [ -83.7543628, 42.2419577 ], [ -83.7543596, 42.2422021 ], [ -83.7540958, 42.2421999 ], [ -83.7535413, 42.2422036 ] ] ] ] } },
{ "type": "Feature", "properties": { "index": 71, "element": "way", "id": 1278864227, "leisure": "park", "name": "Willow Nature Area", "addr:city": "Ann Arbor", "addr:housenumber": "385", "addr:postcode": "48104", "addr:state": "MI", "addr:street": "East Eisenhower Parkway", "operator": null, "operator:type": null, "operator:wikidata": null, "landuse": null, "ele": null, "website": null, "wikidata": null, "wikipedia": null, "note": "undeveloped park with no trails", "old_name": null, "short_name": null, "gnis:feature_id": null, "name:en": null, "name:zh": null, "opening_hours": "06:00-00:00", "email": null, "fax": null, "layer": null, "phone": null, "source": null, "artist_name": null, "artwork_type": null, "description": null, "material": null, "start_date": null, "tourism": null, "wheelchair": null, "localwiki": null, "operator:wikipedia": null, "check_date:opening_hours": null, "addr:country": null, "owner": null, "ownership": null, "access": null, "type": null, "dog": null, "smoking": null, "loc_name": null }, "geometry": { "type": "Polygon", "coordinates": [ [ [ -83.7435232, 42.2457172 ], [ -83.7435292, 42.2448607 ], [ -83.7441497, 42.2448516 ], [ -83.7441318, 42.2440284 ], [ -83.7442795, 42.2440274 ], [ -83.7442678, 42.2457073 ], [ -83.7435232, 42.2457172 ] ] ] } },
{ "type": "Feature", "properties": { "index": 72, "element": "way", "id": 393917976, "leisure": "park", "name": "Ward Park", "addr:city": null, "addr:housenumber": null, "addr:postcode": null, "addr:state": null, "addr:street": null, "operator": null, "operator:type": null, "operator:wikidata": null, "landuse": null, "ele": null, "website": null, "wikidata": null, "wikipedia": null, "note": null, "old_name": null, "short_name": null, "gnis:feature_id": null, "name:en": null, "name:zh": null, "opening_hours": null, "email": null, "fax": null, "layer": null, "phone": null, "source": null, "artist_name": null, "artwork_type": null, "description": null, "material": null, "start_date": null, "tourism": null, "wheelchair": null, "localwiki": null, "operator:wikipedia": null, "check_date:opening_hours": null, "addr:country": null, "owner": null, "ownership": null, "access": null, "type": null, "dog": null, "smoking": null, "loc_name": null }, "geometry": { "type": "Polygon", "coordinates": [ [ [ -83.7474396, 42.2474903 ], [ -83.747338, 42.2476407 ], [ -83.7472191, 42.2477704 ], [ -83.7470958, 42.2478904 ], [ -83.7469466, 42.2479961 ], [ -83.7467715, 42.2481033 ], [ -83.7465877, 42.2481849 ], [ -83.7463975, 42.2482505 ], [ -83.7461986, 42.2483033 ], [ -83.7459867, 42.248337 ], [ -83.7457705, 42.2483578 ], [ -83.7444021, 42.2484019 ], [ -83.7443543, 42.2474233 ], [ -83.7471807, 42.2473501 ], [ -83.7475153, 42.2473414 ], [ -83.7474396, 42.2474903 ] ] ] } },
{ "type": "Feature", "properties": { "index": 73, "element": "way", "id": 393535454, "leisure": "park", "name": "Cranbrook Park", "addr:city": null, "addr:housenumber": null, "addr:postcode": null, "addr:state": null, "addr:street": null, "operator": null, "operator:type": null, "operator:wikidata": null, "landuse": null, "ele": null, "website": null, "wikidata": null, "wikipedia": null, "note": null, "old_name": null, "short_name": null, "gnis:feature_id": null, "name:en": null, "name:zh": null, "opening_hours": null, "email": null, "fax": null, "layer": null, "phone": null, "source": null, "artist_name": null, "artwork_type": null, "description": null, "material": null, "start_date": null, "tourism": null, "wheelchair": null, "localwiki": null, "operator:wikipedia": null, "check_date:opening_hours": null, "addr:country": null, "owner": null, "ownership": null, "access": null, "type": null, "dog": null, "smoking": null, "loc_name": null }, "geometry": { "type": "Polygon", "coordinates": [ [ [ -83.7523501, 42.2509547 ], [ -83.7520565, 42.2509614 ], [ -83.752003, 42.2498471 ], [ -83.7519758, 42.2490992 ], [ -83.7519704, 42.2489501 ], [ -83.751924, 42.2489521 ], [ -83.7519318, 42.2487857 ], [ -83.7517062, 42.2486399 ], [ -83.7513993, 42.2485377 ], [ -83.7510151, 42.2481494 ], [ -83.7508852, 42.2480962 ], [ -83.7506639, 42.2480056 ], [ -83.7504656, 42.2477702 ], [ -83.7502756, 42.2476998 ], [ -83.749565, 42.2477243 ], [ -83.7495582, 42.2475019 ], [ -83.7495556, 42.2474453 ], [ -83.7495597, 42.2473798 ], [ -83.7495865, 42.2472448 ], [ -83.7495786, 42.2470786 ], [ -83.7500343, 42.247215 ], [ -83.7505983, 42.2472049 ], [ -83.7505978, 42.2470576 ], [ -83.7512175, 42.2470454 ], [ -83.7512187, 42.2472175 ], [ -83.7512751, 42.2472218 ], [ -83.7515026, 42.2472197 ], [ -83.751531, 42.2471522 ], [ -83.7518934, 42.2471373 ], [ -83.7518686, 42.2463042 ], [ -83.7520975, 42.2462961 ], [ -83.7521016, 42.2465133 ], [ -83.7520685, 42.2467763 ], [ -83.7520809, 42.2470026 ], [ -83.752147, 42.2472197 ], [ -83.7529243, 42.2477771 ], [ -83.7532712, 42.2474965 ], [ -83.7532951, 42.2475138 ], [ -83.7529482, 42.2477944 ], [ -83.7539808, 42.2485023 ], [ -83.7540102, 42.2485225 ], [ -83.7540928, 42.2485561 ], [ -83.7542705, 42.2486723 ], [ -83.7544936, 42.2486631 ], [ -83.7556007, 42.2495928 ], [ -83.7560655, 42.2496631 ], [ -83.7560593, 42.2498405 ], [ -83.7560758, 42.2499995 ], [ -83.7553529, 42.2494429 ], [ -83.7527543, 42.2494827 ], [ -83.7528097, 42.2501815 ], [ -83.75287, 42.2509429 ], [ -83.7523501, 42.2509547 ] ] ] } },
{ "type": "Feature", "properties": { "index": 74, "element": "way", "id": 393917969, "leisure": "park", "name": "Lansdowne Park", "addr:city": null, "addr:housenumber": null, "addr:postcode": null, "addr:state": null, "addr:street": null, "operator": null, "operator:type": null, "operator:wikidata": null, "landuse": null, "ele": null, "website": null, "wikidata": null, "wikipedia": null, "note": null, "old_name": null, "short_name": null, "gnis:feature_id": null, "name:en": null, "name:zh": null, "opening_hours": null, "email": null, "fax": null, "layer": null, "phone": null, "source": null, "artist_name": null, "artwork_type": null, "description": null, "material": null, "start_date": null, "tourism": null, "wheelchair": null, "localwiki": null, "operator:wikipedia": null, "check_date:opening_hours": null, "addr:country": null, "owner": null, "ownership": null, "access": null, "type": null, "dog": null, "smoking": null, "loc_name": null }, "geometry": { "type": "Polygon", "coordinates": [ [ [ -83.7588246, 42.2537504 ], [ -83.7586007, 42.2537101 ], [ -83.7583672, 42.2536367 ], [ -83.7581722, 42.2535491 ], [ -83.7580186, 42.253426 ], [ -83.7578907, 42.2532888 ], [ -83.7578012, 42.2531207 ], [ -83.75775, 42.2529384 ], [ -83.7577692, 42.2527656 ], [ -83.7578172, 42.2525904 ], [ -83.7590964, 42.2527277 ], [ -83.7588246, 42.2537504 ] ] ] } },
{ "type": "Feature", "properties": { "index": 75, "element": "relation", "id": 6782087, "leisure": "park", "name": "Graydon Park", "addr:city": null, "addr:housenumber": null, "addr:postcode": null, "addr:state": null, "addr:street": null, "operator": "City of Ann Arbor", "operator:type": "public", "operator:wikidata": "Q485172", "landuse": null, "ele": null, "website": null, "wikidata": null, "wikipedia": null, "note": null, "old_name": null, "short_name": null, "gnis:feature_id": null, "name:en": null, "name:zh": null, "opening_hours": null, "email": null, "fax": null, "layer": null, "phone": null, "source": null, "artist_name": null, "artwork_type": null, "description": null, "material": null, "start_date": null, "tourism": null, "wheelchair": null, "localwiki": null, "operator:wikipedia": null, "check_date:opening_hours": null, "addr:country": null, "owner": null, "ownership": null, "access": null, "type": "multipolygon", "dog": null, "smoking": null, "loc_name": null }, "geometry": { "type": "MultiPolygon", "coordinates": [ [ [ [ -83.7369633, 42.2614568 ], [ -83.7362542, 42.2614632 ], [ -83.7362441, 42.2611645 ], [ -83.7369633, 42.2614568 ] ] ], [ [ [ -83.7382458, 42.2617898 ], [ -83.737833, 42.2615807 ], [ -83.7382336, 42.2615695 ], [ -83.7382458, 42.2617898 ] ] ], [ [ [ -83.7390768, 42.2621555 ], [ -83.7387606, 42.2620121 ], [ -83.7390687, 42.2620096 ], [ -83.7390768, 42.2621555 ] ] ], [ [ [ -83.7382327, 42.2624861 ], [ -83.7382312, 42.2620624 ], [ -83.7378922, 42.2620713 ], [ -83.7378848, 42.2618891 ], [ -83.7374838, 42.2618966 ], [ -83.7374777, 42.261685 ], [ -83.7375478, 42.2617013 ], [ -83.7379801, 42.2619154 ], [ -83.7383544, 42.2620928 ], [ -83.7386861, 42.2622391 ], [ -83.7391154, 42.2624074 ], [ -83.739117, 42.2624195 ], [ -83.7391132, 42.2624309 ], [ -83.7391165, 42.2624406 ], [ -83.7391086, 42.2624636 ], [ -83.7390756, 42.2624655 ], [ -83.7383679, 42.262482 ], [ -83.7382327, 42.2624861 ] ] ], [ [ [ -83.7393406, 42.2626322 ], [ -83.7398198, 42.2627509 ], [ -83.7403046, 42.2628824 ], [ -83.7403084, 42.2629032 ], [ -83.7398201, 42.2629127 ], [ -83.7398154, 42.2627633 ], [ -83.7393438, 42.2627703 ], [ -83.7393406, 42.2626322 ] ] ] ] } },
{ "type": "Feature", "properties": { "index": 76, "element": "way", "id": 393917964, "leisure": "park", "name": "Allmendinger Park", "addr:city": null, "addr:housenumber": null, "addr:postcode": null, "addr:state": null, "addr:street": null, "operator": "City of Ann Arbor", "operator:type": "government", "operator:wikidata": "Q485172", "landuse": null, "ele": "279", "website": null, "wikidata": "Q34806279", "wikipedia": null, "note": null, "old_name": null, "short_name": null, "gnis:feature_id": "619999", "name:en": null, "name:zh": null, "opening_hours": null, "email": null, "fax": null, "layer": null, "phone": null, "source": null, "artist_name": null, "artwork_type": null, "description": null, "material": null, "start_date": null, "tourism": null, "wheelchair": null, "localwiki": null, "operator:wikipedia": "en:Ann Arbor, Michigan", "check_date:opening_hours": null, "addr:country": null, "owner": null, "ownership": null, "access": null, "type": null, "dog": null, "smoking": null, "loc_name": null }, "geometry": { "type": "Polygon", "coordinates": [ [ [ -83.7548176, 42.2683551 ], [ -83.7547627, 42.2683308 ], [ -83.7547008, 42.2667058 ], [ -83.7547486, 42.2666708 ], [ -83.7569222, 42.2666527 ], [ -83.7569438, 42.2666675 ], [ -83.7569924, 42.2682594 ], [ -83.7569229, 42.2683017 ], [ -83.7548176, 42.2683551 ] ] ] } },
{ "type": "Feature", "properties": { "index": 77, "element": "way", "id": 283124189, "leisure": "park", "name": "Forsythe Park", "addr:city": null, "addr:housenumber": null, "addr:postcode": null, "addr:state": null, "addr:street": null, "operator": null, "operator:type": null, "operator:wikidata": null, "landuse": null, "ele": null, "website": "https://www.a2gov.org/government/communityservices/Parks-Recreation/parks-places/Pages/Forsythe.aspx", "wikidata": null, "wikipedia": null, "note": null, "old_name": null, "short_name": null, "gnis:feature_id": null, "name:en": null, "name:zh": null, "opening_hours": null, "email": null, "fax": null, "layer": null, "phone": null, "source": null, "artist_name": null, "artwork_type": null, "description": null, "material": null, "start_date": null, "tourism": null, "wheelchair": null, "localwiki": null, "operator:wikipedia": null, "check_date:opening_hours": null, "addr:country": null, "owner": null, "ownership": null, "access": null, "type": null, "dog": null, "smoking": null, "loc_name": null }, "geometry": { "type": "Polygon", "coordinates": [ [ [ -83.7395191, 42.2693041 ], [ -83.7396387, 42.2694136 ], [ -83.739686, 42.2694569 ], [ -83.7398037, 42.2693886 ], [ -83.7399113, 42.2694979 ], [ -83.7394912, 42.2697215 ], [ -83.7392251, 42.2694787 ], [ -83.7395191, 42.2693041 ] ] ] } },
{ "type": "Feature", "properties": { "index": 78, "element": "way", "id": 468829386, "leisure": "park", "name": "Triangle Park", "addr:city": null, "addr:housenumber": null, "addr:postcode": null, "addr:state": null, "addr:street": null, "operator": null, "operator:type": null, "operator:wikidata": null, "landuse": null, "ele": null, "website": null, "wikidata": null, "wikipedia": null, "note": null, "old_name": null, "short_name": null, "gnis:feature_id": null, "name:en": null, "name:zh": null, "opening_hours": null, "email": null, "fax": null, "layer": null, "phone": null, "source": null, "artist_name": null, "artwork_type": null, "description": null, "material": null, "start_date": null, "tourism": null, "wheelchair": null, "localwiki": null, "operator:wikipedia": null, "check_date:opening_hours": null, "addr:country": null, "owner": null, "ownership": null, "access": null, "type": null, "dog": null, "smoking": null, "loc_name": null }, "geometry": { "type": "Polygon", "coordinates": [ [ [ -83.735949, 42.2701838 ], [ -83.7359302, 42.2701912 ], [ -83.7359074, 42.2701942 ], [ -83.7358195, 42.270196 ], [ -83.7357987, 42.2701947 ], [ -83.7357855, 42.2701907 ], [ -83.7357742, 42.270182 ], [ -83.7357652, 42.2701709 ], [ -83.7357632, 42.2701585 ], [ -83.7357645, 42.2700156 ], [ -83.7357686, 42.2700062 ], [ -83.7357795, 42.2699993 ], [ -83.7358108, 42.2699997 ], [ -83.7358215, 42.2700077 ], [ -83.7359536, 42.2701292 ], [ -83.735961, 42.2701411 ], [ -83.7359624, 42.2701585 ], [ -83.7359586, 42.2701704 ], [ -83.735949, 42.2701838 ] ] ] } },
{ "type": "Feature", "properties": { "index": 79, "element": "way", "id": 388051698, "leisure": "park", "name": "Wurster Park", "addr:city": "Ann Arbor", "addr:housenumber": "599", "addr:postcode": "48103", "addr:state": "MI", "addr:street": "West Madison Street", "operator": null, "operator:type": null, "operator:wikidata": null, "landuse": null, "ele": "269", "website": null, "wikidata": "Q49583298", "wikipedia": null, "note": null, "old_name": null, "short_name": null, "gnis:feature_id": "1616848", "name:en": null, "name:zh": null, "opening_hours": "PH,Mo-Su 06:00-22:00", "email": null, "fax": null, "layer": null, "phone": null, "source": null, "artist_name": null, "artwork_type": null, "description": null, "material": null, "start_date": null, "tourism": null, "wheelchair": null, "localwiki": null, "operator:wikipedia": null, "check_date:opening_hours": "2023-06-27", "addr:country": null, "owner": null, "ownership": null, "access": null, "type": null, "dog": null, "smoking": null, "loc_name": null }, "geometry": { "type": "Polygon", "coordinates": [ [ [ -83.7543561, 42.2738959 ], [ -83.7543444, 42.273536 ], [ -83.7541151, 42.2735401 ], [ -83.7540912, 42.2728081 ], [ -83.7536117, 42.2728167 ], [ -83.7536095, 42.2727493 ], [ -83.753599, 42.2724282 ], [ -83.7536671, 42.272427 ], [ -83.7536567, 42.272107 ], [ -83.7536, 42.2721081 ], [ -83.753589, 42.271771 ], [ -83.7536527, 42.2717699 ], [ -83.7536474, 42.2716072 ], [ -83.7535847, 42.2716083 ], [ -83.7535825, 42.2715421 ], [ -83.7552807, 42.2715118 ], [ -83.7553068, 42.2723111 ], [ -83.7548013, 42.2723201 ], [ -83.7548524, 42.273887 ], [ -83.7543561, 42.2738959 ] ] ] } },
{ "type": "Feature", "properties": { "index": 80, "element": "way", "id": 393917972, "leisure": "park", "name": "Meadowbrook Park", "addr:city": null, "addr:housenumber": null, "addr:postcode": null, "addr:state": null, "addr:street": null, "operator": "City of Ann Arbor", "operator:type": "public", "operator:wikidata": "Q485172", "landuse": null, "ele": null, "website": null, "wikidata": null, "wikipedia": null, "note": null, "old_name": null, "short_name": null, "gnis:feature_id": null, "name:en": null, "name:zh": null, "opening_hours": null, "email": null, "fax": null, "layer": null, "phone": null, "source": null, "artist_name": null, "artwork_type": null, "description": null, "material": null, "start_date": null, "tourism": null, "wheelchair": null, "localwiki": null, "operator:wikipedia": null, "check_date:opening_hours": null, "addr:country": null, "owner": null, "ownership": null, "access": null, "type": null, "dog": null, "smoking": null, "loc_name": null }, "geometry": { "type": "Polygon", "coordinates": [ [ [ -83.7638464, 42.250587 ], [ -83.7638711, 42.2505346 ], [ -83.7638652, 42.250476 ], [ -83.7638369, 42.250428 ], [ -83.7637944, 42.2503843 ], [ -83.763733, 42.2503598 ], [ -83.7636669, 42.2503458 ], [ -83.7635843, 42.2503546 ], [ -83.7635253, 42.250372 ], [ -83.7634757, 42.2504087 ], [ -83.7634356, 42.2504542 ], [ -83.7634262, 42.2505206 ], [ -83.7634521, 42.2505887 ], [ -83.7635041, 42.2506359 ], [ -83.7630248, 42.2506446 ], [ -83.7629516, 42.250566 ], [ -83.7632113, 42.2502113 ], [ -83.7629516, 42.2499422 ], [ -83.7630909, 42.2498548 ], [ -83.763242, 42.2497849 ], [ -83.7634096, 42.2497325 ], [ -83.7636197, 42.2497063 ], [ -83.7637921, 42.2497098 ], [ -83.7639951, 42.2497465 ], [ -83.7641887, 42.2498076 ], [ -83.7643598, 42.2498924 ], [ -83.764145, 42.2502392 ], [ -83.764276, 42.2503598 ], [ -83.7643586, 42.2504734 ], [ -83.7643728, 42.2506202 ], [ -83.7638039, 42.2506289 ], [ -83.7638464, 42.250587 ] ] ] } },
{ "type": "Feature", "properties": { "index": 81, "element": "way", "id": 460247754, "leisure": "park", "name": "Eisenhower Park", "addr:city": null, "addr:housenumber": null, "addr:postcode": null, "addr:state": null, "addr:street": null, "operator": null, "operator:type": null, "operator:wikidata": null, "landuse": null, "ele": null, "website": null, "wikidata": null, "wikipedia": null, "note": null, "old_name": null, "short_name": null, "gnis:feature_id": null, "name:en": null, "name:zh": null, "opening_hours": null, "email": null, "fax": null, "layer": null, "phone": null, "source": null, "artist_name": null, "artwork_type": null, "description": null, "material": null, "start_date": null, "tourism": null, "wheelchair": null, "localwiki": null, "operator:wikipedia": null, "check_date:opening_hours": null, "addr:country": null, "owner": null, "ownership": null, "access": null, "type": null, "dog": null, "smoking": null, "loc_name": null }, "geometry": { "type": "Polygon", "coordinates": [ [ [ -83.7764653, 42.2561099 ], [ -83.7741532, 42.256094 ], [ -83.7741586, 42.255971 ], [ -83.7741854, 42.2558479 ], [ -83.7742337, 42.2557129 ], [ -83.7743003, 42.2555911 ], [ -83.774389, 42.2554417 ], [ -83.7744838, 42.2552969 ], [ -83.7746122, 42.2551633 ], [ -83.7746886, 42.2551 ], [ -83.7738875, 42.2544889 ], [ -83.768644, 42.2505312 ], [ -83.7692609, 42.2505232 ], [ -83.7737348, 42.25395 ], [ -83.7738421, 42.253946 ], [ -83.776384306876665, 42.255889191143787 ], [ -83.774561, 42.255813 ], [ -83.774848, 42.255987 ], [ -83.7764653, 42.256062619334458 ], [ -83.7764653, 42.2561099 ] ] ] } },
{ "type": "Feature", "properties": { "index": 82, "element": "way", "id": 393917971, "leisure": "park", "name": "Lawton Park", "addr:city": null, "addr:housenumber": null, "addr:postcode": null, "addr:state": null, "addr:street": null, "operator": null, "operator:type": null, "operator:wikidata": null, "landuse": null, "ele": null, "website": null, "wikidata": null, "wikipedia": null, "note": null, "old_name": null, "short_name": null, "gnis:feature_id": null, "name:en": null, "name:zh": null, "opening_hours": null, "email": null, "fax": null, "layer": null, "phone": null, "source": null, "artist_name": null, "artwork_type": null, "description": null, "material": null, "start_date": null, "tourism": null, "wheelchair": null, "localwiki": null, "operator:wikipedia": null, "check_date:opening_hours": null, "addr:country": null, "owner": null, "ownership": null, "access": null, "type": null, "dog": null, "smoking": null, "loc_name": null }, "geometry": { "type": "Polygon", "coordinates": [ [ [ -83.7641242, 42.2551558 ], [ -83.7640284, 42.254891 ], [ -83.7644474, 42.2547726 ], [ -83.7656004, 42.2537646 ], [ -83.7660802, 42.253996 ], [ -83.765888, 42.254627 ], [ -83.7663335, 42.2546605 ], [ -83.7663233, 42.254931 ], [ -83.7663222, 42.2549593 ], [ -83.766338, 42.2553518 ], [ -83.764122, 42.255418 ], [ -83.7641242, 42.2551558 ] ] ] } },
{ "type": "Feature", "properties": { "index": 83, "element": "way", "id": 393917965, "leisure": "park", "name": "Churchill Downs Park", "addr:city": null, "addr:housenumber": null, "addr:postcode": null, "addr:state": null, "addr:street": null, "operator": null, "operator:type": null, "operator:wikidata": null, "landuse": null, "ele": null, "website": null, "wikidata": null, "wikipedia": null, "note": null, "old_name": null, "short_name": null, "gnis:feature_id": null, "name:en": null, "name:zh": null, "opening_hours": null, "email": null, "fax": null, "layer": null, "phone": null, "source": null, "artist_name": null, "artwork_type": null, "description": null, "material": null, "start_date": null, "tourism": null, "wheelchair": null, "localwiki": null, "operator:wikipedia": null, "check_date:opening_hours": null, "addr:country": null, "owner": null, "ownership": null, "access": null, "type": null, "dog": null, "smoking": null, "loc_name": null }, "geometry": { "type": "Polygon", "coordinates": [ [ [ -83.7737102, 42.2548284 ], [ -83.7731904, 42.2548488 ], [ -83.7731759, 42.2547638 ], [ -83.7736949, 42.2547469 ], [ -83.7738875, 42.2544889 ], [ -83.7746886, 42.2551 ], [ -83.7746122, 42.2551633 ], [ -83.7744838, 42.2552969 ], [ -83.774389, 42.2554417 ], [ -83.7743003, 42.2555911 ], [ -83.7737102, 42.2548284 ] ] ] } },
{ "type": "Feature", "properties": { "index": 84, "element": "way", "id": 393917966, "leisure": "park", "name": "Dicken Park", "addr:city": null, "addr:housenumber": null, "addr:postcode": null, "addr:state": null, "addr:street": null, "operator": null, "operator:type": null, "operator:wikidata": null, "landuse": null, "ele": null, "website": null, "wikidata": null, "wikipedia": null, "note": null, "old_name": null, "short_name": null, "gnis:feature_id": null, "name:en": null, "name:zh": null, "opening_hours": null, "email": null, "fax": null, "layer": null, "phone": null, "source": null, "artist_name": null, "artwork_type": null, "description": null, "material": null, "start_date": null, "tourism": null, "wheelchair": null, "localwiki": null, "operator:wikipedia": null, "check_date:opening_hours": null, "addr:country": null, "owner": null, "ownership": null, "access": null, "type": null, "dog": null, "smoking": null, "loc_name": null }, "geometry": { "type": "Polygon", "coordinates": [ [ [ -83.7773996, 42.2574502 ], [ -83.7773964, 42.2574029 ], [ -83.7773836, 42.2569989 ], [ -83.7773932, 42.2569836 ], [ -83.7780508, 42.2574155 ], [ -83.77794, 42.2575298 ], [ -83.7778849, 42.2576086 ], [ -83.7773996, 42.2574502 ] ] ] } },
{ "type": "Feature", "properties": { "index": 85, "element": "way", "id": 393917973, "leisure": "park", "name": "Mushroom Park", "addr:city": null, "addr:housenumber": null, "addr:postcode": null, "addr:state": null, "addr:street": null, "operator": null, "operator:type": null, "operator:wikidata": null, "landuse": null, "ele": null, "website": null, "wikidata": null, "wikipedia": null, "note": null, "old_name": null, "short_name": null, "gnis:feature_id": null, "name:en": null, "name:zh": null, "opening_hours": null, "email": null, "fax": null, "layer": null, "phone": null, "source": null, "artist_name": null, "artwork_type": null, "description": null, "material": null, "start_date": null, "tourism": null, "wheelchair": null, "localwiki": null, "operator:wikipedia": null, "check_date:opening_hours": null, "addr:country": null, "owner": null, "ownership": null, "access": null, "type": null, "dog": null, "smoking": null, "loc_name": null }, "geometry": { "type": "Polygon", "coordinates": [ [ [ -83.7757494, 42.2583809 ], [ -83.7757398, 42.2582581 ], [ -83.7757334, 42.2579888 ], [ -83.7757405, 42.2577437 ], [ -83.7762867, 42.2577799 ], [ -83.7767963, 42.2577691 ], [ -83.7768155, 42.2579297 ], [ -83.7768027, 42.258414 ], [ -83.7757494, 42.2583809 ] ] ] } },
{ "type": "Feature", "properties": { "index": 86, "element": "way", "id": 393917970, "leisure": "park", "name": "Las Vegas Park", "addr:city": null, "addr:housenumber": null, "addr:postcode": null, "addr:state": null, "addr:street": null, "operator": null, "operator:type": null, "operator:wikidata": null, "landuse": null, "ele": null, "website": null, "wikidata": null, "wikipedia": null, "note": null, "old_name": null, "short_name": null, "gnis:feature_id": null, "name:en": null, "name:zh": null, "opening_hours": null, "email": null, "fax": null, "layer": null, "phone": null, "source": null, "artist_name": null, "artwork_type": null, "description": null, "material": null, "start_date": null, "tourism": null, "wheelchair": null, "localwiki": null, "operator:wikipedia": null, "check_date:opening_hours": null, "addr:country": null, "owner": null, "ownership": null, "access": null, "type": null, "dog": null, "smoking": null, "loc_name": null }, "geometry": { "type": "Polygon", "coordinates": [ [ [ -83.7699046, 42.2630017 ], [ -83.7698895, 42.2622758 ], [ -83.7709581, 42.2622624 ], [ -83.7709702, 42.2629883 ], [ -83.7699046, 42.2630017 ] ] ] } },
{ "type": "Feature", "properties": { "index": 87, "element": "way", "id": 460247755, "leisure": "park", "name": "Allmendinger Park", "addr:city": null, "addr:housenumber": null, "addr:postcode": null, "addr:state": null, "addr:street": null, "operator": null, "operator:type": null, "operator:wikidata": null, "landuse": null, "ele": null, "website": null, "wikidata": null, "wikipedia": null, "note": null, "old_name": null, "short_name": null, "gnis:feature_id": null, "name:en": null, "name:zh": null, "opening_hours": null, "email": null, "fax": null, "layer": null, "phone": null, "source": null, "artist_name": null, "artwork_type": null, "description": null, "material": null, "start_date": null, "tourism": null, "wheelchair": null, "localwiki": null, "operator:wikipedia": null, "check_date:opening_hours": null, "addr:country": null, "owner": null, "ownership": null, "access": null, "type": null, "dog": null, "smoking": null, "loc_name": null }, "geometry": { "type": "Polygon", "coordinates": [ [ [ -83.7592997, 42.2648084 ], [ -83.7593024, 42.264985 ], [ -83.7590838, 42.264987 ], [ -83.7592997, 42.2648084 ] ] ] } },
{ "type": "Feature", "properties": { "index": 88, "element": "way", "id": 656812467, "leisure": "park", "name": null, "addr:city": null, "addr:housenumber": null, "addr:postcode": null, "addr:state": null, "addr:street": null, "operator": null, "operator:type": null, "operator:wikidata": null, "landuse": null, "ele": null, "website": null, "wikidata": null, "wikipedia": null, "note": null, "old_name": null, "short_name": null, "gnis:feature_id": null, "name:en": null, "name:zh": null, "opening_hours": null, "email": null, "fax": null, "layer": null, "phone": null, "source": null, "artist_name": null, "artwork_type": null, "description": null, "material": null, "start_date": null, "tourism": null, "wheelchair": null, "localwiki": null, "operator:wikipedia": null, "check_date:opening_hours": null, "addr:country": null, "owner": null, "ownership": null, "access": null, "type": null, "dog": null, "smoking": null, "loc_name": null }, "geometry": { "type": "Polygon", "coordinates": [ [ [ -83.7790859, 42.269804 ], [ -83.7790135, 42.269802 ], [ -83.7788901, 42.2697941 ], [ -83.7789102, 42.2693733 ], [ -83.7787818, 42.2693745 ], [ -83.7787855, 42.2692542 ], [ -83.7787905, 42.2691805 ], [ -83.7789132, 42.269176 ], [ -83.7789163, 42.2689952 ], [ -83.7792093, 42.2689942 ], [ -83.7792254, 42.2694011 ], [ -83.7792254, 42.2696115 ], [ -83.7791315, 42.2697325 ], [ -83.7790859, 42.269804 ] ] ] } },
{ "type": "Feature", "properties": { "index": 89, "element": "way", "id": 394161181, "leisure": "park", "name": "Fritz Park", "addr:city": null, "addr:housenumber": null, "addr:postcode": null, "addr:state": null, "addr:street": null, "operator": "City of Ann Arbor", "operator:type": "public", "operator:wikidata": "Q485172", "landuse": null, "ele": "281", "website": null, "wikidata": null, "wikipedia": null, "note": null, "old_name": null, "short_name": null, "gnis:feature_id": "626509", "name:en": null, "name:zh": null, "opening_hours": null, "email": null, "fax": null, "layer": null, "phone": null, "source": "a2gov.org/departments/Parks-Recreation/parks-places/Documents/Park%20Maps/Fritz%20Park%20Map.pdf", "artist_name": null, "artwork_type": null, "description": null, "material": null, "start_date": null, "tourism": null, "wheelchair": null, "localwiki": null, "operator:wikipedia": null, "check_date:opening_hours": null, "addr:country": null, "owner": null, "ownership": null, "access": null, "type": null, "dog": null, "smoking": null, "loc_name": null }, "geometry": { "type": "Polygon", "coordinates": [ [ [ -83.7651264, 42.2682611 ], [ -83.7651839, 42.2698086 ], [ -83.7656603, 42.2698323 ], [ -83.7656552, 42.2698566 ], [ -83.7656574, 42.2698575 ], [ -83.7651826, 42.2698367 ], [ -83.7652344, 42.2713445 ], [ -83.7645103, 42.2713515 ], [ -83.7644125, 42.2683348 ], [ -83.7651264, 42.2682611 ] ] ] } },
{ "type": "Feature", "properties": { "index": 90, "element": "way", "id": 393917975, "leisure": "park", "name": "South Maple Park", "addr:city": null, "addr:housenumber": null, "addr:postcode": null, "addr:state": null, "addr:street": null, "operator": "City of Ann Arbor", "operator:type": "public", "operator:wikidata": "Q485172", "landuse": null, "ele": null, "website": null, "wikidata": "Q49563436", "wikipedia": null, "note": null, "old_name": null, "short_name": null, "gnis:feature_id": "2647321", "name:en": null, "name:zh": null, "opening_hours": null, "email": null, "fax": null, "layer": null, "phone": null, "source": null, "artist_name": null, "artwork_type": null, "description": null, "material": null, "start_date": null, "tourism": null, "wheelchair": null, "localwiki": null, "operator:wikipedia": null, "check_date:opening_hours": null, "addr:country": null, "owner": null, "ownership": null, "access": null, "type": null, "dog": null, "smoking": null, "loc_name": null }, "geometry": { "type": "Polygon", "coordinates": [ [ [ -83.7838266, 42.2725604 ], [ -83.7835863, 42.2725844 ], [ -83.7831446, 42.272651 ], [ -83.7828441, 42.2726609 ], [ -83.7826188, 42.2727304 ], [ -83.7824418, 42.2728197 ], [ -83.7819987, 42.272949 ], [ -83.7819317, 42.2721514 ], [ -83.7818407, 42.2721668 ], [ -83.7817719, 42.2713335 ], [ -83.7818752, 42.2713266 ], [ -83.7818466, 42.2708671 ], [ -83.7818072, 42.2707227 ], [ -83.7822905, 42.2707146 ], [ -83.7830406, 42.2707021 ], [ -83.7833044, 42.2706977 ], [ -83.7842171, 42.2706821 ], [ -83.7841413, 42.2718312 ], [ -83.7841034, 42.2725327 ], [ -83.7838266, 42.2725604 ] ] ] } },
{ "type": "Feature", "properties": { "index": 91, "element": "relation", "id": 6799647, "leisure": "park", "name": "Burr Oak Park", "addr:city": null, "addr:housenumber": null, "addr:postcode": null, "addr:state": null, "addr:street": null, "operator": null, "operator:type": null, "operator:wikidata": null, "landuse": null, "ele": null, "website": null, "wikidata": null, "wikipedia": null, "note": null, "old_name": null, "short_name": null, "gnis:feature_id": null, "name:en": null, "name:zh": null, "opening_hours": null, "email": null, "fax": null, "layer": null, "phone": null, "source": null, "artist_name": null, "artwork_type": null, "description": null, "material": null, "start_date": null, "tourism": null, "wheelchair": null, "localwiki": null, "operator:wikipedia": null, "check_date:opening_hours": null, "addr:country": null, "owner": null, "ownership": null, "access": null, "type": "multipolygon", "dog": null, "smoking": null, "loc_name": null }, "geometry": { "type": "MultiPolygon", "coordinates": [ [ [ [ -83.7885466, 42.2760095 ], [ -83.7885597, 42.2761162 ], [ -83.7885572, 42.276205 ], [ -83.7876546, 42.2762178 ], [ -83.787653, 42.2759081 ], [ -83.787193, 42.2759165 ], [ -83.787192, 42.2755228 ], [ -83.7870921, 42.2749925 ], [ -83.788156, 42.2749801 ], [ -83.7881635, 42.2752636 ], [ -83.7881873, 42.275354 ], [ -83.7884875, 42.2758621 ], [ -83.7885466, 42.2760095 ] ] ], [ [ [ -83.7888241, 42.2763256 ], [ -83.7888263, 42.2760793 ], [ -83.7888256, 42.2760565 ], [ -83.7888233, 42.2760383 ], [ -83.7888204, 42.276026 ], [ -83.7888134, 42.2759966 ], [ -83.7887938, 42.2759435 ], [ -83.789209, 42.2759489 ], [ -83.7892174, 42.2763196 ], [ -83.7888241, 42.2763256 ] ] ] ] } },
{ "type": "Feature", "properties": { "index": 92, "element": "way", "id": 394161187, "leisure": "park", "name": "Winewood Thaler Park", "addr:city": null, "addr:housenumber": null, "addr:postcode": null, "addr:state": null, "addr:street": null, "operator": null, "operator:type": null, "operator:wikidata": null, "landuse": null, "ele": null, "website": null, "wikidata": null, "wikipedia": null, "note": null, "old_name": null, "short_name": null, "gnis:feature_id": null, "name:en": null, "name:zh": null, "opening_hours": null, "email": null, "fax": null, "layer": null, "phone": null, "source": null, "artist_name": null, "artwork_type": null, "description": null, "material": null, "start_date": null, "tourism": null, "wheelchair": null, "localwiki": null, "operator:wikipedia": null, "check_date:opening_hours": null, "addr:country": null, "owner": null, "ownership": null, "access": null, "type": null, "dog": null, "smoking": null, "loc_name": null }, "geometry": { "type": "Polygon", "coordinates": [ [ [ -83.7743932, 42.27714 ], [ -83.7745765, 42.2765164 ], [ -83.7746177, 42.2765237 ], [ -83.7746737, 42.2760939 ], [ -83.7748134, 42.2760666 ], [ -83.7749159, 42.2760386 ], [ -83.7749927, 42.2760126 ], [ -83.7750639, 42.275995 ], [ -83.7751181, 42.2759962 ], [ -83.7751692, 42.2760117 ], [ -83.7754181, 42.276209 ], [ -83.7749513, 42.2765543 ], [ -83.7752844, 42.2766852 ], [ -83.7751018, 42.2772508 ], [ -83.7743932, 42.27714 ] ] ] } },
{ "type": "Feature", "properties": { "index": 93, "element": "way", "id": 818880991, "leisure": "park", "name": "Lakewoood Woods", "addr:city": null, "addr:housenumber": null, "addr:postcode": null, "addr:state": null, "addr:street": null, "operator": "Ann Arbor Public Schools", "operator:type": null, "operator:wikidata": null, "landuse": null, "ele": null, "website": null, "wikidata": null, "wikipedia": null, "note": null, "old_name": null, "short_name": null, "gnis:feature_id": null, "name:en": null, "name:zh": null, "opening_hours": null, "email": null, "fax": null, "layer": null, "phone": null, "source": null, "artist_name": null, "artwork_type": null, "description": null, "material": null, "start_date": null, "tourism": null, "wheelchair": null, "localwiki": null, "operator:wikipedia": null, "check_date:opening_hours": null, "addr:country": null, "owner": null, "ownership": null, "access": "yes", "type": null, "dog": null, "smoking": null, "loc_name": null }, "geometry": { "type": "Polygon", "coordinates": [ [ [ -83.793034, 42.2758376 ], [ -83.7931102, 42.2778573 ], [ -83.7917366, 42.2778688 ], [ -83.7917375, 42.2777691 ], [ -83.7917502, 42.2762773 ], [ -83.791754, 42.2758378 ], [ -83.793034, 42.2758376 ] ] ] } },
{ "type": "Feature", "properties": { "index": 94, "element": "way", "id": 394161186, "leisure": "park", "name": "Virginia Park", "addr:city": null, "addr:housenumber": null, "addr:postcode": null, "addr:state": null, "addr:street": null, "operator": null, "operator:type": null, "operator:wikidata": null, "landuse": null, "ele": null, "website": null, "wikidata": "Q49575683", "wikipedia": null, "note": null, "old_name": null, "short_name": null, "gnis:feature_id": "2647322", "name:en": null, "name:zh": null, "opening_hours": null, "email": null, "fax": null, "layer": null, "phone": null, "source": null, "artist_name": null, "artwork_type": null, "description": null, "material": null, "start_date": null, "tourism": null, "wheelchair": null, "localwiki": null, "operator:wikipedia": null, "check_date:opening_hours": null, "addr:country": null, "owner": null, "ownership": null, "access": null, "type": null, "dog": null, "smoking": null, "loc_name": null }, "geometry": { "type": "Polygon", "coordinates": [ [ [ -83.7676803, 42.2782004 ], [ -83.7676656, 42.2780692 ], [ -83.7676233, 42.2779488 ], [ -83.7675457, 42.2778302 ], [ -83.7674464, 42.277728 ], [ -83.7667494, 42.2771131 ], [ -83.7667084, 42.2770662 ], [ -83.7666674, 42.2769973 ], [ -83.7666413, 42.2769007 ], [ -83.7674986, 42.2767463 ], [ -83.7674762, 42.2761975 ], [ -83.767661, 42.2761573 ], [ -83.7676766, 42.2766561 ], [ -83.7676795, 42.2767497 ], [ -83.7677008, 42.2768711 ], [ -83.768645, 42.2766663 ], [ -83.7686576, 42.277279 ], [ -83.7686672, 42.2777486 ], [ -83.7686763, 42.2781913 ], [ -83.7676803, 42.2782004 ] ] ] } },
{ "type": "Feature", "properties": { "index": 95, "element": "way", "id": 460247751, "leisure": "park", "name": "Lakewood Nature Area", "addr:city": null, "addr:housenumber": null, "addr:postcode": null, "addr:state": null, "addr:street": null, "operator": "City of Ann Arbor", "operator:type": "public", "operator:wikidata": "Q485172", "landuse": null, "ele": null, "website": null, "wikidata": null, "wikipedia": null, "note": null, "old_name": null, "short_name": null, "gnis:feature_id": null, "name:en": null, "name:zh": null, "opening_hours": null, "email": null, "fax": null, "layer": null, "phone": null, "source": null, "artist_name": null, "artwork_type": null, "description": null, "material": null, "start_date": null, "tourism": null, "wheelchair": null, "localwiki": null, "operator:wikipedia": null, "check_date:opening_hours": null, "addr:country": null, "owner": null, "ownership": null, "access": null, "type": null, "dog": null, "smoking": null, "loc_name": null }, "geometry": { "type": "Polygon", "coordinates": [ [ [ -83.7938163, 42.2758461 ], [ -83.7944635, 42.2758443 ], [ -83.7945278, 42.2776741 ], [ -83.7953646, 42.27766 ], [ -83.7962525, 42.2776451 ], [ -83.7962239, 42.2778448 ], [ -83.7946244, 42.2778527 ], [ -83.7946137, 42.2784877 ], [ -83.7945128, 42.2785021 ], [ -83.7943347, 42.2785274 ], [ -83.7943615, 42.2778527 ], [ -83.7939882, 42.2778525 ], [ -83.7931224, 42.2778686 ], [ -83.7930473, 42.2758483 ], [ -83.7938163, 42.2758461 ] ] ] } },
{ "type": "Feature", "properties": { "index": 96, "element": "way", "id": 460247750, "leisure": "park", "name": "Dolph Nature Area", "addr:city": null, "addr:housenumber": null, "addr:postcode": null, "addr:state": null, "addr:street": null, "operator": null, "operator:type": null, "operator:wikidata": null, "landuse": null, "ele": null, "website": null, "wikidata": null, "wikipedia": null, "note": null, "old_name": null, "short_name": null, "gnis:feature_id": null, "name:en": null, "name:zh": null, "opening_hours": null, "email": null, "fax": null, "layer": null, "phone": null, "source": null, "artist_name": null, "artwork_type": null, "description": null, "material": null, "start_date": null, "tourism": null, "wheelchair": null, "localwiki": null, "operator:wikipedia": null, "check_date:opening_hours": null, "addr:country": null, "owner": null, "ownership": null, "access": null, "type": null, "dog": null, "smoking": null, "loc_name": null }, "geometry": { "type": "Polygon", "coordinates": [ [ [ -83.7953646, 42.27766 ], [ -83.7953593, 42.2775232 ], [ -83.7960031, 42.2775074 ], [ -83.795995021595488, 42.277278361342852 ], [ -83.796151, 42.277274 ], [ -83.796149, 42.277169 ], [ -83.796133, 42.276185 ], [ -83.796439, 42.276163 ], [ -83.79641, 42.274596 ], [ -83.796325, 42.274596 ], [ -83.796310897255438, 42.27397636066118 ], [ -83.796459, 42.2739748 ], [ -83.7967433, 42.2739509 ], [ -83.7970223, 42.2738993 ], [ -83.7972959, 42.2738398 ], [ -83.797569076513852, 42.273755588967759 ], [ -83.797608, 42.274907 ], [ -83.79762842420925, 42.274907254948516 ], [ -83.7976285, 42.2749155 ], [ -83.79808840730793, 42.274912996762509 ], [ -83.798329, 42.274916 ], [ -83.798329, 42.275076 ], [ -83.798335, 42.275444 ], [ -83.798377246406574, 42.275443202012319 ], [ -83.7983849, 42.2757371 ], [ -83.7991144, 42.2757252 ], [ -83.7991466, 42.2762809 ], [ -83.798401, 42.2762888 ], [ -83.7984224, 42.2771065 ], [ -83.799152, 42.2770946 ], [ -83.7992485, 42.2804167 ], [ -83.7981756, 42.2804365 ], [ -83.798181, 42.2815359 ], [ -83.797977015884598, 42.281537200961651 ], [ -83.798002, 42.281329 ], [ -83.797806, 42.281037 ], [ -83.797585, 42.28078 ], [ -83.797441, 42.28057 ], [ -83.79699, 42.280381 ], [ -83.796794, 42.280367 ], [ -83.796626, 42.28033 ], [ -83.796455, 42.280252 ], [ -83.796366, 42.280175 ], [ -83.796316, 42.280052 ], [ -83.796336, 42.279849 ], [ -83.796108, 42.279848 ], [ -83.796058, 42.280078 ], [ -83.796112, 42.280235 ], [ -83.796321, 42.280405 ], [ -83.796543, 42.280478 ], [ -83.797024, 42.280565 ], [ -83.797178, 42.280612 ], [ -83.797285, 42.280684 ], [ -83.797711, 42.281323 ], [ -83.796995, 42.281341 ], [ -83.796965, 42.281484 ], [ -83.79731, 42.281513 ], [ -83.796999, 42.282422 ], [ -83.796141, 42.282995 ], [ -83.79624, 42.283276 ], [ -83.796402026474411, 42.283296777666827 ], [ -83.7964, 42.283298 ], [ -83.7963947, 42.283433 ], [ -83.7958904, 42.2833774 ], [ -83.7957402, 42.2846633 ], [ -83.7929346, 42.2839727 ], [ -83.7931116, 42.2832504 ], [ -83.7932297, 42.2819248 ], [ -83.7934711, 42.2812581 ], [ -83.7934925, 42.2811906 ], [ -83.7935569, 42.281135 ], [ -83.7936052, 42.2810953 ], [ -83.7937017, 42.2810676 ], [ -83.7944796, 42.2808691 ], [ -83.7945869, 42.2808374 ], [ -83.794678, 42.2807897 ], [ -83.7947478, 42.2807223 ], [ -83.7948122, 42.2806389 ], [ -83.7951126, 42.2801745 ], [ -83.7953379, 42.2795197 ], [ -83.7953389, 42.2794859 ], [ -83.7953647, 42.2786266 ], [ -83.795295, 42.2786306 ], [ -83.7953593, 42.2783528 ], [ -83.79575, 42.2783711 ], [ -83.7959515, 42.2782682 ], [ -83.7959919, 42.2780629 ], [ -83.7960621, 42.2779122 ], [ -83.7962239, 42.2778448 ], [ -83.7962525, 42.2776451 ], [ -83.7953646, 42.27766 ] ] ] } },
{ "type": "Feature", "properties": { "index": 97, "element": "way", "id": 387931217, "leisure": "park", "name": "Waterworks Park", "addr:city": null, "addr:housenumber": null, "addr:postcode": null, "addr:state": null, "addr:street": null, "operator": "City of Ann Arbor", "operator:type": "government", "operator:wikidata": "Q485172", "landuse": null, "ele": null, "website": null, "wikidata": null, "wikipedia": null, "note": null, "old_name": null, "short_name": null, "gnis:feature_id": null, "name:en": null, "name:zh": null, "opening_hours": null, "email": null, "fax": null, "layer": null, "phone": null, "source": null, "artist_name": null, "artwork_type": null, "description": null, "material": null, "start_date": null, "tourism": null, "wheelchair": null, "localwiki": null, "operator:wikipedia": null, "check_date:opening_hours": null, "addr:country": null, "owner": null, "ownership": null, "access": null, "type": null, "dog": null, "smoking": null, "loc_name": null }, "geometry": { "type": "Polygon", "coordinates": [ [ [ -83.759102, 42.2799915 ], [ -83.7590976, 42.2798008 ], [ -83.7587097, 42.2798057 ], [ -83.7586977, 42.2792855 ], [ -83.759657, 42.2792734 ], [ -83.7596734, 42.2799843 ], [ -83.759102, 42.2799915 ] ] ] } },
{ "type": "Feature", "properties": { "index": 98, "element": "way", "id": 394161185, "leisure": "park", "name": "Maryfield Wildwood Park", "addr:city": null, "addr:housenumber": null, "addr:postcode": null, "addr:state": null, "addr:street": null, "operator": null, "operator:type": null, "operator:wikidata": null, "landuse": null, "ele": null, "website": null, "wikidata": null, "wikipedia": null, "note": null, "old_name": null, "short_name": null, "gnis:feature_id": null, "name:en": null, "name:zh": null, "opening_hours": null, "email": null, "fax": null, "layer": null, "phone": null, "source": null, "artist_name": null, "artwork_type": null, "description": null, "material": null, "start_date": null, "tourism": null, "wheelchair": null, "localwiki": null, "operator:wikipedia": null, "check_date:opening_hours": null, "addr:country": null, "owner": null, "ownership": null, "access": null, "type": null, "dog": null, "smoking": null, "loc_name": null }, "geometry": { "type": "Polygon", "coordinates": [ [ [ -83.7623462, 42.2830579 ], [ -83.7622713, 42.2830279 ], [ -83.7622384, 42.2829646 ], [ -83.7622605, 42.2825983 ], [ -83.7624282, 42.2825809 ], [ -83.7624075, 42.2830579 ], [ -83.7623462, 42.2830579 ] ] ] } },
{ "type": "Feature", "properties": { "index": 99, "element": "way", "id": 215582332, "leisure": "park", "name": "Veterans Memorial Sports Complex", "addr:city": null, "addr:housenumber": null, "addr:postcode": null, "addr:state": null, "addr:street": null, "operator": "City of Ann Arbor", "operator:type": "public", "operator:wikidata": "Q485172", "landuse": null, "ele": null, "website": null, "wikidata": null, "wikipedia": null, "note": null, "old_name": null, "short_name": null, "gnis:feature_id": null, "name:en": null, "name:zh": null, "opening_hours": null, "email": null, "fax": null, "layer": null, "phone": null, "source": null, "artist_name": null, "artwork_type": null, "description": null, "material": null, "start_date": null, "tourism": null, "wheelchair": null, "localwiki": null, "operator:wikipedia": null, "check_date:opening_hours": null, "addr:country": null, "owner": null, "ownership": null, "access": null, "type": null, "dog": null, "smoking": null, "loc_name": null }, "geometry": { "type": "Polygon", "coordinates": [ [ [ -83.780277, 42.2852825 ], [ -83.7802422, 42.2852779 ], [ -83.780195, 42.2852667 ], [ -83.7799769, 42.2852074 ], [ -83.7798437, 42.2851745 ], [ -83.7797094, 42.2851424 ], [ -83.779623, 42.2851242 ], [ -83.779529, 42.2851032 ], [ -83.7793754, 42.2850702 ], [ -83.7791862, 42.2850302 ], [ -83.7789674, 42.2849778 ], [ -83.7786353, 42.2848876 ], [ -83.7781418, 42.2847509 ], [ -83.7773522, 42.2845362 ], [ -83.7769318, 42.2844247 ], [ -83.7766654, 42.2843542 ], [ -83.7765387, 42.2843197 ], [ -83.77632, 42.2842596 ], [ -83.775706, 42.2840915 ], [ -83.7757069, 42.2840512 ], [ -83.7756566, 42.2826147 ], [ -83.7757265, 42.282615 ], [ -83.7757353, 42.2827955 ], [ -83.7763672, 42.2827296 ], [ -83.7763219, 42.2814643 ], [ -83.7769047, 42.2814182 ], [ -83.7768216, 42.2808142 ], [ -83.7771441, 42.2807863 ], [ -83.7776145, 42.2807517 ], [ -83.7779118, 42.2807287 ], [ -83.7781372, 42.2807161 ], [ -83.7783976, 42.2807051 ], [ -83.7784851, 42.2806964 ], [ -83.7787214, 42.2806767 ], [ -83.7789516, 42.2806637 ], [ -83.7791237, 42.2806606 ], [ -83.7794244, 42.2806613 ], [ -83.7795848, 42.2806642 ], [ -83.7796952, 42.2806685 ], [ -83.7798697, 42.2806775 ], [ -83.7800221, 42.2806898 ], [ -83.7801374, 42.2807495 ], [ -83.7801675, 42.2807638 ], [ -83.780174, 42.2807912 ], [ -83.780265, 42.2832225 ], [ -83.7803416, 42.285271 ], [ -83.780322, 42.2852785 ], [ -83.780277, 42.2852825 ] ] ] } },
{ "type": "Feature", "properties": { "index": 100, "element": "way", "id": 283124188, "leisure": "park", "name": "Hanover Square", "addr:city": null, "addr:housenumber": null, "addr:postcode": null, "addr:state": null, "addr:street": null, "operator": null, "operator:type": null, "operator:wikidata": null, "landuse": null, "ele": null, "website": "https://www.a2gov.org/government/communityservices/Parks-Recreation/parks-places/Pages/HanoverSquare.aspx", "wikidata": null, "wikipedia": null, "note": null, "old_name": null, "short_name": null, "gnis:feature_id": null, "name:en": null, "name:zh": null, "opening_hours": null, "email": null, "fax": null, "layer": null, "phone": null, "source": null, "artist_name": null, "artwork_type": null, "description": null, "material": null, "start_date": null, "tourism": null, "wheelchair": null, "localwiki": null, "operator:wikipedia": null, "check_date:opening_hours": null, "addr:country": null, "owner": null, "ownership": null, "access": null, "type": null, "dog": null, "smoking": null, "loc_name": null }, "geometry": { "type": "Polygon", "coordinates": [ [ [ -83.7444075, 42.2750072 ], [ -83.7444289, 42.2745786 ], [ -83.7446771, 42.2748081 ], [ -83.7450687, 42.2750192 ], [ -83.7444075, 42.2750072 ] ] ] } },
{ "type": "Feature", "properties": { "index": 101, "element": "way", "id": 176847689, "leisure": "park", "name": "The Diag", "addr:city": "Ann Arbor", "addr:housenumber": "913", "addr:postcode": "48109", "addr:state": "MI", "addr:street": "South University Avenue", "operator": null, "operator:type": null, "operator:wikidata": null, "landuse": null, "ele": null, "website": "https://arts.umich.edu/museums-cultural-attractions/the-diag/", "wikidata": "Q7730055", "wikipedia": "en:The Diag", "note": null, "old_name": "Diagonal Green", "short_name": "Diag", "gnis:feature_id": null, "name:en": "The Diag", "name:zh": "密歇根大学对角广场", "opening_hours": null, "email": null, "fax": null, "layer": null, "phone": null, "source": null, "artist_name": null, "artwork_type": null, "description": null, "material": null, "start_date": null, "tourism": null, "wheelchair": null, "localwiki": null, "operator:wikipedia": null, "check_date:opening_hours": null, "addr:country": null, "owner": null, "ownership": null, "access": null, "type": null, "dog": null, "smoking": null, "loc_name": null }, "geometry": { "type": "Polygon", "coordinates": [ [ [ -83.7379167, 42.2775748 ], [ -83.7370224, 42.2775764 ], [ -83.7369989, 42.2766326 ], [ -83.7390148, 42.2766064 ], [ -83.7390195, 42.2775729 ], [ -83.7379167, 42.2775748 ] ] ] } },
{ "type": "Feature", "properties": { "index": 102, "element": "way", "id": 578595791, "leisure": "park", "name": null, "addr:city": null, "addr:housenumber": null, "addr:postcode": null, "addr:state": null, "addr:street": null, "operator": null, "operator:type": null, "operator:wikidata": null, "landuse": null, "ele": null, "website": null, "wikidata": null, "wikipedia": null, "note": null, "old_name": null, "short_name": null, "gnis:feature_id": null, "name:en": null, "name:zh": null, "opening_hours": null, "email": null, "fax": null, "layer": null, "phone": null, "source": null, "artist_name": null, "artwork_type": null, "description": null, "material": null, "start_date": null, "tourism": null, "wheelchair": null, "localwiki": null, "operator:wikipedia": null, "check_date:opening_hours": null, "addr:country": null, "owner": null, "ownership": null, "access": null, "type": null, "dog": null, "smoking": null, "loc_name": null }, "geometry": { "type": "Polygon", "coordinates": [ [ [ -83.7398958, 42.2775469 ], [ -83.7398958, 42.2774636 ], [ -83.7402162, 42.2774586 ], [ -83.7405462, 42.2777794 ], [ -83.7405636, 42.2784494 ], [ -83.7397155, 42.2784564 ], [ -83.7397059, 42.2779943 ], [ -83.7395165, 42.2779065 ], [ -83.7395079, 42.2775515 ], [ -83.7398958, 42.2775469 ] ] ] } },
{ "type": "Feature", "properties": { "index": 103, "element": "way", "id": 237174964, "leisure": "park", "name": "Liberty Plaza", "addr:city": null, "addr:housenumber": null, "addr:postcode": null, "addr:state": null, "addr:street": null, "operator": null, "operator:type": null, "operator:wikidata": null, "landuse": null, "ele": null, "website": null, "wikidata": null, "wikipedia": null, "note": null, "old_name": null, "short_name": null, "gnis:feature_id": null, "name:en": null, "name:zh": null, "opening_hours": null, "email": null, "fax": null, "layer": null, "phone": null, "source": null, "artist_name": null, "artwork_type": null, "description": null, "material": null, "start_date": null, "tourism": null, "wheelchair": null, "localwiki": null, "operator:wikipedia": null, "check_date:opening_hours": null, "addr:country": null, "owner": null, "ownership": null, "access": null, "type": null, "dog": null, "smoking": null, "loc_name": null }, "geometry": { "type": "Polygon", "coordinates": [ [ [ -83.7441941, 42.2793602 ], [ -83.7442185, 42.2790406 ], [ -83.7445773, 42.2790471 ], [ -83.7445663, 42.2793672 ], [ -83.7441941, 42.2793602 ] ] ] } },
{ "type": "Feature", "properties": { "index": 104, "element": "way", "id": 479357661, "leisure": "park", "name": "Ingalls Mall", "addr:city": null, "addr:housenumber": null, "addr:postcode": null, "addr:state": null, "addr:street": null, "operator": null, "operator:type": null, "operator:wikidata": null, "landuse": null, "ele": null, "website": null, "wikidata": null, "wikipedia": null, "note": "Precise borders unknown, perhaps non-existent since mall and adjacent land all owned by the University of Michigan. North Ingalls Ave (now gone) was close to Bell Tower's east side. Should at least include sidewalks by definition of \"mall\".", "old_name": null, "short_name": null, "gnis:feature_id": null, "name:en": null, "name:zh": null, "opening_hours": null, "email": null, "fax": null, "layer": null, "phone": null, "source": null, "artist_name": null, "artwork_type": null, "description": null, "material": null, "start_date": null, "tourism": null, "wheelchair": null, "localwiki": null, "operator:wikipedia": null, "check_date:opening_hours": null, "addr:country": null, "owner": null, "ownership": null, "access": null, "type": null, "dog": null, "smoking": null, "loc_name": null }, "geometry": { "type": "Polygon", "coordinates": [ [ [ -83.7378861, 42.2802609 ], [ -83.7378794, 42.2802043 ], [ -83.7378735, 42.2801284 ], [ -83.7378565, 42.2801291 ], [ -83.7378484, 42.2800243 ], [ -83.7378785, 42.280023 ], [ -83.7378745, 42.2799704 ], [ -83.737806, 42.2799733 ], [ -83.7378046, 42.2799547 ], [ -83.7377959, 42.2797121 ], [ -83.737791, 42.2795334 ], [ -83.7378332, 42.2795328 ], [ -83.737829, 42.2793778 ], [ -83.7378637, 42.2793773 ], [ -83.737862, 42.2793131 ], [ -83.7378603, 42.279252 ], [ -83.7378167, 42.2792527 ], [ -83.7378119, 42.2791081 ], [ -83.7377579, 42.2791096 ], [ -83.7377524, 42.27895 ], [ -83.7377503, 42.2788628 ], [ -83.7380205, 42.2788583 ], [ -83.7380169, 42.2787426 ], [ -83.7384215, 42.2787348 ], [ -83.7386664, 42.2787301 ], [ -83.7386684, 42.2790681 ], [ -83.7386164, 42.2791204 ], [ -83.7385838, 42.2791212 ], [ -83.7385958, 42.2796834 ], [ -83.7386751, 42.2796837 ], [ -83.7387172, 42.2797135 ], [ -83.7387257, 42.2800685 ], [ -83.7386844, 42.2801004 ], [ -83.7386371, 42.2801013 ], [ -83.7386442, 42.2802364 ], [ -83.7378861, 42.2802609 ] ] ] } },
{ "type": "Feature", "properties": { "index": 105, "element": "way", "id": 334625289, "leisure": "park", "name": "Felch Park", "addr:city": null, "addr:housenumber": null, "addr:postcode": null, "addr:state": null, "addr:street": null, "operator": null, "operator:type": null, "operator:wikidata": null, "landuse": null, "ele": null, "website": null, "wikidata": null, "wikipedia": null, "note": null, "old_name": null, "short_name": null, "gnis:feature_id": null, "name:en": null, "name:zh": null, "opening_hours": null, "email": null, "fax": null, "layer": null, "phone": null, "source": null, "artist_name": null, "artwork_type": null, "description": null, "material": null, "start_date": null, "tourism": null, "wheelchair": null, "localwiki": null, "operator:wikipedia": null, "check_date:opening_hours": null, "addr:country": null, "owner": null, "ownership": null, "access": null, "type": null, "dog": null, "smoking": null, "loc_name": null }, "geometry": { "type": "Polygon", "coordinates": [ [ [ -83.7364193, 42.2805138 ], [ -83.7368362, 42.2803811 ], [ -83.7369347, 42.2803805 ], [ -83.7369512, 42.2803934 ], [ -83.7369574, 42.2805122 ], [ -83.7370408, 42.2805098 ], [ -83.7370484, 42.280512 ], [ -83.7370547, 42.280518 ], [ -83.7370576, 42.2805266 ], [ -83.7370729, 42.2807965 ], [ -83.7370898, 42.2811129 ], [ -83.7370886, 42.281125 ], [ -83.7370857, 42.2811336 ], [ -83.7370818, 42.2811436 ], [ -83.7370743, 42.2811527 ], [ -83.7370663, 42.2811597 ], [ -83.737056, 42.2811674 ], [ -83.7370455, 42.2811734 ], [ -83.7370333, 42.2811776 ], [ -83.7361164, 42.2811965 ], [ -83.736105, 42.2805476 ], [ -83.736104, 42.2805192 ], [ -83.7364193, 42.2805138 ] ] ] } },
{ "type": "Feature", "properties": { "index": 106, "element": "way", "id": 479357975, "leisure": "park", "name": null, "addr:city": null, "addr:housenumber": null, "addr:postcode": null, "addr:state": null, "addr:street": null, "operator": null, "operator:type": null, "operator:wikidata": null, "landuse": null, "ele": null, "website": null, "wikidata": null, "wikipedia": null, "note": null, "old_name": null, "short_name": null, "gnis:feature_id": null, "name:en": null, "name:zh": null, "opening_hours": null, "email": null, "fax": null, "layer": null, "phone": null, "source": null, "artist_name": null, "artwork_type": null, "description": "Cozy park with plenty of seats", "material": null, "start_date": null, "tourism": null, "wheelchair": "yes", "localwiki": null, "operator:wikipedia": null, "check_date:opening_hours": null, "addr:country": null, "owner": null, "ownership": null, "access": null, "type": null, "dog": null, "smoking": null, "loc_name": null }, "geometry": { "type": "Polygon", "coordinates": [ [ [ -83.7390112, 42.2811581 ], [ -83.7389776, 42.2811594 ], [ -83.7389418, 42.2811609 ], [ -83.7389293, 42.2804583 ], [ -83.7389287, 42.2804264 ], [ -83.7393639, 42.2804174 ], [ -83.7393802, 42.281151 ], [ -83.7390112, 42.2811581 ] ] ] } },
{ "type": "Feature", "properties": { "index": 107, "element": "way", "id": 459270430, "leisure": "park", "name": "Sculpture Plaza", "addr:city": null, "addr:housenumber": null, "addr:postcode": null, "addr:state": null, "addr:street": null, "operator": null, "operator:type": null, "operator:wikidata": null, "landuse": null, "ele": null, "website": null, "wikidata": null, "wikipedia": null, "note": null, "old_name": null, "short_name": null, "gnis:feature_id": null, "name:en": null, "name:zh": null, "opening_hours": null, "email": null, "fax": null, "layer": null, "phone": null, "source": null, "artist_name": null, "artwork_type": null, "description": null, "material": null, "start_date": null, "tourism": null, "wheelchair": null, "localwiki": null, "operator:wikipedia": null, "check_date:opening_hours": null, "addr:country": null, "owner": null, "ownership": null, "access": null, "type": null, "dog": null, "smoking": null, "loc_name": null }, "geometry": { "type": "Polygon", "coordinates": [ [ [ -83.7468002, 42.2831254 ], [ -83.7470541, 42.2828672 ], [ -83.747041, 42.283131 ], [ -83.7468002, 42.2831254 ] ] ] } },
{ "type": "Feature", "properties": { "index": 108, "element": "way", "id": 193802646, "leisure": "park", "name": "West Park", "addr:city": null, "addr:housenumber": null, "addr:postcode": null, "addr:state": null, "addr:street": null, "operator": "City of Ann Arbor", "operator:type": "government", "operator:wikidata": "Q485172", "landuse": null, "ele": "244", "website": null, "wikidata": "Q49578902", "wikipedia": null, "note": null, "old_name": null, "short_name": null, "gnis:feature_id": "1616160", "name:en": null, "name:zh": null, "opening_hours": null, "email": null, "fax": null, "layer": null, "phone": null, "source": null, "artist_name": null, "artwork_type": null, "description": null, "material": null, "start_date": null, "tourism": null, "wheelchair": null, "localwiki": null, "operator:wikipedia": null, "check_date:opening_hours": null, "addr:country": null, "owner": null, "ownership": null, "access": null, "type": null, "dog": null, "smoking": null, "loc_name": null }, "geometry": { "type": "Polygon", "coordinates": [ [ [ -83.7583421, 42.2852462 ], [ -83.757248, 42.2848141 ], [ -83.7572943, 42.2847484 ], [ -83.7564615, 42.2844276 ], [ -83.7563847, 42.284406 ], [ -83.7564112, 42.2843723 ], [ -83.7558154, 42.2841499 ], [ -83.7556057, 42.2844631 ], [ -83.7553928, 42.2843864 ], [ -83.7551543, 42.2847225 ], [ -83.7545031, 42.2844676 ], [ -83.7546999, 42.2841959 ], [ -83.7546015, 42.2840558 ], [ -83.7546129, 42.2840138 ], [ -83.7543327, 42.2839914 ], [ -83.7538665, 42.2838108 ], [ -83.7538553, 42.2837578 ], [ -83.7538306, 42.2834735 ], [ -83.7537509, 42.2834529 ], [ -83.7533596, 42.2833519 ], [ -83.7532562, 42.2833252 ], [ -83.7536753, 42.2824499 ], [ -83.7539958, 42.2825321 ], [ -83.7539766, 42.282585 ], [ -83.7549377, 42.2827442 ], [ -83.7549154, 42.2822945 ], [ -83.7554205, 42.2823142 ], [ -83.7554924, 42.282317 ], [ -83.7555517, 42.2817483 ], [ -83.7555802, 42.2817478 ], [ -83.755548, 42.2822394 ], [ -83.7557449, 42.2822478 ], [ -83.7557364, 42.2822911 ], [ -83.7560156, 42.2822969 ], [ -83.756008, 42.2824207 ], [ -83.7563469, 42.2824327 ], [ -83.7565551, 42.2824411 ], [ -83.7567255, 42.2823879 ], [ -83.7569337, 42.2822898 ], [ -83.7569413, 42.282259 ], [ -83.7571552, 42.2822534 ], [ -83.7571703, 42.281801 ], [ -83.7573767, 42.2818108 ], [ -83.7574107, 42.2822282 ], [ -83.7576, 42.2822338 ], [ -83.7576038, 42.2822674 ], [ -83.7579976, 42.2822814 ], [ -83.7580021, 42.2823642 ], [ -83.7587329, 42.2823866 ], [ -83.7587491, 42.2826 ], [ -83.7582606, 42.2826049 ], [ -83.7582606, 42.282738 ], [ -83.7580165, 42.2827408 ], [ -83.7580413, 42.2840428 ], [ -83.758772, 42.2840266 ], [ -83.7588093, 42.2852439 ], [ -83.7583421, 42.2852462 ] ] ] } },
{ "type": "Feature", "properties": { "index": 109, "element": "way", "id": 301842048, "leisure": "park", "name": "North Main Park", "addr:city": null, "addr:housenumber": null, "addr:postcode": null, "addr:state": null, "addr:street": null, "operator": null, "operator:type": null, "operator:wikidata": null, "landuse": null, "ele": null, "website": null, "wikidata": null, "wikipedia": null, "note": null, "old_name": null, "short_name": null, "gnis:feature_id": null, "name:en": null, "name:zh": null, "opening_hours": null, "email": null, "fax": null, "layer": null, "phone": null, "source": null, "artist_name": null, "artwork_type": null, "description": null, "material": null, "start_date": null, "tourism": null, "wheelchair": null, "localwiki": null, "operator:wikipedia": null, "check_date:opening_hours": null, "addr:country": null, "owner": null, "ownership": null, "access": null, "type": null, "dog": null, "smoking": null, "loc_name": null }, "geometry": { "type": "Polygon", "coordinates": [ [ [ -83.7475233, 42.2866103 ], [ -83.7474957, 42.286659 ], [ -83.7470881, 42.286518 ], [ -83.7471015, 42.2864724 ], [ -83.7471176, 42.2862362 ], [ -83.7474877, 42.2862522 ], [ -83.7474743, 42.2864962 ], [ -83.7480698, 42.2864823 ], [ -83.7480134, 42.2866306 ], [ -83.7475233, 42.2866103 ] ] ] } },
{ "type": "Feature", "properties": { "index": 110, "element": "relation", "id": 6794808, "leisure": "park", "name": "Riverside Park", "addr:city": null, "addr:housenumber": null, "addr:postcode": null, "addr:state": null, "addr:street": null, "operator": null, "operator:type": null, "operator:wikidata": null, "landuse": null, "ele": null, "website": null, "wikidata": null, "wikipedia": null, "note": null, "old_name": null, "short_name": null, "gnis:feature_id": null, "name:en": null, "name:zh": null, "opening_hours": null, "email": null, "fax": null, "layer": null, "phone": null, "source": null, "artist_name": null, "artwork_type": null, "description": null, "material": null, "start_date": null, "tourism": null, "wheelchair": null, "localwiki": null, "operator:wikipedia": null, "check_date:opening_hours": null, "addr:country": null, "owner": null, "ownership": null, "access": null, "type": "multipolygon", "dog": null, "smoking": null, "loc_name": null }, "geometry": { "type": "MultiPolygon", "coordinates": [ [ [ [ -83.7339403, 42.2872379 ], [ -83.7339489, 42.2872163 ], [ -83.7339894, 42.2871729 ], [ -83.7342704, 42.2868932 ], [ -83.7343411, 42.2868364 ], [ -83.7344038, 42.2868214 ], [ -83.734048, 42.287318 ], [ -83.7339449, 42.2872746 ], [ -83.7339403, 42.2872379 ] ] ], [ [ [ -83.7343239, 42.2867863 ], [ -83.7342684, 42.2868315 ], [ -83.7340424, 42.2870316 ], [ -83.7338564, 42.2872219 ], [ -83.733772, 42.2873213 ], [ -83.733725, 42.2873681 ], [ -83.7336684, 42.2874066 ], [ -83.733475, 42.2874895 ], [ -83.7333902, 42.2874983 ], [ -83.7333622, 42.2874852 ], [ -83.7333508, 42.2874686 ], [ -83.733398, 42.2873879 ], [ -83.7334317, 42.2872996 ], [ -83.7334799, 42.2872268 ], [ -83.7338069, 42.2869359 ], [ -83.7340812, 42.2867715 ], [ -83.7343531, 42.2866259 ], [ -83.7346368, 42.2864942 ], [ -83.7348833, 42.2864088 ], [ -83.7350327, 42.2863859 ], [ -83.7353131, 42.2863499 ], [ -83.7356613, 42.286333 ], [ -83.7360742, 42.2863353 ], [ -83.7363588, 42.2863339 ], [ -83.7366342, 42.2863449 ], [ -83.7371501, 42.2864242 ], [ -83.7376619, 42.2865831 ], [ -83.7380507, 42.2867723 ], [ -83.7383042, 42.2868944 ], [ -83.7385328, 42.2870175 ], [ -83.7386545, 42.2870438 ], [ -83.7387683, 42.2871011 ], [ -83.7390667, 42.2872768 ], [ -83.7392783, 42.2874998 ], [ -83.739491, 42.2877094 ], [ -83.7395921, 42.2878141 ], [ -83.7398262, 42.2878804 ], [ -83.7399469, 42.288007 ], [ -83.7400041, 42.2881905 ], [ -83.7401198, 42.2884484 ], [ -83.7401804, 42.2885437 ], [ -83.7399433, 42.2886745 ], [ -83.7398685, 42.2887149 ], [ -83.7397108, 42.2881675 ], [ -83.7396515, 42.2881122 ], [ -83.7395167, 42.2879865 ], [ -83.7391225, 42.2874945 ], [ -83.7385554, 42.2871529 ], [ -83.7383522, 42.2870308 ], [ -83.7377885, 42.2875092 ], [ -83.7373805, 42.2878598 ], [ -83.7373211, 42.2879058 ], [ -83.7344104, 42.2867358 ], [ -83.7343593, 42.2867627 ], [ -83.7343239, 42.2867863 ] ] ], [ [ [ -83.7337245, 42.2878168 ], [ -83.7336982, 42.2878041 ], [ -83.7336143, 42.2877569 ], [ -83.7335496, 42.2877136 ], [ -83.7335284, 42.2876979 ], [ -83.7335041, 42.2876732 ], [ -83.7334971, 42.2876448 ], [ -83.7335052, 42.2876253 ], [ -83.7335254, 42.2876059 ], [ -83.7337943, 42.2874204 ], [ -83.7338529, 42.2873853 ], [ -83.7338953, 42.2873756 ], [ -83.7339388, 42.2873763 ], [ -83.7339742, 42.2873868 ], [ -83.7340126, 42.2874055 ], [ -83.7340409, 42.2874264 ], [ -83.7340642, 42.2874481 ], [ -83.7340642, 42.2874855 ], [ -83.7340389, 42.2875259 ], [ -83.7338306, 42.2878033 ], [ -83.7337973, 42.2878198 ], [ -83.7337629, 42.2878242 ], [ -83.7337245, 42.2878168 ] ] ] ] } },
{ "type": "Feature", "properties": { "index": 111, "element": "way", "id": 459799480, "leisure": "park", "name": "Broadway Park", "addr:city": null, "addr:housenumber": null, "addr:postcode": null, "addr:state": null, "addr:street": null, "operator": null, "operator:type": null, "operator:wikidata": null, "landuse": null, "ele": null, "website": null, "wikidata": null, "wikipedia": null, "note": null, "old_name": null, "short_name": null, "gnis:feature_id": null, "name:en": null, "name:zh": null, "opening_hours": null, "email": null, "fax": null, "layer": null, "phone": null, "source": null, "artist_name": null, "artwork_type": null, "description": null, "material": null, "start_date": null, "tourism": null, "wheelchair": null, "localwiki": null, "operator:wikipedia": null, "check_date:opening_hours": null, "addr:country": null, "owner": null, "ownership": null, "access": null, "type": null, "dog": null, "smoking": null, "loc_name": null }, "geometry": { "type": "Polygon", "coordinates": [ [ [ -83.7403918, 42.2883174 ], [ -83.7402998, 42.2881578 ], [ -83.7401441, 42.2877753 ], [ -83.7400022, 42.287554 ], [ -83.7397486, 42.2873338 ], [ -83.7395337, 42.2871827 ], [ -83.7392517, 42.2870178 ], [ -83.7389345, 42.286802 ], [ -83.7388434, 42.2867204 ], [ -83.739207, 42.2866636 ], [ -83.7418733, 42.2876673 ], [ -83.7404587, 42.2884081 ], [ -83.7403918, 42.2883174 ] ] ] } },
{ "type": "Feature", "properties": { "index": 112, "element": "way", "id": 218801807, "leisure": "park", "name": "Wheeler Park", "addr:city": null, "addr:housenumber": null, "addr:postcode": null, "addr:state": null, "addr:street": null, "operator": null, "operator:type": null, "operator:wikidata": null, "landuse": null, "ele": "238", "website": "https://www.a2gov.org/government/communityservices/Parks-Recreation/parks-places/Pages/Wheeler.aspx", "wikidata": "Q49567332", "wikipedia": null, "note": null, "old_name": null, "short_name": null, "gnis:feature_id": "639062", "name:en": null, "name:zh": null, "opening_hours": null, "email": null, "fax": null, "layer": null, "phone": null, "source": null, "artist_name": null, "artwork_type": null, "description": null, "material": null, "start_date": null, "tourism": null, "wheelchair": null, "localwiki": null, "operator:wikipedia": null, "check_date:opening_hours": null, "addr:country": null, "owner": null, "ownership": null, "access": null, "type": null, "dog": null, "smoking": null, "loc_name": null }, "geometry": { "type": "Polygon", "coordinates": [ [ [ -83.7461174, 42.2876583 ], [ -83.7456857, 42.2883707 ], [ -83.7446595, 42.2879942 ], [ -83.745176, 42.287316 ], [ -83.7461174, 42.2876583 ] ] ] } },
{ "type": "Feature", "properties": { "index": 113, "element": "way", "id": 459270429, "leisure": "park", "name": "Belize Park", "addr:city": null, "addr:housenumber": null, "addr:postcode": null, "addr:state": null, "addr:street": null, "operator": null, "operator:type": null, "operator:wikidata": null, "landuse": null, "ele": null, "website": null, "wikidata": null, "wikipedia": null, "note": null, "old_name": null, "short_name": null, "gnis:feature_id": null, "name:en": null, "name:zh": null, "opening_hours": null, "email": null, "fax": null, "layer": null, "phone": null, "source": null, "artist_name": null, "artwork_type": null, "description": null, "material": null, "start_date": null, "tourism": null, "wheelchair": null, "localwiki": null, "operator:wikipedia": null, "check_date:opening_hours": null, "addr:country": null, "owner": null, "ownership": null, "access": null, "type": null, "dog": null, "smoking": null, "loc_name": null }, "geometry": { "type": "Polygon", "coordinates": [ [ [ -83.7535779, 42.288891 ], [ -83.7535614, 42.2884636 ], [ -83.7533303, 42.2884636 ], [ -83.7533261, 42.2883567 ], [ -83.7536357, 42.2883537 ], [ -83.7536315, 42.2884605 ], [ -83.7540112, 42.2884514 ], [ -83.7540277, 42.2888849 ], [ -83.7535779, 42.288891 ] ] ] } },
{ "type": "Feature", "properties": { "index": 114, "element": "way", "id": 459270428, "leisure": "park", "name": "Depot Plaza", "addr:city": null, "addr:housenumber": null, "addr:postcode": null, "addr:state": null, "addr:street": null, "operator": null, "operator:type": null, "operator:wikidata": null, "landuse": null, "ele": null, "website": null, "wikidata": null, "wikipedia": null, "note": null, "old_name": null, "short_name": null, "gnis:feature_id": null, "name:en": null, "name:zh": null, "opening_hours": null, "email": null, "fax": null, "layer": null, "phone": null, "source": null, "artist_name": null, "artwork_type": null, "description": null, "material": null, "start_date": null, "tourism": null, "wheelchair": null, "localwiki": null, "operator:wikipedia": null, "check_date:opening_hours": null, "addr:country": null, "owner": null, "ownership": null, "access": null, "type": null, "dog": null, "smoking": null, "loc_name": null }, "geometry": { "type": "Polygon", "coordinates": [ [ [ -83.7470769, 42.2888776 ], [ -83.7470262, 42.2888528 ], [ -83.7470283, 42.2886544 ], [ -83.7471954, 42.288717 ], [ -83.747152, 42.288836 ], [ -83.7471256, 42.2888663 ], [ -83.7470769, 42.2888776 ] ] ] } },
{ "type": "Feature", "properties": { "index": 115, "element": "way", "id": 685726028, "leisure": "park", "name": "Broadway Park West", "addr:city": null, "addr:housenumber": null, "addr:postcode": null, "addr:state": null, "addr:street": null, "operator": null, "operator:type": null, "operator:wikidata": null, "landuse": null, "ele": null, "website": null, "wikidata": null, "wikipedia": null, "note": null, "old_name": null, "short_name": null, "gnis:feature_id": null, "name:en": null, "name:zh": null, "opening_hours": null, "email": null, "fax": null, "layer": null, "phone": null, "source": null, "artist_name": null, "artwork_type": null, "description": null, "material": null, "start_date": null, "tourism": null, "wheelchair": null, "localwiki": null, "operator:wikipedia": null, "check_date:opening_hours": null, "addr:country": null, "owner": "DTE Gas Company Property Tax Department", "ownership": null, "access": null, "type": null, "dog": null, "smoking": null, "loc_name": null }, "geometry": { "type": "Polygon", "coordinates": [ [ [ -83.7458369, 42.2898926 ], [ -83.7457363, 42.2899278 ], [ -83.7455681, 42.2899567 ], [ -83.7455539, 42.2899591 ], [ -83.7451449, 42.2899923 ], [ -83.7447929, 42.2900141 ], [ -83.7444686, 42.2900588 ], [ -83.7441149, 42.2900533 ], [ -83.7437823, 42.2900419 ], [ -83.7435865, 42.2900216 ], [ -83.7430313, 42.2899343 ], [ -83.7426665, 42.289844 ], [ -83.7425324, 42.289844 ], [ -83.7423594, 42.2896793 ], [ -83.7422092, 42.2896267 ], [ -83.7420523, 42.2896049 ], [ -83.7418324, 42.2894779 ], [ -83.7415829, 42.2893668 ], [ -83.7423274, 42.2891861 ], [ -83.7438504, 42.2893969 ], [ -83.7439963, 42.2895808 ], [ -83.7447543, 42.2893436 ], [ -83.7445711, 42.2890349 ], [ -83.7447962, 42.2888698 ], [ -83.7450832, 42.2890503 ], [ -83.745338, 42.289213 ], [ -83.7455687, 42.2893876 ], [ -83.7457806, 42.2896158 ], [ -83.7459549, 42.2898361 ], [ -83.7458369, 42.2898926 ] ] ] } },
{ "type": "Feature", "properties": { "index": 116, "element": "way", "id": 128652508, "leisure": "park", "name": "Hunt Park", "addr:city": null, "addr:housenumber": null, "addr:postcode": null, "addr:state": null, "addr:street": null, "operator": null, "operator:type": null, "operator:wikidata": null, "landuse": null, "ele": null, "website": null, "wikidata": "Q49504040", "wikipedia": null, "note": null, "old_name": null, "short_name": null, "gnis:feature_id": "2647323", "name:en": null, "name:zh": null, "opening_hours": null, "email": null, "fax": null, "layer": null, "phone": null, "source": null, "artist_name": null, "artwork_type": null, "description": null, "material": null, "start_date": null, "tourism": null, "wheelchair": null, "localwiki": null, "operator:wikipedia": null, "check_date:opening_hours": null, "addr:country": null, "owner": null, "ownership": null, "access": null, "type": null, "dog": null, "smoking": null, "loc_name": null }, "geometry": { "type": "Polygon", "coordinates": [ [ [ -83.7511893, 42.2925006 ], [ -83.7510558, 42.290261 ], [ -83.7517993, 42.2902534 ], [ -83.7518208, 42.2910958 ], [ -83.7524927, 42.2910803 ], [ -83.75256, 42.2933116 ], [ -83.7511893, 42.2925006 ] ] ] } },
{ "type": "Feature", "properties": { "index": 117, "element": "way", "id": 459096069, "leisure": "park", "name": "Longshore Park", "addr:city": null, "addr:housenumber": null, "addr:postcode": null, "addr:state": null, "addr:street": null, "operator": null, "operator:type": null, "operator:wikidata": null, "landuse": null, "ele": null, "website": null, "wikidata": null, "wikipedia": null, "note": null, "old_name": null, "short_name": null, "gnis:feature_id": null, "name:en": null, "name:zh": null, "opening_hours": null, "email": null, "fax": null, "layer": null, "phone": null, "source": null, "artist_name": null, "artwork_type": null, "description": null, "material": null, "start_date": null, "tourism": null, "wheelchair": null, "localwiki": null, "operator:wikipedia": null, "check_date:opening_hours": null, "addr:country": null, "owner": null, "ownership": null, "access": null, "type": null, "dog": null, "smoking": null, "loc_name": null }, "geometry": { "type": "Polygon", "coordinates": [ [ [ -83.7426969, 42.2916146 ], [ -83.7429876, 42.2916808 ], [ -83.7436214, 42.291825 ], [ -83.74348, 42.2921866 ], [ -83.7437727, 42.2922573 ], [ -83.7435735, 42.2927702 ], [ -83.7423464, 42.2925073 ], [ -83.7426969, 42.2916146 ] ] ] } },
{ "type": "Feature", "properties": { "index": 118, "element": "relation", "id": 6786373, "leisure": "park", "name": "Plymouth Parkway Park", "addr:city": null, "addr:housenumber": null, "addr:postcode": null, "addr:state": null, "addr:street": null, "operator": null, "operator:type": null, "operator:wikidata": null, "landuse": null, "ele": null, "website": null, "wikidata": null, "wikipedia": null, "note": null, "old_name": null, "short_name": null, "gnis:feature_id": null, "name:en": null, "name:zh": null, "opening_hours": null, "email": null, "fax": null, "layer": null, "phone": null, "source": null, "artist_name": null, "artwork_type": null, "description": null, "material": null, "start_date": null, "tourism": null, "wheelchair": null, "localwiki": null, "operator:wikipedia": null, "check_date:opening_hours": null, "addr:country": null, "owner": null, "ownership": null, "access": null, "type": "multipolygon", "dog": null, "smoking": null, "loc_name": null }, "geometry": { "type": "MultiPolygon", "coordinates": [ [ [ [ -83.7359501, 42.2928434 ], [ -83.7380465, 42.2907301 ], [ -83.7379754, 42.2909531 ], [ -83.7379351, 42.2910166 ], [ -83.7378627, 42.2912131 ], [ -83.7377069, 42.2916884 ], [ -83.7372735, 42.2916065 ], [ -83.7371306, 42.2917464 ], [ -83.7372209, 42.2918474 ], [ -83.7372441, 42.2920354 ], [ -83.7373491, 42.292054 ], [ -83.7373239, 42.2921348 ], [ -83.7349082, 42.293639 ], [ -83.7354459, 42.2932676 ], [ -83.7359501, 42.2928434 ] ] ], [ [ [ -83.7342102, 42.2933632 ], [ -83.7350585, 42.2927029 ], [ -83.7359325, 42.292252 ], [ -83.7356563, 42.2919531 ], [ -83.7356243, 42.2919629 ], [ -83.7355265, 42.2918561 ], [ -83.7362499, 42.2914707 ], [ -83.736262, 42.290857 ], [ -83.7363732, 42.2908054 ], [ -83.7366564, 42.2911072 ], [ -83.7375984, 42.2906261 ], [ -83.7376502, 42.2906685 ], [ -83.7375695, 42.2907595 ], [ -83.7362345, 42.2920894 ], [ -83.735751, 42.2925783 ], [ -83.7356526, 42.2926746 ], [ -83.735182, 42.2930747 ], [ -83.734666, 42.2934351 ], [ -83.7338611, 42.2939326 ], [ -83.7336363, 42.2938008 ], [ -83.7339881, 42.2935339 ], [ -83.7342102, 42.2933632 ] ] ] ] } },
{ "type": "Feature", "properties": { "index": 119, "element": "way", "id": 225271886, "leisure": "park", "name": "Beckley Park", "addr:city": null, "addr:housenumber": null, "addr:postcode": null, "addr:state": null, "addr:street": null, "operator": null, "operator:type": null, "operator:wikidata": null, "landuse": null, "ele": "257", "website": null, "wikidata": "Q34895105", "wikipedia": null, "note": null, "old_name": null, "short_name": null, "gnis:feature_id": null, "name:en": null, "name:zh": null, "opening_hours": null, "email": null, "fax": null, "layer": null, "phone": null, "source": null, "artist_name": null, "artwork_type": null, "description": null, "material": null, "start_date": null, "tourism": null, "wheelchair": null, "localwiki": null, "operator:wikipedia": null, "check_date:opening_hours": null, "addr:country": null, "owner": null, "ownership": null, "access": null, "type": null, "dog": null, "smoking": null, "loc_name": null }, "geometry": { "type": "Polygon", "coordinates": [ [ [ -83.7389324, 42.2944282 ], [ -83.7392371, 42.2944971 ], [ -83.7393666, 42.294159 ], [ -83.7394057, 42.294167 ], [ -83.7392647, 42.2945398 ], [ -83.741281, 42.294933 ], [ -83.7412648, 42.2949538 ], [ -83.7412319, 42.2949814 ], [ -83.7396616, 42.2953972 ], [ -83.7395799, 42.2954087 ], [ -83.739477, 42.2954025 ], [ -83.7386256, 42.2952213 ], [ -83.7389324, 42.2944282 ] ] ] } },
{ "type": "Feature", "properties": { "index": 120, "element": "relation", "id": 20273991, "leisure": "park", "name": "Maryfield Wildwood Park", "addr:city": null, "addr:housenumber": null, "addr:postcode": null, "addr:state": null, "addr:street": null, "operator": "City of Ann Arbor", "operator:type": "government", "operator:wikidata": "Q485172", "landuse": null, "ele": null, "website": null, "wikidata": null, "wikipedia": null, "note": null, "old_name": null, "short_name": null, "gnis:feature_id": null, "name:en": null, "name:zh": null, "opening_hours": null, "email": null, "fax": null, "layer": null, "phone": null, "source": null, "artist_name": null, "artwork_type": null, "description": null, "material": null, "start_date": null, "tourism": null, "wheelchair": null, "localwiki": null, "operator:wikipedia": null, "check_date:opening_hours": null, "addr:country": null, "owner": null, "ownership": null, "access": null, "type": "multipolygon", "dog": null, "smoking": null, "loc_name": null }, "geometry": { "type": "MultiPolygon", "coordinates": [ [ [ [ -83.7661145, 42.2837396 ], [ -83.7661165, 42.283701 ], [ -83.7656252, 42.2835064 ], [ -83.7656736, 42.2833047 ], [ -83.7661087, 42.2833576 ], [ -83.7661087, 42.2835021 ], [ -83.7666561, 42.2835279 ], [ -83.7666909, 42.2836395 ], [ -83.7667586, 42.2837711 ], [ -83.7668534, 42.2839056 ], [ -83.7669907, 42.2840544 ], [ -83.7669945, 42.284116 ], [ -83.7669578, 42.2841575 ], [ -83.766894, 42.2841803 ], [ -83.7667973, 42.2841746 ], [ -83.7664588, 42.2840702 ], [ -83.7664646, 42.2838656 ], [ -83.7661145, 42.2837396 ] ] ], [ [ [ -83.769299, 42.2843362 ], [ -83.7685302, 42.2843673 ], [ -83.7679147, 42.2844684 ], [ -83.7678163, 42.2844705 ], [ -83.7677069, 42.2844563 ], [ -83.7676276, 42.2844219 ], [ -83.7675674, 42.2843754 ], [ -83.7670668, 42.2838533 ], [ -83.7670067, 42.2837885 ], [ -83.7669656, 42.2837197 ], [ -83.7672501, 42.2837865 ], [ -83.7671981, 42.283912 ], [ -83.767752, 42.2840354 ], [ -83.7678126, 42.2838208 ], [ -83.7678378, 42.283824 ], [ -83.7678663, 42.2838277 ], [ -83.7678081, 42.2840516 ], [ -83.7682895, 42.2841548 ], [ -83.7690471, 42.2840556 ], [ -83.7690581, 42.283999 ], [ -83.7688611, 42.2839605 ], [ -83.7689651, 42.2836934 ], [ -83.7691128, 42.2837197 ], [ -83.7692386, 42.28374 ], [ -83.7694, 42.2837541 ], [ -83.7695367, 42.2837642 ], [ -83.7696707, 42.2837663 ], [ -83.7698239, 42.2837602 ], [ -83.7699525, 42.2837562 ], [ -83.770092, 42.2837359 ], [ -83.7706609, 42.283661 ], [ -83.7707402, 42.284175 ], [ -83.7698841, 42.2843126 ], [ -83.769299, 42.2843362 ] ] ] ] } },
{ "type": "Feature", "properties": { "index": 121, "element": "way", "id": 394236850, "leisure": "park", "name": "Evergreen Park", "addr:city": null, "addr:housenumber": null, "addr:postcode": null, "addr:state": null, "addr:street": null, "operator": null, "operator:type": null, "operator:wikidata": null, "landuse": null, "ele": null, "website": null, "wikidata": null, "wikipedia": null, "note": null, "old_name": null, "short_name": null, "gnis:feature_id": null, "name:en": null, "name:zh": null, "opening_hours": null, "email": null, "fax": null, "layer": null, "phone": null, "source": null, "artist_name": null, "artwork_type": null, "description": null, "material": null, "start_date": null, "tourism": null, "wheelchair": null, "localwiki": null, "operator:wikipedia": null, "check_date:opening_hours": null, "addr:country": null, "owner": null, "ownership": null, "access": null, "type": null, "dog": null, "smoking": null, "loc_name": null }, "geometry": { "type": "Polygon", "coordinates": [ [ [ -83.7904497, 42.2864125 ], [ -83.7910324, 42.2864081 ], [ -83.7910414, 42.286097 ], [ -83.7918463, 42.2862948 ], [ -83.7918763, 42.2873902 ], [ -83.792465, 42.2873857 ], [ -83.792472718089627, 42.287471473702709 ], [ -83.791981, 42.287479 ], [ -83.791940681067288, 42.287655232754283 ], [ -83.7917862, 42.2876324 ], [ -83.7916361, 42.2875924 ], [ -83.7916408, 42.2875603 ], [ -83.7912907, 42.2875603 ], [ -83.7912861, 42.2873932 ], [ -83.7910624, 42.2873924 ], [ -83.791067715702042, 42.287493457402036 ], [ -83.790546, 42.287508 ], [ -83.790545142984939, 42.28756542000901 ], [ -83.7904684, 42.2875657 ], [ -83.7904676, 42.2874525 ], [ -83.7904476, 42.2874525 ], [ -83.7898695, 42.2874532 ], [ -83.789879, 42.2874013 ], [ -83.7904767, 42.2873924 ], [ -83.7904497, 42.2864125 ] ] ] } },
{ "type": "Feature", "properties": { "index": 122, "element": "way", "id": 394236861, "leisure": "park", "name": "Wellington Park", "addr:city": null, "addr:housenumber": null, "addr:postcode": null, "addr:state": null, "addr:street": null, "operator": "City of Ann Arbor", "operator:type": "public", "operator:wikidata": "Q485172", "landuse": null, "ele": "280", "website": null, "wikidata": "Q49578257", "wikipedia": null, "note": null, "old_name": null, "short_name": null, "gnis:feature_id": "1615988", "name:en": null, "name:zh": null, "opening_hours": null, "email": null, "fax": null, "layer": null, "phone": null, "source": null, "artist_name": null, "artwork_type": null, "description": null, "material": null, "start_date": null, "tourism": null, "wheelchair": null, "localwiki": null, "operator:wikipedia": null, "check_date:opening_hours": null, "addr:country": null, "owner": null, "ownership": null, "access": null, "type": null, "dog": null, "smoking": null, "loc_name": null }, "geometry": { "type": "Polygon", "coordinates": [ [ [ -83.7724967, 42.2877145 ], [ -83.7724042, 42.2876974 ], [ -83.7723291, 42.2876632 ], [ -83.7722742, 42.2876098 ], [ -83.772251, 42.2875628 ], [ -83.7722424, 42.2875115 ], [ -83.7722279, 42.2870689 ], [ -83.7722482, 42.2870197 ], [ -83.7722828, 42.286977 ], [ -83.7723406, 42.2869556 ], [ -83.7724013, 42.2869492 ], [ -83.7729215, 42.2869449 ], [ -83.7729518, 42.287706 ], [ -83.7724967, 42.2877145 ] ] ] } },
{ "type": "Feature", "properties": { "index": 123, "element": "way", "id": 394236858, "leisure": "park", "name": "Mixtwood Pomona Park", "addr:city": null, "addr:housenumber": null, "addr:postcode": null, "addr:state": null, "addr:street": null, "operator": null, "operator:type": null, "operator:wikidata": null, "landuse": null, "ele": null, "website": null, "wikidata": null, "wikipedia": null, "note": null, "old_name": null, "short_name": null, "gnis:feature_id": null, "name:en": null, "name:zh": null, "opening_hours": null, "email": null, "fax": null, "layer": null, "phone": null, "source": null, "artist_name": null, "artwork_type": null, "description": null, "material": null, "start_date": null, "tourism": null, "wheelchair": null, "localwiki": null, "operator:wikipedia": null, "check_date:opening_hours": null, "addr:country": null, "owner": null, "ownership": null, "access": null, "type": null, "dog": null, "smoking": null, "loc_name": null }, "geometry": { "type": "Polygon", "coordinates": [ [ [ -83.7617407, 42.2906825 ], [ -83.7622047, 42.290684 ], [ -83.7626188, 42.2907355 ], [ -83.762593, 42.2907665 ], [ -83.7625531, 42.29079 ], [ -83.7624914, 42.290818 ], [ -83.7618781, 42.2909712 ], [ -83.7617407, 42.2906825 ] ] ] } },
{ "type": "Feature", "properties": { "index": 124, "element": "relation", "id": 20273996, "leisure": "park", "name": "Hollywood Park", "addr:city": null, "addr:housenumber": null, "addr:postcode": null, "addr:state": null, "addr:street": null, "operator": null, "operator:type": null, "operator:wikidata": null, "landuse": null, "ele": null, "website": null, "wikidata": null, "wikipedia": null, "note": null, "old_name": null, "short_name": null, "gnis:feature_id": null, "name:en": null, "name:zh": null, "opening_hours": null, "email": null, "fax": null, "layer": null, "phone": null, "source": null, "artist_name": null, "artwork_type": null, "description": null, "material": null, "start_date": null, "tourism": null, "wheelchair": null, "localwiki": null, "operator:wikipedia": null, "check_date:opening_hours": null, "addr:country": null, "owner": null, "ownership": null, "access": null, "type": "multipolygon", "dog": null, "smoking": null, "loc_name": null }, "geometry": { "type": "MultiPolygon", "coordinates": [ [ [ [ -83.7879894, 42.2926595 ], [ -83.7879894, 42.2925345 ], [ -83.7889032, 42.292535 ], [ -83.7889091, 42.2929177 ], [ -83.7887298, 42.2928822 ], [ -83.7879894, 42.2926595 ] ] ], [ [ [ -83.7875686, 42.2936892 ], [ -83.7870983, 42.2938805 ], [ -83.7867279, 42.292845 ], [ -83.7870807, 42.2928324 ], [ -83.7873452, 42.2928629 ], [ -83.787598, 42.2929151 ], [ -83.7878332, 42.2929672 ], [ -83.7884564, 42.2931673 ], [ -83.7886974, 42.2932195 ], [ -83.7889267, 42.2932673 ], [ -83.7889326, 42.2935543 ], [ -83.7881389, 42.2935761 ], [ -83.7875686, 42.2936892 ] ] ] ] } },
{ "type": "Feature", "properties": { "index": 125, "element": "way", "id": 394236835, "leisure": "park", "name": "Miller Nature Area", "addr:city": null, "addr:housenumber": null, "addr:postcode": null, "addr:state": null, "addr:street": null, "operator": null, "operator:type": null, "operator:wikidata": null, "landuse": null, "ele": null, "website": null, "wikidata": null, "wikipedia": null, "note": "This is part of Garden Homes Park.", "old_name": null, "short_name": null, "gnis:feature_id": null, "name:en": null, "name:zh": null, "opening_hours": null, "email": null, "fax": null, "layer": null, "phone": null, "source": null, "artist_name": null, "artwork_type": null, "description": null, "material": null, "start_date": null, "tourism": null, "wheelchair": null, "localwiki": null, "operator:wikipedia": null, "check_date:opening_hours": null, "addr:country": null, "owner": null, "ownership": null, "access": null, "type": null, "dog": null, "smoking": null, "loc_name": null }, "geometry": { "type": "Polygon", "coordinates": [ [ [ -83.7787634, 42.2940821 ], [ -83.7788612, 42.2941204 ], [ -83.7787692, 42.2942928 ], [ -83.7787634, 42.2940821 ] ] ] } },
{ "type": "Feature", "properties": { "index": 126, "element": "way", "id": 394236843, "leisure": "park", "name": "Miller Nature Area", "addr:city": null, "addr:housenumber": null, "addr:postcode": null, "addr:state": null, "addr:street": null, "operator": null, "operator:type": null, "operator:wikidata": null, "landuse": null, "ele": null, "website": null, "wikidata": null, "wikipedia": null, "note": "This is part of Garden Homes Park.", "old_name": null, "short_name": null, "gnis:feature_id": null, "name:en": null, "name:zh": null, "opening_hours": null, "email": null, "fax": null, "layer": null, "phone": null, "source": null, "artist_name": null, "artwork_type": null, "description": null, "material": null, "start_date": null, "tourism": null, "wheelchair": null, "localwiki": null, "operator:wikipedia": null, "check_date:opening_hours": null, "addr:country": null, "owner": null, "ownership": null, "access": null, "type": null, "dog": null, "smoking": null, "loc_name": null }, "geometry": { "type": "Polygon", "coordinates": [ [ [ -83.7789591, 42.294512 ], [ -83.7789599, 42.2945014 ], [ -83.7789648, 42.2944354 ], [ -83.7789763, 42.2943481 ], [ -83.7790137, 42.2942694 ], [ -83.779054, 42.2941927 ], [ -83.7793791, 42.2943247 ], [ -83.7792439, 42.2945013 ], [ -83.7789591, 42.294512 ] ] ] } },
{ "type": "Feature", "properties": { "index": 127, "element": "way", "id": 394236857, "leisure": "park", "name": "Kelly Park", "addr:city": null, "addr:housenumber": null, "addr:postcode": null, "addr:state": null, "addr:street": null, "operator": null, "operator:type": null, "operator:wikidata": null, "landuse": null, "ele": null, "website": null, "wikidata": null, "wikipedia": null, "note": null, "old_name": null, "short_name": null, "gnis:feature_id": null, "name:en": null, "name:zh": null, "opening_hours": null, "email": null, "fax": null, "layer": null, "phone": null, "source": null, "artist_name": null, "artwork_type": null, "description": null, "material": null, "start_date": null, "tourism": null, "wheelchair": null, "localwiki": null, "operator:wikipedia": null, "check_date:opening_hours": null, "addr:country": null, "owner": null, "ownership": null, "access": null, "type": null, "dog": null, "smoking": null, "loc_name": null }, "geometry": { "type": "Polygon", "coordinates": [ [ [ -83.7829392, 42.2946068 ], [ -83.7828452, 42.2944893 ], [ -83.7827805, 42.2943676 ], [ -83.7827467, 42.2942741 ], [ -83.7837661, 42.29428 ], [ -83.7830509, 42.2947155 ], [ -83.7829392, 42.2946068 ] ] ] } },
{ "type": "Feature", "properties": { "index": 128, "element": "way", "id": 394236849, "leisure": "park", "name": "Creal Park", "addr:city": null, "addr:housenumber": null, "addr:postcode": null, "addr:state": null, "addr:street": null, "operator": null, "operator:type": null, "operator:wikidata": null, "landuse": null, "ele": null, "website": null, "wikidata": null, "wikipedia": null, "note": null, "old_name": null, "short_name": null, "gnis:feature_id": null, "name:en": null, "name:zh": null, "opening_hours": null, "email": null, "fax": null, "layer": null, "phone": null, "source": null, "artist_name": null, "artwork_type": null, "description": null, "material": null, "start_date": null, "tourism": null, "wheelchair": null, "localwiki": null, "operator:wikipedia": null, "check_date:opening_hours": null, "addr:country": null, "owner": null, "ownership": null, "access": null, "type": null, "dog": null, "smoking": null, "loc_name": null }, "geometry": { "type": "Polygon", "coordinates": [ [ [ -83.7726546, 42.2951141 ], [ -83.7727075, 42.294473 ], [ -83.7733671, 42.2944291 ], [ -83.7735303, 42.2944197 ], [ -83.7738183, 42.2944008 ], [ -83.7738834, 42.2950448 ], [ -83.7726546, 42.2951141 ] ] ] } },
{ "type": "Feature", "properties": { "index": 129, "element": "relation", "id": 20273995, "leisure": "park", "name": "Garden Homes Park", "addr:city": null, "addr:housenumber": null, "addr:postcode": null, "addr:state": null, "addr:street": null, "operator": null, "operator:type": null, "operator:wikidata": null, "landuse": null, "ele": null, "website": null, "wikidata": "Q34879786", "wikipedia": null, "note": null, "old_name": null, "short_name": null, "gnis:feature_id": "2647324", "name:en": null, "name:zh": null, "opening_hours": null, "email": null, "fax": null, "layer": null, "phone": null, "source": null, "artist_name": null, "artwork_type": null, "description": null, "material": null, "start_date": null, "tourism": null, "wheelchair": null, "localwiki": null, "operator:wikipedia": null, "check_date:opening_hours": null, "addr:country": null, "owner": null, "ownership": null, "access": null, "type": "multipolygon", "dog": null, "smoking": null, "loc_name": null }, "geometry": { "type": "MultiPolygon", "coordinates": [ [ [ [ -83.7757307, 42.2942821 ], [ -83.7768388, 42.2942764 ], [ -83.7768374, 42.2949503 ], [ -83.7757469, 42.2949653 ], [ -83.7757307, 42.2942821 ] ] ], [ [ [ -83.777825, 42.2953778 ], [ -83.7778058, 42.2953566 ], [ -83.7777895, 42.2949352 ], [ -83.7770164, 42.2949442 ], [ -83.7770083, 42.2947215 ], [ -83.7779035, 42.2947065 ], [ -83.7779092, 42.2951828 ], [ -83.7779116, 42.2953837 ], [ -83.7780581, 42.2953867 ], [ -83.7780581, 42.2955071 ], [ -83.7779767, 42.2954439 ], [ -83.7778668, 42.2953867 ], [ -83.777825, 42.2953778 ] ] ], [ [ [ -83.7778719, 42.2979318 ], [ -83.7778475, 42.2974277 ], [ -83.777998, 42.2974217 ], [ -83.7779573, 42.2965218 ], [ -83.7778149, 42.2965218 ], [ -83.7778068, 42.2963713 ], [ -83.7778841, 42.2963713 ], [ -83.7778647, 42.2956151 ], [ -83.7775301, 42.2956219 ], [ -83.777526, 42.2954293 ], [ -83.7776521, 42.2954714 ], [ -83.7777579, 42.2955226 ], [ -83.7778637, 42.2955828 ], [ -83.7778816, 42.295596 ], [ -83.7779207, 42.2956249 ], [ -83.7779899, 42.2956821 ], [ -83.7780224, 42.2961727 ], [ -83.7785676, 42.2961637 ], [ -83.7785799, 42.2962871 ], [ -83.7783968, 42.2962901 ], [ -83.778411, 42.29674 ], [ -83.7788918, 42.2967292 ], [ -83.7789574, 42.298431 ], [ -83.7789679, 42.29877 ], [ -83.7771236, 42.2987955 ], [ -83.7770949, 42.2979414 ], [ -83.7778719, 42.2979318 ] ] ] ] } },
{ "type": "Feature", "properties": { "index": 130, "element": "relation", "id": 8884708, "leisure": "park", "name": "Argo Nature Area", "addr:city": null, "addr:housenumber": null, "addr:postcode": null, "addr:state": null, "addr:street": null, "operator": null, "operator:type": null, "operator:wikidata": null, "landuse": null, "ele": null, "website": null, "wikidata": null, "wikipedia": null, "note": null, "old_name": null, "short_name": null, "gnis:feature_id": null, "name:en": null, "name:zh": null, "opening_hours": null, "email": null, "fax": null, "layer": null, "phone": null, "source": null, "artist_name": null, "artwork_type": null, "description": null, "material": null, "start_date": null, "tourism": null, "wheelchair": null, "localwiki": null, "operator:wikipedia": null, "check_date:opening_hours": null, "addr:country": null, "owner": null, "ownership": null, "access": null, "type": "multipolygon", "dog": null, "smoking": null, "loc_name": null }, "geometry": { "type": "MultiPolygon", "coordinates": [ [ [ [ -83.7403909, 42.2892407 ], [ -83.7402905, 42.289011 ], [ -83.7403877, 42.288958 ], [ -83.7402343, 42.2887915 ], [ -83.740337, 42.2887379 ], [ -83.7403954, 42.2888067 ], [ -83.7405321, 42.2890362 ], [ -83.7406286, 42.2891784 ], [ -83.7406866, 42.2892308 ], [ -83.7408333, 42.2892825 ], [ -83.7408507, 42.2892926 ], [ -83.7409004, 42.2893215 ], [ -83.7408377, 42.2894083 ], [ -83.7408823, 42.2894347 ], [ -83.7409541, 42.289382 ], [ -83.7410117, 42.2893806 ], [ -83.7412828, 42.2895643 ], [ -83.7418162, 42.2898367 ], [ -83.7423517, 42.2900612 ], [ -83.742981, 42.2902461 ], [ -83.7437174, 42.2903286 ], [ -83.7444092, 42.2903418 ], [ -83.744976, 42.290289 ], [ -83.7452839, 42.2903468 ], [ -83.7453273, 42.2905425 ], [ -83.7452845, 42.2905637 ], [ -83.7451456, 42.290606 ], [ -83.7450252, 42.2907747 ], [ -83.7449474, 42.2908941 ], [ -83.7448353, 42.2909111 ], [ -83.7447721, 42.2908826 ], [ -83.7447244, 42.2908689 ], [ -83.7444779, 42.2909043 ], [ -83.7441899, 42.2909134 ], [ -83.743828, 42.29091 ], [ -83.7438303, 42.2909376 ], [ -83.7423468, 42.2908342 ], [ -83.742092, 42.2908185 ], [ -83.7416389, 42.2907923 ], [ -83.7417593, 42.2905645 ], [ -83.7416814, 42.2904677 ], [ -83.7411124, 42.2902443 ], [ -83.7400873, 42.289429 ], [ -83.7403909, 42.2892407 ] ] ], [ [ [ -83.744298, 42.2925155 ], [ -83.7439718, 42.2932393 ], [ -83.743886, 42.2937281 ], [ -83.7436457, 42.2942297 ], [ -83.7432414, 42.2947907 ], [ -83.7423496, 42.2958232 ], [ -83.7415943, 42.2965724 ], [ -83.7405853, 42.2976385 ], [ -83.7403438, 42.2979002 ], [ -83.7401867, 42.2981405 ], [ -83.7400796, 42.2986579 ], [ -83.739983, 42.298911 ], [ -83.7398954, 42.2992235 ], [ -83.7398949, 42.2995308 ], [ -83.739932, 42.2998623 ], [ -83.7400408, 42.3001021 ], [ -83.7403035, 42.30051 ], [ -83.7406129, 42.3008556 ], [ -83.7408252, 42.3011478 ], [ -83.7411761, 42.3014111 ], [ -83.7414164, 42.3015604 ], [ -83.7415789, 42.301615 ], [ -83.7417657, 42.3016825 ], [ -83.7418346, 42.3017781 ], [ -83.7418759, 42.3019836 ], [ -83.742051, 42.3021179 ], [ -83.7423839, 42.3022923 ], [ -83.7426092, 42.3025277 ], [ -83.7427269, 42.3026128 ], [ -83.7428945, 42.3026773 ], [ -83.7431119, 42.3027135 ], [ -83.7432549, 42.3028197 ], [ -83.7438132, 42.3031484 ], [ -83.7440465, 42.3032082 ], [ -83.744237, 42.3032288 ], [ -83.7446165, 42.3032566 ], [ -83.7447502, 42.3032517 ], [ -83.7449019, 42.3032345 ], [ -83.7447797, 42.3034166 ], [ -83.7446366, 42.3033776 ], [ -83.7444502, 42.3033538 ], [ -83.7442169, 42.303331 ], [ -83.7439969, 42.3032873 ], [ -83.7437824, 42.3032258 ], [ -83.7435758, 42.3031643 ], [ -83.743372, 42.3030651 ], [ -83.7431038, 42.3029461 ], [ -83.7428892, 42.302835 ], [ -83.7427095, 42.3027219 ], [ -83.7423782, 42.302476 ], [ -83.7420188, 42.3022052 ], [ -83.7419316, 42.3021466 ], [ -83.741823, 42.302109 ], [ -83.7417197, 42.3020871 ], [ -83.7416017, 42.3020851 ], [ -83.7407032, 42.302103 ], [ -83.7402096, 42.3021367 ], [ -83.7396357, 42.3020514 ], [ -83.7395096, 42.3019364 ], [ -83.7395954, 42.3019145 ], [ -83.7396518, 42.3019145 ], [ -83.7400863, 42.301978 ], [ -83.7402043, 42.3019919 ], [ -83.7403411, 42.3019979 ], [ -83.740502, 42.301986 ], [ -83.7406308, 42.3019582 ], [ -83.7407434, 42.3019245 ], [ -83.7407944, 42.3018848 ], [ -83.7408427, 42.3018312 ], [ -83.7408722, 42.3017737 ], [ -83.7408722, 42.3017043 ], [ -83.7408587, 42.3016487 ], [ -83.7408051, 42.3015694 ], [ -83.7407139, 42.3014979 ], [ -83.7406388, 42.3014424 ], [ -83.7403491, 42.3012619 ], [ -83.7401828, 42.3011627 ], [ -83.7400165, 42.3010179 ], [ -83.7396544, 42.3005656 ], [ -83.7393621, 42.3000597 ], [ -83.7392816, 42.299903 ], [ -83.7392226, 42.2997264 ], [ -83.7391877, 42.2995498 ], [ -83.739169, 42.2993594 ], [ -83.739185, 42.2991828 ], [ -83.7392226, 42.2990023 ], [ -83.7395311, 42.2982841 ], [ -83.7396062, 42.2981333 ], [ -83.7396813, 42.2980361 ], [ -83.7402794, 42.2973437 ], [ -83.7407836, 42.2967684 ], [ -83.7412182, 42.296322 ], [ -83.7415212, 42.2960462 ], [ -83.7418351, 42.2957863 ], [ -83.7418887, 42.2957308 ], [ -83.7419316, 42.2956653 ], [ -83.7419424, 42.2955899 ], [ -83.7419424, 42.2955225 ], [ -83.7419209, 42.295461 ], [ -83.7418807, 42.2953935 ], [ -83.741819, 42.295336 ], [ -83.7417358, 42.2952864 ], [ -83.741473, 42.2951574 ], [ -83.7414542, 42.2951336 ], [ -83.7414461, 42.2951078 ], [ -83.741481, 42.2950205 ], [ -83.741532, 42.2949729 ], [ -83.7416098, 42.294961 ], [ -83.7424922, 42.2949729 ], [ -83.7426022, 42.294959 ], [ -83.7427229, 42.2949193 ], [ -83.742806, 42.2948539 ], [ -83.7428704, 42.2947725 ], [ -83.7433693, 42.2936595 ], [ -83.743732, 42.2927177 ], [ -83.7439994, 42.2920275 ], [ -83.7440986, 42.2917676 ], [ -83.7430431, 42.2915461 ], [ -83.7432176, 42.291092 ], [ -83.7435563, 42.2910922 ], [ -83.7438618, 42.2910924 ], [ -83.7441398, 42.2910926 ], [ -83.7444468, 42.2910928 ], [ -83.7447265, 42.291093 ], [ -83.7448432, 42.2911409 ], [ -83.7447309, 42.2912442 ], [ -83.7446555, 42.2913931 ], [ -83.7446145, 42.2915453 ], [ -83.7446518, 42.2916156 ], [ -83.744535, 42.2919524 ], [ -83.7444971, 42.292013 ], [ -83.744551, 42.2920895 ], [ -83.744552, 42.2921519 ], [ -83.744298, 42.2925155 ] ] ] ] } },
{ "type": "Feature", "properties": { "index": 131, "element": "relation", "id": 6788967, "leisure": "park", "name": "Bandemer Park", "addr:city": null, "addr:housenumber": null, "addr:postcode": null, "addr:state": null, "addr:street": null, "operator": null, "operator:type": null, "operator:wikidata": null, "landuse": null, "ele": "242", "website": null, "wikidata": "Q34816761", "wikipedia": null, "note": "Said to be the same as: GNIS 628859 - Wikidata Q49504215", "old_name": "Huron Bridge Park", "short_name": null, "gnis:feature_id": "2647320", "name:en": null, "name:zh": null, "opening_hours": null, "email": null, "fax": null, "layer": null, "phone": null, "source": null, "artist_name": null, "artwork_type": null, "description": null, "material": null, "start_date": null, "tourism": null, "wheelchair": null, "localwiki": null, "operator:wikipedia": null, "check_date:opening_hours": null, "addr:country": null, "owner": null, "ownership": null, "access": null, "type": "multipolygon", "dog": null, "smoking": null, "loc_name": null }, "geometry": { "type": "MultiPolygon", "coordinates": [ [ [ [ -83.7461433, 42.3028001 ], [ -83.7460673, 42.30274 ], [ -83.7458636, 42.302703 ], [ -83.7454148, 42.302555 ], [ -83.7453108, 42.3025208 ], [ -83.7448129, 42.3023494 ], [ -83.7446831, 42.3022124 ], [ -83.7446272, 42.3021443 ], [ -83.744579, 42.3021053 ], [ -83.7445574, 42.3020882 ], [ -83.7445347, 42.3020777 ], [ -83.7438688, 42.3017908 ], [ -83.7436766, 42.3018045 ], [ -83.7435057, 42.3017906 ], [ -83.7430655, 42.3015925 ], [ -83.7423839, 42.3010353 ], [ -83.7420235, 42.3007687 ], [ -83.7419476, 42.3005073 ], [ -83.7417484, 42.3002825 ], [ -83.7414492, 42.3000719 ], [ -83.7414018, 42.2997657 ], [ -83.7414937, 42.299403 ], [ -83.7416129, 42.2989351 ], [ -83.7420166, 42.298249 ], [ -83.7424481, 42.2977852 ], [ -83.7426626, 42.2974901 ], [ -83.7429195, 42.2971883 ], [ -83.7431078, 42.296947 ], [ -83.7438652, 42.2962081 ], [ -83.7441411, 42.2960393 ], [ -83.7442794, 42.2959044 ], [ -83.7443187, 42.2958661 ], [ -83.7445259, 42.2957553 ], [ -83.7447453, 42.2956565 ], [ -83.7449385, 42.2955463 ], [ -83.7450641, 42.2953432 ], [ -83.7451318, 42.2948874 ], [ -83.7451082, 42.2947418 ], [ -83.745141, 42.2946387 ], [ -83.7452331, 42.2945526 ], [ -83.745184, 42.2943893 ], [ -83.7452498, 42.2942877 ], [ -83.7454481, 42.2941535 ], [ -83.7456653, 42.2941535 ], [ -83.745811, 42.2940246 ], [ -83.7459434, 42.2938718 ], [ -83.7453812, 42.2959733 ], [ -83.7451939, 42.295942 ], [ -83.7448614, 42.2971134 ], [ -83.7447586, 42.2975158 ], [ -83.7446801, 42.2978333 ], [ -83.7446317, 42.2982356 ], [ -83.7446015, 42.2986514 ], [ -83.7446317, 42.2990896 ], [ -83.7446861, 42.2994696 ], [ -83.7447586, 42.2997692 ], [ -83.7448856, 42.300176 ], [ -83.7450125, 42.3005158 ], [ -83.7453153, 42.3009153 ], [ -83.7454733, 42.3011722 ], [ -83.7455383, 42.3013121 ], [ -83.7456835, 42.3015888 ], [ -83.745892, 42.3018548 ], [ -83.7461546, 42.3020875 ], [ -83.7463949, 42.3023097 ], [ -83.7468283, 42.3027314 ], [ -83.7467383, 42.3027981 ], [ -83.7466243, 42.3030677 ], [ -83.7465448, 42.3030932 ], [ -83.7463588, 42.3031058 ], [ -83.7462856, 42.3030726 ], [ -83.7461433, 42.3028001 ] ] ], [ [ [ -83.7462585, 42.3046253 ], [ -83.7462113, 42.3046304 ], [ -83.7460329, 42.3046383 ], [ -83.7456574, 42.3046467 ], [ -83.7452967, 42.3046546 ], [ -83.7452269, 42.3046529 ], [ -83.745176, 42.3046485 ], [ -83.7451089, 42.304633 ], [ -83.7450599, 42.3046144 ], [ -83.745006, 42.3045862 ], [ -83.7449495, 42.3045463 ], [ -83.7449037, 42.304499 ], [ -83.7448729, 42.3044486 ], [ -83.7448501, 42.3043877 ], [ -83.7448347, 42.3043025 ], [ -83.7449024, 42.3040273 ], [ -83.7449802, 42.3037992 ], [ -83.7450419, 42.3036801 ], [ -83.745095, 42.3035124 ], [ -83.745258, 42.303279 ], [ -83.7454561, 42.3033103 ], [ -83.7459746, 42.3034081 ], [ -83.7461934, 42.303396 ], [ -83.7463525, 42.3033706 ], [ -83.7464194, 42.3033614 ], [ -83.7464478, 42.303361 ], [ -83.7464477, 42.3033662 ], [ -83.7464465, 42.3035273 ], [ -83.7464452, 42.3035386 ], [ -83.7464418, 42.3035478 ], [ -83.7464358, 42.3035536 ], [ -83.7464276, 42.3035578 ], [ -83.7464187, 42.3035607 ], [ -83.7464015, 42.3035621 ], [ -83.7463868, 42.3035618 ], [ -83.7463778, 42.3040596 ], [ -83.7464449, 42.3040599 ], [ -83.7464437, 42.3041179 ], [ -83.7464414, 42.3041412 ], [ -83.746438, 42.3041593 ], [ -83.7464318, 42.304178 ], [ -83.7464197, 42.3041957 ], [ -83.7464046, 42.3042082 ], [ -83.7462645, 42.3042929 ], [ -83.7463251, 42.3043481 ], [ -83.7463494, 42.3043816 ], [ -83.7463722, 42.3044211 ], [ -83.7463837, 42.3044533 ], [ -83.7463894, 42.3044793 ], [ -83.7463909, 42.3044998 ], [ -83.746386, 42.3045234 ], [ -83.7463731, 42.3045526 ], [ -83.7463573, 42.3045741 ], [ -83.7463368, 42.3045931 ], [ -83.7463042, 42.3046123 ], [ -83.7462585, 42.3046253 ] ] ] ] } },
{ "type": "Feature", "properties": { "index": 132, "element": "way", "id": 27785567, "leisure": "park", "name": "Onder Park", "addr:city": null, "addr:housenumber": null, "addr:postcode": null, "addr:state": null, "addr:street": null, "operator": null, "operator:type": null, "operator:wikidata": null, "landuse": null, "ele": null, "website": null, "wikidata": null, "wikipedia": null, "note": null, "old_name": null, "short_name": null, "gnis:feature_id": null, "name:en": null, "name:zh": null, "opening_hours": null, "email": null, "fax": null, "layer": null, "phone": null, "source": null, "artist_name": null, "artwork_type": null, "description": null, "material": null, "start_date": null, "tourism": null, "wheelchair": null, "localwiki": null, "operator:wikipedia": null, "check_date:opening_hours": null, "addr:country": null, "owner": null, "ownership": null, "access": null, "type": null, "dog": null, "smoking": null, "loc_name": null }, "geometry": { "type": "Polygon", "coordinates": [ [ [ -83.7415173, 42.3065816 ], [ -83.7414476, 42.3049277 ], [ -83.7414372, 42.3046799 ], [ -83.742939211717953, 42.304681475777819 ], [ -83.7423735, 42.3051454 ], [ -83.742164, 42.3054553 ], [ -83.7421367, 42.3056063 ], [ -83.7421777, 42.3057531 ], [ -83.7428534, 42.3058272 ], [ -83.7427454, 42.3060008 ], [ -83.7425732, 42.3061511 ], [ -83.7423945, 42.3062934 ], [ -83.7421382, 42.3064196 ], [ -83.7418571, 42.306497 ], [ -83.7415709, 42.3065401 ], [ -83.741570962437606, 42.306574823825834 ], [ -83.7415173, 42.3065816 ] ] ] } },
{ "type": "Feature", "properties": { "index": 133, "element": "way", "id": 27785574, "leisure": "park", "name": "Cloverdale Park", "addr:city": "Ann Arbor", "addr:housenumber": "549", "addr:postcode": "48105", "addr:state": "MI", "addr:street": "Cloverdale Road", "operator": "City of Ann Arbor", "operator:type": "public", "operator:wikidata": "Q485172", "landuse": null, "ele": null, "website": null, "wikidata": null, "wikipedia": null, "note": null, "old_name": null, "short_name": null, "gnis:feature_id": null, "name:en": null, "name:zh": null, "opening_hours": null, "email": null, "fax": null, "layer": null, "phone": null, "source": null, "artist_name": null, "artwork_type": null, "description": null, "material": null, "start_date": null, "tourism": null, "wheelchair": null, "localwiki": null, "operator:wikipedia": null, "check_date:opening_hours": null, "addr:country": null, "owner": null, "ownership": null, "access": null, "type": null, "dog": null, "smoking": null, "loc_name": null }, "geometry": { "type": "Polygon", "coordinates": [ [ [ -83.7365261, 42.3060289 ], [ -83.7366494, 42.3059214 ], [ -83.7367547, 42.3058553 ], [ -83.7368751, 42.305784 ], [ -83.7370833, 42.3057074 ], [ -83.7372526, 42.3056639 ], [ -83.7375052, 42.3056295 ], [ -83.7376953, 42.3056401 ], [ -83.7378677, 42.3056573 ], [ -83.7380284, 42.3056918 ], [ -83.7381618, 42.3057289 ], [ -83.7384783, 42.3058429 ], [ -83.7382335, 42.3062283 ], [ -83.7365261, 42.3060289 ] ] ] } },
{ "type": "Feature", "properties": { "index": 134, "element": "way", "id": 27785691, "leisure": "park", "name": "Huron Highlands Park", "addr:city": null, "addr:housenumber": null, "addr:postcode": null, "addr:state": null, "addr:street": null, "operator": "City of Ann Arbor", "operator:type": "public", "operator:wikidata": "Q485172", "landuse": "grass", "ele": null, "website": null, "wikidata": null, "wikipedia": null, "note": null, "old_name": null, "short_name": null, "gnis:feature_id": null, "name:en": null, "name:zh": null, "opening_hours": null, "email": null, "fax": null, "layer": null, "phone": null, "source": null, "artist_name": null, "artwork_type": null, "description": null, "material": null, "start_date": null, "tourism": null, "wheelchair": null, "localwiki": null, "operator:wikipedia": null, "check_date:opening_hours": null, "addr:country": null, "owner": null, "ownership": null, "access": null, "type": null, "dog": null, "smoking": null, "loc_name": null }, "geometry": { "type": "Polygon", "coordinates": [ [ [ -83.7389183, 42.307943 ], [ -83.7388576, 42.308236 ], [ -83.7383946, 42.3082053 ], [ -83.7378189, 42.3082229 ], [ -83.7377942, 42.3078398 ], [ -83.7378654, 42.3075116 ], [ -83.7384866, 42.3075971 ], [ -83.7389469, 42.3076304 ], [ -83.7389183, 42.307943 ] ] ] } },
{ "type": "Feature", "properties": { "index": 135, "element": "way", "id": 934498326, "leisure": "park", "name": null, "addr:city": "Ann Arbor", "addr:housenumber": "2970", "addr:postcode": "48105", "addr:state": "MI", "addr:street": "Havre Street", "operator": null, "operator:type": null, "operator:wikidata": null, "landuse": null, "ele": null, "website": null, "wikidata": null, "wikipedia": null, "note": null, "old_name": null, "short_name": null, "gnis:feature_id": null, "name:en": null, "name:zh": null, "opening_hours": null, "email": null, "fax": null, "layer": null, "phone": null, "source": null, "artist_name": null, "artwork_type": null, "description": null, "material": null, "start_date": null, "tourism": null, "wheelchair": null, "localwiki": null, "operator:wikipedia": null, "check_date:opening_hours": null, "addr:country": null, "owner": null, "ownership": null, "access": null, "type": null, "dog": null, "smoking": null, "loc_name": null }, "geometry": { "type": "Polygon", "coordinates": [ [ [ -83.7368015, 42.3120721 ], [ -83.7367939, 42.3120943 ], [ -83.7367771, 42.3121164 ], [ -83.7367409, 42.3121231 ], [ -83.7361477, 42.3121731 ], [ -83.7361136, 42.3121716 ], [ -83.7360787, 42.3121664 ], [ -83.7360683, 42.3121474 ], [ -83.7360432, 42.3118334 ], [ -83.7360425, 42.3118025 ], [ -83.7360648, 42.3117793 ], [ -83.7360906, 42.3117623 ], [ -83.7361226, 42.3117556 ], [ -83.7366893, 42.3117283 ], [ -83.7367249, 42.3117288 ], [ -83.7367506, 42.3117309 ], [ -83.736775, 42.3117541 ], [ -83.7367834, 42.3117876 ], [ -83.7368015, 42.3120721 ] ] ] } },
{ "type": "Feature", "properties": { "index": 136, "element": "way", "id": 394236839, "leisure": "park", "name": null, "addr:city": null, "addr:housenumber": null, "addr:postcode": null, "addr:state": null, "addr:street": null, "operator": null, "operator:type": null, "operator:wikidata": null, "landuse": null, "ele": null, "website": null, "wikidata": null, "wikipedia": null, "note": "This is part of Garden Homes Park.", "old_name": null, "short_name": null, "gnis:feature_id": null, "name:en": null, "name:zh": null, "opening_hours": null, "email": null, "fax": null, "layer": null, "phone": null, "source": null, "artist_name": null, "artwork_type": null, "description": null, "material": null, "start_date": null, "tourism": null, "wheelchair": null, "localwiki": null, "operator:wikipedia": null, "check_date:opening_hours": null, "addr:country": null, "owner": null, "ownership": null, "access": null, "type": null, "dog": null, "smoking": null, "loc_name": null }, "geometry": { "type": "Polygon", "coordinates": [ [ [ -83.7758428, 42.2975155 ], [ -83.7758404, 42.2974335 ], [ -83.7769288, 42.2974164 ], [ -83.7769311, 42.2974985 ], [ -83.7758428, 42.2975155 ] ] ] } },
{ "type": "Feature", "properties": { "index": 137, "element": "way", "id": 394236836, "leisure": "park", "name": null, "addr:city": null, "addr:housenumber": null, "addr:postcode": null, "addr:state": null, "addr:street": null, "operator": null, "operator:type": null, "operator:wikidata": null, "landuse": null, "ele": null, "website": null, "wikidata": null, "wikipedia": null, "note": "This is part of Garden Homes Park.", "old_name": null, "short_name": null, "gnis:feature_id": null, "name:en": null, "name:zh": null, "opening_hours": null, "email": null, "fax": null, "layer": null, "phone": null, "source": null, "artist_name": null, "artwork_type": null, "description": null, "material": null, "start_date": null, "tourism": null, "wheelchair": null, "localwiki": null, "operator:wikipedia": null, "check_date:opening_hours": null, "addr:country": null, "owner": null, "ownership": null, "access": null, "type": null, "dog": null, "smoking": null, "loc_name": null }, "geometry": { "type": "Polygon", "coordinates": [ [ [ -83.7799913, 42.298395 ], [ -83.7799884, 42.2983121 ], [ -83.7808711, 42.2982947 ], [ -83.780874, 42.2983777 ], [ -83.7799913, 42.298395 ] ] ] } },
{ "type": "Feature", "properties": { "index": 138, "element": "way", "id": 678673391, "leisure": "park", "name": null, "addr:city": null, "addr:housenumber": null, "addr:postcode": null, "addr:state": null, "addr:street": null, "operator": "City of Ann Arbor", "operator:type": "government", "operator:wikidata": "Q485172", "landuse": null, "ele": null, "website": null, "wikidata": null, "wikipedia": null, "note": null, "old_name": null, "short_name": null, "gnis:feature_id": null, "name:en": null, "name:zh": null, "opening_hours": null, "email": null, "fax": null, "layer": null, "phone": null, "source": null, "artist_name": null, "artwork_type": null, "description": null, "material": null, "start_date": null, "tourism": null, "wheelchair": null, "localwiki": null, "operator:wikipedia": null, "check_date:opening_hours": null, "addr:country": null, "owner": "City of Ann Arbor", "ownership": null, "access": null, "type": null, "dog": null, "smoking": null, "loc_name": null }, "geometry": { "type": "Polygon", "coordinates": [ [ [ -83.7706344, 42.2975006 ], [ -83.7707615, 42.2974777 ], [ -83.7715692, 42.2974708 ], [ -83.7758409, 42.2973926 ], [ -83.7758404, 42.2974335 ], [ -83.7758428, 42.2975155 ], [ -83.7758937, 42.299509 ], [ -83.7758959, 42.3003167 ], [ -83.7758968, 42.3006716 ], [ -83.7755537, 42.3006718 ], [ -83.7753187, 42.3006629 ], [ -83.775008, 42.3006246 ], [ -83.7733868, 42.3002888 ], [ -83.7697066, 42.2994515 ], [ -83.7706982, 42.2990956 ], [ -83.7706344, 42.2975006 ] ] ] } },
{ "type": "Feature", "properties": { "index": 139, "element": "way", "id": 394236854, "leisure": "park", "name": "Garden Homes Park", "addr:city": null, "addr:housenumber": null, "addr:postcode": null, "addr:state": null, "addr:street": null, "operator": null, "operator:type": null, "operator:wikidata": null, "landuse": null, "ele": null, "website": null, "wikidata": null, "wikipedia": null, "note": null, "old_name": null, "short_name": null, "gnis:feature_id": null, "name:en": null, "name:zh": null, "opening_hours": null, "email": null, "fax": null, "layer": null, "phone": null, "source": null, "artist_name": null, "artwork_type": null, "description": null, "material": null, "start_date": null, "tourism": null, "wheelchair": null, "localwiki": null, "operator:wikipedia": null, "check_date:opening_hours": null, "addr:country": null, "owner": null, "ownership": null, "access": null, "type": null, "dog": null, "smoking": null, "loc_name": null }, "geometry": { "type": "Polygon", "coordinates": [ [ [ -83.7793163, 42.299745 ], [ -83.7782218, 42.3001212 ], [ -83.7782055, 42.2994802 ], [ -83.78005, 42.299465117548721 ], [ -83.78005, 42.299730219580979 ], [ -83.7793163, 42.299745 ] ] ] } },
{ "type": "Feature", "properties": { "index": 140, "element": "way", "id": 1201177235, "leisure": "park", "name": "Riverwood Nature Area", "addr:city": null, "addr:housenumber": null, "addr:postcode": null, "addr:state": null, "addr:street": null, "operator": "City of Ann Arbor", "operator:type": null, "operator:wikidata": null, "landuse": null, "ele": null, "website": null, "wikidata": null, "wikipedia": null, "note": null, "old_name": null, "short_name": null, "gnis:feature_id": null, "name:en": null, "name:zh": null, "opening_hours": null, "email": null, "fax": null, "layer": null, "phone": null, "source": null, "artist_name": null, "artwork_type": null, "description": null, "material": null, "start_date": null, "tourism": null, "wheelchair": null, "localwiki": null, "operator:wikipedia": null, "check_date:opening_hours": null, "addr:country": null, "owner": null, "ownership": null, "access": null, "type": null, "dog": null, "smoking": null, "loc_name": null }, "geometry": { "type": "Polygon", "coordinates": [ [ [ -83.7671959, 42.3023737 ], [ -83.7671313, 42.3024136 ], [ -83.7670928, 42.3024291 ], [ -83.7670519, 42.3024406 ], [ -83.7669656, 42.3024509 ], [ -83.7669506, 42.3019825 ], [ -83.766955, 42.3018888 ], [ -83.7669815, 42.301768 ], [ -83.7670034, 42.3017089 ], [ -83.7670486, 42.3016198 ], [ -83.7673208, 42.3016162 ], [ -83.7672558, 42.3017127 ], [ -83.7672312, 42.301764 ], [ -83.767199, 42.3018702 ], [ -83.7671902, 42.3019783 ], [ -83.7671949, 42.3021272 ], [ -83.7673584, 42.3022452 ], [ -83.7673587, 42.3022452 ], [ -83.7674695, 42.3021787 ], [ -83.7675779, 42.3021346 ], [ -83.7676956, 42.3021066 ], [ -83.7677566, 42.3020989 ], [ -83.7678827, 42.3020946 ], [ -83.7678822, 42.3022757 ], [ -83.7677754, 42.3022798 ], [ -83.7676813, 42.3022988 ], [ -83.7675961, 42.302334 ], [ -83.767539, 42.3023713 ], [ -83.7673586, 42.3022454 ], [ -83.7673585, 42.3022454 ], [ -83.7671959, 42.3023737 ] ] ] } },
{ "type": "Feature", "properties": { "index": 141, "element": "way", "id": 1194480314, "leisure": "park", "name": "White Oak Park", "addr:city": null, "addr:housenumber": null, "addr:postcode": null, "addr:state": null, "addr:street": null, "operator": "City of Ann Arbor", "operator:type": "public", "operator:wikidata": "Q485172", "landuse": null, "ele": null, "website": null, "wikidata": null, "wikipedia": null, "note": null, "old_name": null, "short_name": null, "gnis:feature_id": null, "name:en": null, "name:zh": null, "opening_hours": null, "email": null, "fax": null, "layer": null, "phone": null, "source": null, "artist_name": null, "artwork_type": null, "description": null, "material": null, "start_date": null, "tourism": null, "wheelchair": null, "localwiki": null, "operator:wikipedia": null, "check_date:opening_hours": null, "addr:country": null, "owner": null, "ownership": null, "access": null, "type": null, "dog": null, "smoking": null, "loc_name": null }, "geometry": { "type": "Polygon", "coordinates": [ [ [ -83.77205, 42.31044 ], [ -83.77266, 42.31039 ], [ -83.77272, 42.31076 ], [ -83.77208, 42.3108 ], [ -83.77211, 42.31129 ], [ -83.77172, 42.31143 ], [ -83.77088, 42.31144 ], [ -83.7708673, 42.3112535 ], [ -83.7708163, 42.3110531 ], [ -83.77069, 42.31066 ], [ -83.77205, 42.31044 ] ] ] } }
]
}
