{
"type": "FeatureCollection",
"name": "transit_stops",
"crs": { "type": "name", "properties": { "name": "urn:ogc:def:crs:OGC:1.3:CRS84" } },
"features": [
{ "type": "Feature", "properties": { "index": 0, "element": "node", "id": 9270709846, "bench": null, "bin": null, "bus": "yes", "description": null, "highway": "bus_stop", "lit": null, "name": null, "operator": null, "public_transport": "platform", "ref": null, "shelter": null, "tactile_paving": null, "network": null, "network:wikidata": null, "brand": null, "phone:aaata": null, "ref:aaata": null, "ref:umich": null, "route_ref:aaata": null, "website:aaata": null, "website:aaata:maps": null, "website:umich:map": null, "website:umich:routes": null, "wheelchair": null, "check_date:shelter": null, "note": null, "passenger_information_display": null, "network:wikipedia": null, "alt_name": null, "local_ref": null, "ref:signed": null, "operator:wikidata": null, "operator:wikipedia": null, "mapillary": null, "route_ref": null, "survey:date": null, "covered": null, "arrival_times:description": null, "phone": null, "surface": null, "website": null, "website:map": null, "wheelchair:description": null, "departures_board": null, "source": null, "source:date": null, "check_date:bench": null, "smoothness": null, "description:arrival_times": null, "check_date": null, "check_date:lit": null, "check_date:tactile_paving": null, "fixme": null, "paving_stones:material": null, "sign": null, "railway": null, "railway:ref": null, "train": null }, "geometry": { "type": "Point", "coordinates": [ -83.7262082, 42.2297336 ] } },
{ "type": "Feature", "properties": { "index": 1, "element": "node", "id": 3894222080, "bench": null, "bin": null, "bus": "yes", "description": null, "highway": "bus_stop", "lit": null, "name": "#6", "operator": null, "public_transport": "platform", "ref": "6", "shelter": null, "tactile_paving": null, "network": null, "network:wikidata": null, "brand": null, "phone:aaata": null, "ref:aaata": null, "ref:umich": null, "route_ref:aaata": null, "website:aaata": null, "website:aaata:maps": null, "website:umich:map": null, "website:umich:routes": null, "wheelchair": null, "check_date:shelter": null, "note": null, "passenger_information_display": null, "network:wikipedia": null, "alt_name": null, "local_ref": null, "ref:signed": null, "operator:wikidata": null, "operator:wikipedia": null, "mapillary": null, "route_ref": null, "survey:date": "2015-12-15", "covered": null, "arrival_times:description": null, "phone": null, "surface": null, "website": null, "website:map": null, "wheelchair:description": null, "departures_board": null, "source": null, "source:date": null, "check_date:bench": null, "smoothness": null, "description:arrival_times": null, "check_date": null, "check_date:lit": null, "check_date:tactile_paving": null, "fixme": null, "paving_stones:material": null, "sign": null, "railway": null, "railway:ref": null, "train": null }, "geometry": { "type": "Point", "coordinates": [ -83.723588, 42.22982 ] } },
{ "type": "Feature", "properties": { "index": 2, "element": "node", "id": 9566963521, "bench": "no", "bin": "no", "bus": "yes", "description": null, "highway": "bus_stop", "lit": "no", "name": "Ellsworth + Stone School (towards BTC)", "operator": null, "public_transport": "platform", "ref": "1382", "shelter": "no", "tactile_paving": "no", "network": "AAATA", "network:wikidata": "Q4766233", "brand": null, "phone:aaata": null, "ref:aaata": null, "ref:umich": null, "route_ref:aaata": null, "website:aaata": null, "website:aaata:maps": null, "website:umich:map": null, "website:umich:routes": null, "wheelchair": null, "check_date:shelter": null, "note": "Track buses at https://www.theride.org/maps-schedules/track-bus or text \"AAATA 1382\" to 41411", "passenger_information_display": null, "network:wikipedia": "en:Ann Arbor Area Transportation Authority", "alt_name": null, "local_ref": null, "ref:signed": null, "operator:wikidata": null, "operator:wikipedia": null, "mapillary": null, "route_ref": null, "survey:date": null, "covered": null, "arrival_times:description": null, "phone": null, "surface": null, "website": null, "website:map": null, "wheelchair:description": null, "departures_board": null, "source": null, "source:date": null, "check_date:bench": null, "smoothness": null, "description:arrival_times": null, "check_date": null, "check_date:lit": null, "check_date:tactile_paving": null, "fixme": null, "paving_stones:material": null, "sign": null, "railway": null, "railway:ref": null, "train": null }, "geometry": { "type": "Point", "coordinates": [ -83.7188681, 42.2299036 ] } },
{ "type": "Feature", "properties": { "index": 3, "element": "node", "id": 3894222072, "bench": null, "bin": null, "bus": "yes", "description": null, "highway": "bus_stop", "lit": null, "name": "Stone School + Champagne (towards YTC)", "operator": null, "public_transport": "platform", "ref": "399", "shelter": null, "tactile_paving": null, "network": "AAATA", "network:wikidata": "Q4766233", "brand": null, "phone:aaata": null, "ref:aaata": null, "ref:umich": null, "route_ref:aaata": null, "website:aaata": null, "website:aaata:maps": null, "website:umich:map": null, "website:umich:routes": null, "wheelchair": null, "check_date:shelter": null, "note": "Track buses at https://www.theride.org/maps-schedules/track-bus or text \"AAATA 399\" to 41411", "passenger_information_display": null, "network:wikipedia": "en:Ann Arbor Area Transportation Authority", "alt_name": null, "local_ref": null, "ref:signed": null, "operator:wikidata": null, "operator:wikipedia": null, "mapillary": null, "route_ref": null, "survey:date": "2015-12-15", "covered": null, "arrival_times:description": null, "phone": null, "surface": null, "website": null, "website:map": null, "wheelchair:description": null, "departures_board": null, "source": null, "source:date": null, "check_date:bench": null, "smoothness": null, "description:arrival_times": null, "check_date": null, "check_date:lit": null, "check_date:tactile_paving": null, "fixme": null, "paving_stones:material": null, "sign": null, "railway": null, "railway:ref": null, "train": null }, "geometry": { "type": "Point", "coordinates": [ -83.7197051, 42.2327814 ] } },
{ "type": "Feature", "properties": { "index": 4, "element": "node", "id": 3894222073, "bench": "yes", "bin": "yes", "bus": "yes", "description": null, "highway": "bus_stop", "lit": "no", "name": "Stone School Rd + Stone School Cir (towards BTC)", "operator": null, "public_transport": "platform", "ref": "470", "shelter": "yes", "tactile_paving": "no", "network": "AAATA", "network:wikidata": "Q4766233", "brand": null, "phone:aaata": null, "ref:aaata": null, "ref:umich": null, "route_ref:aaata": null, "website:aaata": null, "website:aaata:maps": null, "website:umich:map": null, "website:umich:routes": null, "wheelchair": null, "check_date:shelter": null, "note": "Track buses at https://www.theride.org/maps-schedules/track-bus or text \"AAATA 470\" to 41411", "passenger_information_display": null, "network:wikipedia": "en:Ann Arbor Area Transportation Authority", "alt_name": null, "local_ref": null, "ref:signed": null, "operator:wikidata": null, "operator:wikipedia": null, "mapillary": null, "route_ref": null, "survey:date": "2015-12-15", "covered": null, "arrival_times:description": null, "phone": null, "surface": null, "website": null, "website:map": null, "wheelchair:description": null, "departures_board": null, "source": null, "source:date": null, "check_date:bench": null, "smoothness": null, "description:arrival_times": null, "check_date": null, "check_date:lit": null, "check_date:tactile_paving": null, "fixme": null, "paving_stones:material": null, "sign": null, "railway": null, "railway:ref": null, "train": null }, "geometry": { "type": "Point", "coordinates": [ -83.7195054, 42.2342452 ] } },
{ "type": "Feature", "properties": { "index": 5, "element": "node", "id": 12726519825, "bench": "yes", "bin": "yes", "bus": "yes", "description": null, "highway": "bus_stop", "lit": "no", "name": null, "operator": null, "public_transport": "platform", "ref": "470", "shelter": "yes", "tactile_paving": "no", "network": null, "network:wikidata": null, "brand": null, "phone:aaata": null, "ref:aaata": null, "ref:umich": null, "route_ref:aaata": null, "website:aaata": null, "website:aaata:maps": null, "website:umich:map": null, "website:umich:routes": null, "wheelchair": null, "check_date:shelter": null, "note": null, "passenger_information_display": null, "network:wikipedia": null, "alt_name": null, "local_ref": null, "ref:signed": null, "operator:wikidata": null, "operator:wikipedia": null, "mapillary": null, "route_ref": null, "survey:date": null, "covered": null, "arrival_times:description": null, "phone": null, "surface": null, "website": null, "website:map": null, "wheelchair:description": null, "departures_board": null, "source": null, "source:date": null, "check_date:bench": null, "smoothness": null, "description:arrival_times": null, "check_date": null, "check_date:lit": null, "check_date:tactile_paving": null, "fixme": null, "paving_stones:material": null, "sign": null, "railway": null, "railway:ref": null, "train": null }, "geometry": { "type": "Point", "coordinates": [ -83.7195039, 42.234265 ] } },
{ "type": "Feature", "properties": { "index": 6, "element": "node", "id": 3894222074, "bench": "yes", "bin": "yes", "bus": "yes", "description": null, "highway": "bus_stop", "lit": "no", "name": "Stone School + Pheasant Run (towards YTC)", "operator": null, "public_transport": "platform", "ref": "398", "shelter": "no", "tactile_paving": "no", "network": "AAATA", "network:wikidata": "Q4766233", "brand": null, "phone:aaata": null, "ref:aaata": null, "ref:umich": null, "route_ref:aaata": null, "website:aaata": null, "website:aaata:maps": null, "website:umich:map": null, "website:umich:routes": null, "wheelchair": null, "check_date:shelter": null, "note": "Track buses at https://www.theride.org/maps-schedules/track-bus or text \"AAATA 398\" to 41411", "passenger_information_display": null, "network:wikipedia": "en:Ann Arbor Area Transportation Authority", "alt_name": null, "local_ref": null, "ref:signed": null, "operator:wikidata": null, "operator:wikipedia": null, "mapillary": null, "route_ref": null, "survey:date": null, "covered": null, "arrival_times:description": null, "phone": null, "surface": null, "website": null, "website:map": null, "wheelchair:description": null, "departures_board": null, "source": null, "source:date": null, "check_date:bench": null, "smoothness": null, "description:arrival_times": null, "check_date": "2025-03-29", "check_date:lit": "2025-03-29", "check_date:tactile_paving": "2025-03-29", "fixme": null, "paving_stones:material": null, "sign": null, "railway": null, "railway:ref": null, "train": null }, "geometry": { "type": "Point", "coordinates": [ -83.7200132, 42.2350469 ] } },
{ "type": "Feature", "properties": { "index": 7, "element": "node", "id": 3894222075, "bench": "no", "bin": "no", "bus": "yes", "description": null, "highway": "bus_stop", "lit": null, "name": "Clinton Park (towards YTC)", "operator": null, "public_transport": "platform", "ref": "397", "shelter": "no", "tactile_paving": null, "network": "AAATA", "network:wikidata": "Q4766233", "brand": null, "phone:aaata": null, "ref:aaata": null, "ref:umich": null, "route_ref:aaata": null, "website:aaata": null, "website:aaata:maps": null, "website:umich:map": null, "website:umich:routes": null, "wheelchair": null, "check_date:shelter": null, "note": "Track buses at https://www.theride.org/maps-schedules/track-bus or text \"AAATA 397\" to 41411", "passenger_information_display": null, "network:wikipedia": "en:Ann Arbor Area Transportation Authority", "alt_name": null, "local_ref": null, "ref:signed": null, "operator:wikidata": null, "operator:wikipedia": null, "mapillary": null, "route_ref": null, "survey:date": "2015-12-15", "covered": null, "arrival_times:description": null, "phone": null, "surface": null, "website": null, "website:map": null, "wheelchair:description": null, "departures_board": null, "source": null, "source:date": null, "check_date:bench": null, "smoothness": null, "description:arrival_times": null, "check_date": null, "check_date:lit": null, "check_date:tactile_paving": null, "fixme": null, "paving_stones:material": null, "sign": null, "railway": null, "railway:ref": null, "train": null }, "geometry": { "type": "Point", "coordinates": [ -83.7202073, 42.2386511 ] } },
{ "type": "Feature", "properties": { "index": 8, "element": "node", "id": 3894222076, "bench": "yes", "bin": "no", "bus": "yes", "description": null, "highway": "bus_stop", "lit": "no", "name": "Clinton Park (towards BTC)", "operator": null, "public_transport": "platform", "ref": "472", "shelter": "yes", "tactile_paving": "no", "network": "AAATA", "network:wikidata": "Q4766233", "brand": null, "phone:aaata": null, "ref:aaata": null, "ref:umich": null, "route_ref:aaata": null, "website:aaata": null, "website:aaata:maps": null, "website:umich:map": null, "website:umich:routes": null, "wheelchair": null, "check_date:shelter": "2024-04-14", "note": "Track buses at https://www.theride.org/maps-schedules/track-bus or text \"AAATA 472\" to 41411", "passenger_information_display": null, "network:wikipedia": "en:Ann Arbor Area Transportation Authority", "alt_name": null, "local_ref": null, "ref:signed": null, "operator:wikidata": null, "operator:wikipedia": null, "mapillary": null, "route_ref": null, "survey:date": "2015-12-15", "covered": null, "arrival_times:description": null, "phone": null, "surface": null, "website": null, "website:map": null, "wheelchair:description": null, "departures_board": null, "source": null, "source:date": null, "check_date:bench": null, "smoothness": null, "description:arrival_times": null, "check_date": null, "check_date:lit": null, "check_date:tactile_paving": null, "fixme": null, "paving_stones:material": null, "sign": null, "railway": null, "railway:ref": null, "train": null }, "geometry": { "type": "Point", "coordinates": [ -83.7198524, 42.239559 ] } },
{ "type": "Feature", "properties": { "index": 9, "element": "node", "id": 3894222077, "bench": "no", "bin": "no", "bus": "yes", "description": null, "highway": "bus_stop", "lit": "no", "name": "Stone School + Pebble Creek (towards YTC)", "operator": null, "public_transport": "platform", "ref": "396", "shelter": "no", "tactile_paving": "no", "network": "AAATA", "network:wikidata": "Q4766233", "brand": null, "phone:aaata": null, "ref:aaata": null, "ref:umich": null, "route_ref:aaata": null, "website:aaata": null, "website:aaata:maps": null, "website:umich:map": null, "website:umich:routes": null, "wheelchair": null, "check_date:shelter": null, "note": "Track buses at https://www.theride.org/maps-schedules/track-bus or text \"AAATA 396\" to 41411", "passenger_information_display": null, "network:wikipedia": "en:Ann Arbor Area Transportation Authority", "alt_name": null, "local_ref": null, "ref:signed": null, "operator:wikidata": null, "operator:wikipedia": null, "mapillary": null, "route_ref": null, "survey:date": "2015-12-15", "covered": null, "arrival_times:description": null, "phone": null, "surface": null, "website": null, "website:map": null, "wheelchair:description": null, "departures_board": null, "source": null, "source:date": null, "check_date:bench": null, "smoothness": null, "description:arrival_times": null, "check_date": null, "check_date:lit": null, "check_date:tactile_paving": null, "fixme": null, "paving_stones:material": null, "sign": null, "railway": null, "railway:ref": null, "train": null }, "geometry": { "type": "Point", "coordinates": [ -83.7198858, 42.240914 ] } },
{ "type": "Feature", "properties": { "index": 10, "element": "node", "id": 13643593481, "bench": null, "bin": null, "bus": "yes", "description": null, "highway": "bus_stop", "lit": null, "name": null, "operator": null, "public_transport": "platform", "ref": null, "shelter": null, "tactile_paving": null, "network": null, "network:wikidata": null, "brand": null, "phone:aaata": null, "ref:aaata": null, "ref:umich": null, "route_ref:aaata": null, "website:aaata": null, "website:aaata:maps": null, "website:umich:map": null, "website:umich:routes": null, "wheelchair": null, "check_date:shelter": null, "note": null, "passenger_information_display": null, "network:wikipedia": null, "alt_name": null, "local_ref": null, "ref:signed": null, "operator:wikidata": null, "operator:wikipedia": null, "mapillary": null, "route_ref": null, "survey:date": null, "covered": null, "arrival_times:description": null, "phone": null, "surface": null, "website": null, "website:map": null, "wheelchair:description": null, "departures_board": null, "source": null, "source:date": null, "check_date:bench": null, "smoothness": null, "description:arrival_times": null, "check_date": null, "check_date:lit": null, "check_date:tactile_paving": null, "fixme": null, "paving_stones:material": null, "sign": null, "railway": null, "railway:ref": null, "train": null }, "geometry": { "type": "Point", "coordinates": [ -83.7388729, 42.2327537 ] } },
{ "type": "Feature", "properties": { "index": 11, "element": "node", "id": 13643593482, "bench": null, "bin": null, "bus": "yes", "description": null, "highway": "bus_stop", "lit": null, "name": null, "operator": null, "public_transport": "platform", "ref": null, "shelter": null, "tactile_paving": null, "network": null, "network:wikidata": null, "brand": null, "phone:aaata": null, "ref:aaata": null, "ref:umich": null, "route_ref:aaata": null, "website:aaata": null, "website:aaata:maps": null, "website:umich:map": null, "website:umich:routes": null, "wheelchair": null, "check_date:shelter": null, "note": null, "passenger_information_display": null, "network:wikipedia": null, "alt_name": null, "local_ref": null, "ref:signed": null, "operator:wikidata": null, "operator:wikipedia": null, "mapillary": null, "route_ref": null, "survey:date": null, "covered": null, "arrival_times:description": null, "phone": null, "surface": null, "website": null, "website:map": null, "wheelchair:description": null, "departures_board": null, "source": null, "source:date": null, "check_date:bench": null, "smoothness": null, "description:arrival_times": null, "check_date": null, "check_date:lit": null, "check_date:tactile_paving": null, "fixme": null, "paving_stones:material": null, "sign": null, "railway": null, "railway:ref": null, "train": null }, "geometry": { "type": "Point", "coordinates": [ -83.7389348, 42.2340601 ] } },
{ "type": "Feature", "properties": { "index": 12, "element": "node", "id": 3509099187, "bench": "no", "bin": "no", "bus": "yes", "description": "This bus stop is served by route 6. Send text to 41411 with: AAATA 509 for arrival times at this stop.", "highway": "bus_stop", "lit": "yes", "name": "AAATA 509", "operator": "Ann Arbor Area Transportation Authority", "public_transport": "platform", "ref": "509", "shelter": "no", "tactile_paving": null, "network": "AAATA", "network:wikidata": "Q4766233", "brand": "The Ride", "phone:aaata": null, "ref:aaata": "509", "ref:umich": null, "route_ref:aaata": "6", "website:aaata": null, "website:aaata:maps": null, "website:umich:map": null, "website:umich:routes": null, "wheelchair": "yes", "check_date:shelter": null, "note": null, "passenger_information_display": null, "network:wikipedia": null, "alt_name": null, "local_ref": null, "ref:signed": null, "operator:wikidata": null, "operator:wikipedia": null, "mapillary": null, "route_ref": "6", "survey:date": null, "covered": "no", "arrival_times:description": null, "phone": "+1-734-996-0400", "surface": "concrete", "website": "https://www.theride.org", "website:map": "https://www.theride.org/maps-schedules/track-bus", "wheelchair:description": null, "departures_board": null, "source": null, "source:date": null, "check_date:bench": null, "smoothness": null, "description:arrival_times": null, "check_date": null, "check_date:lit": null, "check_date:tactile_paving": null, "fixme": null, "paving_stones:material": null, "sign": null, "railway": null, "railway:ref": null, "train": null }, "geometry": { "type": "Point", "coordinates": [ -83.740749, 42.240746 ] } },
{ "type": "Feature", "properties": { "index": 13, "element": "node", "id": 3509099188, "bench": "no", "bin": "no", "bus": "yes", "description": "This bus stop is served by route 6. Send text to 41411 with: AAATA 557 for arrival times at this stop.", "highway": "bus_stop", "lit": "yes", "name": "AAATA 557", "operator": "Ann Arbor Area Transportation Authority", "public_transport": "platform", "ref": "557", "shelter": "no", "tactile_paving": null, "network": "AAATA", "network:wikidata": "Q4766233", "brand": "The Ride", "phone:aaata": null, "ref:aaata": "557", "ref:umich": null, "route_ref:aaata": "6", "website:aaata": null, "website:aaata:maps": null, "website:umich:map": null, "website:umich:routes": null, "wheelchair": null, "check_date:shelter": null, "note": null, "passenger_information_display": null, "network:wikipedia": null, "alt_name": null, "local_ref": null, "ref:signed": null, "operator:wikidata": null, "operator:wikipedia": null, "mapillary": null, "route_ref": "6", "survey:date": null, "covered": "no", "arrival_times:description": null, "phone": "+1-734-996-0400", "surface": "grass", "website": "https://www.theride.org", "website:map": "https://www.theride.org/maps-schedules/track-bus", "wheelchair:description": "The bus stop sign is in a grassy area, but quite close to a paved crosswalk ramp.", "departures_board": null, "source": null, "source:date": null, "check_date:bench": null, "smoothness": null, "description:arrival_times": null, "check_date": null, "check_date:lit": null, "check_date:tactile_paving": null, "fixme": null, "paving_stones:material": null, "sign": null, "railway": null, "railway:ref": null, "train": null }, "geometry": { "type": "Point", "coordinates": [ -83.7404694, 42.2409339 ] } },
{ "type": "Feature", "properties": { "index": 14, "element": "node", "id": 13782721285, "bench": null, "bin": null, "bus": "yes", "description": null, "highway": "bus_stop", "lit": null, "name": null, "operator": null, "public_transport": "platform", "ref": null, "shelter": null, "tactile_paving": null, "network": null, "network:wikidata": null, "brand": null, "phone:aaata": null, "ref:aaata": null, "ref:umich": null, "route_ref:aaata": null, "website:aaata": null, "website:aaata:maps": null, "website:umich:map": null, "website:umich:routes": null, "wheelchair": null, "check_date:shelter": null, "note": null, "passenger_information_display": null, "network:wikipedia": null, "alt_name": null, "local_ref": null, "ref:signed": null, "operator:wikidata": null, "operator:wikipedia": null, "mapillary": null, "route_ref": null, "survey:date": null, "covered": null, "arrival_times:description": null, "phone": null, "surface": null, "website": null, "website:map": null, "wheelchair:description": null, "departures_board": null, "source": null, "source:date": null, "check_date:bench": null, "smoothness": null, "description:arrival_times": null, "check_date": null, "check_date:lit": null, "check_date:tactile_paving": null, "fixme": null, "paving_stones:material": null, "sign": null, "railway": null, "railway:ref": null, "train": null }, "geometry": { "type": "Point", "coordinates": [ -83.7389436, 42.2417954 ] } },
{ "type": "Feature", "properties": { "index": 15, "element": "node", "id": 3509099189, "bench": "no", "bin": "no", "bus": "yes", "description": "This bus stop is served by route 6. Send text to 41411 with: AAATA 1200 for arrival times at this stop.", "highway": "bus_stop", "lit": "yes", "name": "AAATA 1200", "operator": "Ann Arbor Area Transportation Authority", "public_transport": "platform", "ref": "1200", "shelter": "no", "tactile_paving": null, "network": "AAATA", "network:wikidata": "Q4766233", "brand": "The Ride", "phone:aaata": null, "ref:aaata": "1200", "ref:umich": null, "route_ref:aaata": "6", "website:aaata": null, "website:aaata:maps": null, "website:umich:map": null, "website:umich:routes": null, "wheelchair": null, "check_date:shelter": null, "note": null, "passenger_information_display": null, "network:wikipedia": null, "alt_name": null, "local_ref": null, "ref:signed": null, "operator:wikidata": null, "operator:wikipedia": null, "mapillary": null, "route_ref": "6", "survey:date": null, "covered": "no", "arrival_times:description": null, "phone": "+1-734-996-0400", "surface": "grass", "website": "https://www.theride.org", "website:map": "https://www.theride.org/maps-schedules/track-bus", "wheelchair:description": "The bus stop sign is in a grassy area, but quite close to a paved crosswalk ramp.", "departures_board": null, "source": null, "source:date": null, "check_date:bench": null, "smoothness": null, "description:arrival_times": null, "check_date": null, "check_date:lit": null, "check_date:tactile_paving": null, "fixme": null, "paving_stones:material": null, "sign": null, "railway": null, "railway:ref": null, "train": null }, "geometry": { "type": "Point", "coordinates": [ -83.7438376, 42.2424693 ] } },
{ "type": "Feature", "properties": { "index": 16, "element": "node", "id": 3509099593, "bench": "no", "bin": "no", "bus": "yes", "description": "This bus stop is served by route 6. Send text to 41411 with: AAATA 1201 for arrival times at this stop. The bus stop signs are attached to a street light pole.", "highway": "bus_stop", "lit": "yes", "name": "AAATA 1201", "operator": "Ann Arbor Area Transportation Authority", "public_transport": "platform", "ref": "1201", "shelter": "no", "tactile_paving": null, "network": "AAATA", "network:wikidata": "Q4766233", "brand": "The Ride", "phone:aaata": null, "ref:aaata": "1201", "ref:umich": null, "route_ref:aaata": "6", "website:aaata": null, "website:aaata:maps": null, "website:umich:map": null, "website:umich:routes": null, "wheelchair": "yes", "check_date:shelter": null, "note": null, "passenger_information_display": null, "network:wikipedia": null, "alt_name": null, "local_ref": null, "ref:signed": null, "operator:wikidata": null, "operator:wikipedia": null, "mapillary": null, "route_ref": "6", "survey:date": null, "covered": "no", "arrival_times:description": null, "phone": "+1-734-996-0400", "surface": "concrete", "website": "https://www.theride.org", "website:map": "https://www.theride.org/maps-schedules/track-bus", "wheelchair:description": null, "departures_board": null, "source": null, "source:date": null, "check_date:bench": null, "smoothness": null, "description:arrival_times": null, "check_date": null, "check_date:lit": null, "check_date:tactile_paving": null, "fixme": null, "paving_stones:material": null, "sign": null, "railway": null, "railway:ref": null, "train": null }, "geometry": { "type": "Point", "coordinates": [ -83.7435155, 42.2426434 ] } },
{ "type": "Feature", "properties": { "index": 17, "element": "node", "id": 13621164301, "bench": null, "bin": null, "bus": "yes", "description": null, "highway": "bus_stop", "lit": null, "name": null, "operator": null, "public_transport": "platform", "ref": null, "shelter": null, "tactile_paving": null, "network": null, "network:wikidata": null, "brand": null, "phone:aaata": null, "ref:aaata": null, "ref:umich": null, "route_ref:aaata": null, "website:aaata": null, "website:aaata:maps": null, "website:umich:map": null, "website:umich:routes": null, "wheelchair": null, "check_date:shelter": null, "note": null, "passenger_information_display": null, "network:wikipedia": null, "alt_name": null, "local_ref": null, "ref:signed": null, "operator:wikidata": null, "operator:wikipedia": null, "mapillary": null, "route_ref": null, "survey:date": null, "covered": null, "arrival_times:description": null, "phone": null, "surface": null, "website": null, "website:map": null, "wheelchair:description": null, "departures_board": null, "source": null, "source:date": null, "check_date:bench": null, "smoothness": null, "description:arrival_times": null, "check_date": null, "check_date:lit": null, "check_date:tactile_paving": null, "fixme": null, "paving_stones:material": null, "sign": null, "railway": null, "railway:ref": null, "train": null }, "geometry": { "type": "Point", "coordinates": [ -83.739484, 42.2466913 ] } },
{ "type": "Feature", "properties": { "index": 18, "element": "node", "id": 2758637922, "bench": null, "bin": null, "bus": "yes", "description": null, "highway": "bus_stop", "lit": null, "name": null, "operator": "AAATA", "public_transport": "platform", "ref": null, "shelter": "no", "tactile_paving": null, "network": "AAATA", "network:wikidata": "Q4766233", "brand": null, "phone:aaata": null, "ref:aaata": null, "ref:umich": null, "route_ref:aaata": null, "website:aaata": null, "website:aaata:maps": null, "website:umich:map": null, "website:umich:routes": null, "wheelchair": null, "check_date:shelter": "2021-10-11", "note": "Route 62 Bus Stop, Southbound", "passenger_information_display": null, "network:wikipedia": "en:Ann Arbor Area Transportation Authority", "alt_name": null, "local_ref": null, "ref:signed": "no", "operator:wikidata": null, "operator:wikipedia": null, "mapillary": null, "route_ref": null, "survey:date": null, "covered": null, "arrival_times:description": null, "phone": null, "surface": null, "website": null, "website:map": null, "wheelchair:description": null, "departures_board": null, "source": null, "source:date": null, "check_date:bench": null, "smoothness": null, "description:arrival_times": null, "check_date": null, "check_date:lit": null, "check_date:tactile_paving": null, "fixme": null, "paving_stones:material": null, "sign": null, "railway": null, "railway:ref": null, "train": null }, "geometry": { "type": "Point", "coordinates": [ -83.7402241, 42.2486014 ] } },
{ "type": "Feature", "properties": { "index": 19, "element": "node", "id": 2758637923, "bench": null, "bin": null, "bus": "yes", "description": null, "highway": "bus_stop", "lit": null, "name": "Mega Bus Stop", "operator": "Stagecoach Group", "public_transport": "platform", "ref": null, "shelter": "no", "tactile_paving": null, "network": "Megabus", "network:wikidata": "Q6808155", "brand": null, "phone:aaata": null, "ref:aaata": null, "ref:umich": null, "route_ref:aaata": null, "website:aaata": null, "website:aaata:maps": null, "website:umich:map": null, "website:umich:routes": null, "wheelchair": null, "check_date:shelter": null, "note": null, "passenger_information_display": null, "network:wikipedia": "en:Megabus (North America)", "alt_name": null, "local_ref": null, "ref:signed": null, "operator:wikidata": "Q660261", "operator:wikipedia": "en:Stagecoach Group", "mapillary": null, "route_ref": null, "survey:date": null, "covered": null, "arrival_times:description": null, "phone": null, "surface": null, "website": null, "website:map": null, "wheelchair:description": null, "departures_board": null, "source": null, "source:date": null, "check_date:bench": null, "smoothness": null, "description:arrival_times": null, "check_date": null, "check_date:lit": null, "check_date:tactile_paving": null, "fixme": null, "paving_stones:material": null, "sign": null, "railway": null, "railway:ref": null, "train": null }, "geometry": { "type": "Point", "coordinates": [ -83.7400621, 42.248678 ] } },
{ "type": "Feature", "properties": { "index": 20, "element": "node", "id": 3894222078, "bench": null, "bin": null, "bus": "yes", "description": null, "highway": "bus_stop", "lit": null, "name": "Stone School + Baylis (towards BTC)", "operator": null, "public_transport": "platform", "ref": "473", "shelter": null, "tactile_paving": null, "network": "AAATA", "network:wikidata": "Q4766233", "brand": null, "phone:aaata": null, "ref:aaata": null, "ref:umich": null, "route_ref:aaata": null, "website:aaata": null, "website:aaata:maps": null, "website:umich:map": null, "website:umich:routes": null, "wheelchair": null, "check_date:shelter": null, "note": "Track buses at https://www.theride.org/maps-schedules/track-bus or text \"AAATA 473\" to 41411", "passenger_information_display": null, "network:wikipedia": "en:Ann Arbor Area Transportation Authority", "alt_name": null, "local_ref": null, "ref:signed": null, "operator:wikidata": null, "operator:wikipedia": null, "mapillary": null, "route_ref": null, "survey:date": "2015-12-15", "covered": null, "arrival_times:description": null, "phone": null, "surface": null, "website": null, "website:map": null, "wheelchair:description": null, "departures_board": null, "source": null, "source:date": null, "check_date:bench": null, "smoothness": null, "description:arrival_times": null, "check_date": null, "check_date:lit": null, "check_date:tactile_paving": null, "fixme": null, "paving_stones:material": null, "sign": null, "railway": null, "railway:ref": null, "train": null }, "geometry": { "type": "Point", "coordinates": [ -83.7197156, 42.2412013 ] } },
{ "type": "Feature", "properties": { "index": 21, "element": "node", "id": 3257651171, "bench": "yes", "bin": "no", "bus": "yes", "description": null, "highway": "bus_stop", "lit": "no", "name": "Stone School + Eisenhower (towards YTC)", "operator": "AAATA", "public_transport": "platform", "ref": "395", "shelter": "yes", "tactile_paving": "no", "network": "AAATA", "network:wikidata": "Q4766233", "brand": null, "phone:aaata": null, "ref:aaata": null, "ref:umich": null, "route_ref:aaata": null, "website:aaata": null, "website:aaata:maps": null, "website:umich:map": null, "website:umich:routes": null, "wheelchair": "yes", "check_date:shelter": null, "note": "Track buses at https://www.theride.org/maps-schedules/track-bus or text \"AAATA 395\" to 41411", "passenger_information_display": null, "network:wikipedia": "en:Ann Arbor Area Transportation Authority", "alt_name": null, "local_ref": null, "ref:signed": null, "operator:wikidata": null, "operator:wikipedia": null, "mapillary": null, "route_ref": null, "survey:date": null, "covered": null, "arrival_times:description": null, "phone": null, "surface": null, "website": null, "website:map": null, "wheelchair:description": null, "departures_board": null, "source": null, "source:date": null, "check_date:bench": null, "smoothness": null, "description:arrival_times": null, "check_date": null, "check_date:lit": null, "check_date:tactile_paving": null, "fixme": null, "paving_stones:material": null, "sign": null, "railway": null, "railway:ref": null, "train": null }, "geometry": { "type": "Point", "coordinates": [ -83.7199474, 42.2432574 ] } },
{ "type": "Feature", "properties": { "index": 22, "element": "node", "id": 3257649173, "bench": "yes", "bin": "no", "bus": "yes", "description": null, "highway": "bus_stop", "lit": "no", "name": "Stone School + Eisenhower (towards BTC)", "operator": "AAATA", "public_transport": "platform", "ref": "474", "shelter": "no", "tactile_paving": "no", "network": "AAATA", "network:wikidata": "Q4766233", "brand": null, "phone:aaata": null, "ref:aaata": null, "ref:umich": null, "route_ref:aaata": null, "website:aaata": null, "website:aaata:maps": null, "website:umich:map": null, "website:umich:routes": null, "wheelchair": "yes", "check_date:shelter": null, "note": "Track buses at https://www.theride.org/maps-schedules/track-bus or text \"AAATA 474\" to 41411", "passenger_information_display": null, "network:wikipedia": "en:Ann Arbor Area Transportation Authority", "alt_name": null, "local_ref": null, "ref:signed": null, "operator:wikidata": null, "operator:wikipedia": null, "mapillary": "252430346630866", "route_ref": "5A;5B", "survey:date": "2019-01-05", "covered": null, "arrival_times:description": null, "phone": null, "surface": null, "website": null, "website:map": null, "wheelchair:description": null, "departures_board": null, "source": null, "source:date": null, "check_date:bench": null, "smoothness": null, "description:arrival_times": null, "check_date": null, "check_date:lit": null, "check_date:tactile_paving": null, "fixme": null, "paving_stones:material": null, "sign": null, "railway": null, "railway:ref": null, "train": null }, "geometry": { "type": "Point", "coordinates": [ -83.7197266, 42.2433206 ] } },
{ "type": "Feature", "properties": { "index": 23, "element": "node", "id": 3509089944, "bench": "no", "bin": "no", "bus": "yes", "description": "This bus stop is served by route 67. Send text to 41411 with: AAATA 598 for arrival times served by this stop.", "highway": "bus_stop", "lit": "yes", "name": "AAATA 598", "operator": "Ann Arbor Area Transportation Authority", "public_transport": "platform", "ref": "598", "shelter": "no", "tactile_paving": null, "network": "AAATA", "network:wikidata": "Q4766233", "brand": "The Ride", "phone:aaata": null, "ref:aaata": null, "ref:umich": null, "route_ref:aaata": null, "website:aaata": null, "website:aaata:maps": null, "website:umich:map": null, "website:umich:routes": null, "wheelchair": "yes", "check_date:shelter": null, "note": null, "passenger_information_display": null, "network:wikipedia": null, "alt_name": null, "local_ref": null, "ref:signed": null, "operator:wikidata": null, "operator:wikipedia": null, "mapillary": null, "route_ref": "67", "survey:date": null, "covered": "no", "arrival_times:description": null, "phone": "+1-734-996-0400", "surface": "concrete", "website": "https://www.theride.org", "website:map": "https:www.theride.org/maps-schedules/track-bus", "wheelchair:description": null, "departures_board": null, "source": null, "source:date": null, "check_date:bench": null, "smoothness": null, "description:arrival_times": null, "check_date": null, "check_date:lit": null, "check_date:tactile_paving": null, "fixme": null, "paving_stones:material": null, "sign": null, "railway": null, "railway:ref": null, "train": null }, "geometry": { "type": "Point", "coordinates": [ -83.7173298, 42.2439582 ] } },
{ "type": "Feature", "properties": { "index": 24, "element": "node", "id": 3509089950, "bench": "no", "bin": "no", "bus": "yes", "description": "This bus stop is served by route 67. Send text to 41411 with: AAATA 649 for arrival times served by this stop.", "highway": "bus_stop", "lit": "yes", "name": "AAATA 649", "operator": "Ann Arbor Area Transportation Authority", "public_transport": "platform", "ref": "649", "shelter": "no", "tactile_paving": null, "network": "AAATA", "network:wikidata": "Q4766233", "brand": "The Ride", "phone:aaata": null, "ref:aaata": null, "ref:umich": null, "route_ref:aaata": null, "website:aaata": null, "website:aaata:maps": null, "website:umich:map": null, "website:umich:routes": null, "wheelchair": "no", "check_date:shelter": null, "note": null, "passenger_information_display": null, "network:wikipedia": null, "alt_name": null, "local_ref": null, "ref:signed": null, "operator:wikidata": null, "operator:wikipedia": null, "mapillary": null, "route_ref": "67", "survey:date": null, "covered": "no", "arrival_times:description": null, "phone": "+1-734-996-0400", "surface": "grass", "website": "https://www.theride.org", "website:map": "https:www.theride.org/maps-schedules/track-bus", "wheelchair:description": "This bus stop is located on a grassy area. There is no paved path from a nearby sidewalk to this bus stop (except for the paved surface of the service road). This seems wheelchair unfriendly.", "departures_board": null, "source": null, "source:date": null, "check_date:bench": null, "smoothness": null, "description:arrival_times": null, "check_date": null, "check_date:lit": null, "check_date:tactile_paving": null, "fixme": null, "paving_stones:material": null, "sign": null, "railway": null, "railway:ref": null, "train": null }, "geometry": { "type": "Point", "coordinates": [ -83.7201798, 42.2441436 ] } },
{ "type": "Feature", "properties": { "index": 25, "element": "node", "id": 3509089945, "bench": "yes", "bin": "no", "bus": "yes", "description": "This bus stop is served by route 67. Send text to 41411 with: AAATA 648 for arrival times served by this stop.", "highway": "bus_stop", "lit": "yes", "name": "AAATA 648", "operator": "Ann Arbor Area Transportation Authority", "public_transport": "platform", "ref": "648", "shelter": "no", "tactile_paving": null, "network": "AAATA", "network:wikidata": "Q4766233", "brand": "The Ride", "phone:aaata": null, "ref:aaata": null, "ref:umich": null, "route_ref:aaata": null, "website:aaata": null, "website:aaata:maps": null, "website:umich:map": null, "website:umich:routes": null, "wheelchair": "yes", "check_date:shelter": null, "note": null, "passenger_information_display": null, "network:wikipedia": null, "alt_name": null, "local_ref": null, "ref:signed": null, "operator:wikidata": null, "operator:wikipedia": null, "mapillary": null, "route_ref": "67", "survey:date": null, "covered": "no", "arrival_times:description": null, "phone": "+1-734-996-0400", "surface": "concrete", "website": "https://www.theride.org", "website:map": "https:www.theride.org/maps-schedules/track-bus", "wheelchair:description": null, "departures_board": null, "source": null, "source:date": null, "check_date:bench": null, "smoothness": null, "description:arrival_times": null, "check_date": null, "check_date:lit": null, "check_date:tactile_paving": null, "fixme": null, "paving_stones:material": null, "sign": null, "railway": null, "railway:ref": null, "train": null }, "geometry": { "type": "Point", "coordinates": [ -83.717425, 42.244317 ] } },
{ "type": "Feature", "properties": { "index": 26, "element": "node", "id": 3509089941, "bench": "no", "bin": "no", "bus": "yes", "description": "This bus stop is served by route 67. Send text to 41411 with: AAATA 596 for arrival times served by this stop.", "highway": "bus_stop", "lit": "yes", "name": "AAATA 596", "operator": "Ann Arbor Area Transportation Authority", "public_transport": "platform", "ref": "596", "shelter": "no", "tactile_paving": null, "network": "AAATA", "network:wikidata": "Q4766233", "brand": "The Ride", "phone:aaata": null, "ref:aaata": null, "ref:umich": null, "route_ref:aaata": null, "website:aaata": null, "website:aaata:maps": null, "website:umich:map": null, "website:umich:routes": null, "wheelchair": "no", "check_date:shelter": null, "note": null, "passenger_information_display": null, "network:wikipedia": null, "alt_name": null, "local_ref": null, "ref:signed": null, "operator:wikidata": null, "operator:wikipedia": null, "mapillary": null, "route_ref": "67", "survey:date": null, "covered": "no", "arrival_times:description": null, "phone": "+1-734-996-0400", "surface": "grass", "website": "https://www.theride.org", "website:map": "https:www.theride.org/maps-schedules/track-bus", "wheelchair:description": "This bus stop is located on a grassy area. There is no paved path from a nearby sidewalk to this bus stop.", "departures_board": null, "source": null, "source:date": null, "check_date:bench": null, "smoothness": null, "description:arrival_times": null, "check_date": null, "check_date:lit": null, "check_date:tactile_paving": null, "fixme": null, "paving_stones:material": null, "sign": null, "railway": null, "railway:ref": null, "train": null }, "geometry": { "type": "Point", "coordinates": [ -83.7271186, 42.2446905 ] } },
{ "type": "Feature", "properties": { "index": 27, "element": "node", "id": 3509089942, "bench": "no", "bin": "no", "bus": "yes", "description": "This bus stop is served by route 67. Send text to 41411 with: AAATA 651 for arrival times served by this stop.", "highway": "bus_stop", "lit": "yes", "name": "AAATA 651", "operator": "Ann Arbor Area Transportation Authority", "public_transport": "platform", "ref": "651", "shelter": "no", "tactile_paving": null, "network": "AAATA", "network:wikidata": "Q4766233", "brand": "The Ride", "phone:aaata": null, "ref:aaata": null, "ref:umich": null, "route_ref:aaata": null, "website:aaata": null, "website:aaata:maps": null, "website:umich:map": null, "website:umich:routes": null, "wheelchair": "no", "check_date:shelter": null, "note": null, "passenger_information_display": null, "network:wikipedia": null, "alt_name": null, "local_ref": null, "ref:signed": null, "operator:wikidata": null, "operator:wikipedia": null, "mapillary": null, "route_ref": "67", "survey:date": null, "covered": "no", "arrival_times:description": null, "phone": "+1-734-996-0400", "surface": "grass", "website": "https://www.theride.org", "website:map": "https:www.theride.org/maps-schedules/track-bus", "wheelchair:description": "This bus stop is located on a grassy area. There is no paved path from a nearby sidewalk to this bus stop.", "departures_board": null, "source": null, "source:date": null, "check_date:bench": null, "smoothness": null, "description:arrival_times": null, "check_date": null, "check_date:lit": null, "check_date:tactile_paving": null, "fixme": null, "paving_stones:material": null, "sign": null, "railway": null, "railway:ref": null, "train": null }, "geometry": { "type": "Point", "coordinates": [ -83.7279512, 42.2447191 ] } },
{ "type": "Feature", "properties": { "index": 28, "element": "node", "id": 3509089939, "bench": "no", "bin": "no", "bus": "yes", "description": "This bus stop is served by route 67. Send text to 41411 with: AAATA 597 for arrival times served by this stop.", "highway": "bus_stop", "lit": "yes", "name": "AAATA 597", "operator": "Ann Arbor Area Transportation Authority", "public_transport": "platform", "ref": "597", "shelter": "no", "tactile_paving": null, "network": "AAATA", "network:wikidata": "Q4766233", "brand": "The Ride", "phone:aaata": null, "ref:aaata": null, "ref:umich": null, "route_ref:aaata": null, "website:aaata": null, "website:aaata:maps": null, "website:umich:map": null, "website:umich:routes": null, "wheelchair": "no", "check_date:shelter": null, "note": null, "passenger_information_display": null, "network:wikipedia": null, "alt_name": null, "local_ref": null, "ref:signed": null, "operator:wikidata": null, "operator:wikipedia": null, "mapillary": null, "route_ref": "67", "survey:date": null, "covered": "no", "arrival_times:description": null, "phone": "+1-734-996-0400", "surface": "grass", "website": "https://www.theride.org", "website:map": "https:www.theride.org/maps-schedules/track-bus", "wheelchair:description": "This bus stop is located on a grassy area. There is no paved path from a nearby sidewalk to this bus stop (except for the paved surface of the service road). This seems wheelchair unfriendly.", "departures_board": null, "source": null, "source:date": null, "check_date:bench": null, "smoothness": null, "description:arrival_times": null, "check_date": null, "check_date:lit": null, "check_date:tactile_paving": null, "fixme": null, "paving_stones:material": null, "sign": null, "railway": null, "railway:ref": null, "train": null }, "geometry": { "type": "Point", "coordinates": [ -83.7244982, 42.2450189 ] } },
{ "type": "Feature", "properties": { "index": 29, "element": "node", "id": 3509089940, "bench": "no", "bin": "no", "bus": "yes", "description": "This bus stop is served by route 67. Send text to 41411 with: AAATA 650 for arrival times served by this stop.", "highway": "bus_stop", "lit": "yes", "name": "AAATA 650", "operator": "Ann Arbor Area Transportation Authority", "public_transport": "platform", "ref": "650", "shelter": "no", "tactile_paving": null, "network": "AAATA", "network:wikidata": "Q4766233", "brand": "The Ride", "phone:aaata": null, "ref:aaata": null, "ref:umich": null, "route_ref:aaata": null, "website:aaata": null, "website:aaata:maps": null, "website:umich:map": null, "website:umich:routes": null, "wheelchair": "no", "check_date:shelter": null, "note": null, "passenger_information_display": null, "network:wikipedia": null, "alt_name": null, "local_ref": null, "ref:signed": null, "operator:wikidata": null, "operator:wikipedia": null, "mapillary": null, "route_ref": "67", "survey:date": null, "covered": "no", "arrival_times:description": null, "phone": "+1-734-996-0400", "surface": "grass", "website": "https://www.theride.org", "website:map": "https:www.theride.org/maps-schedules/track-bus", "wheelchair:description": "This bus stop is located on a grassy area. There is no paved path from a nearby sidewalk to this bus stop (except for the paved surface of the service road). This seems wheelchair unfriendly.", "departures_board": null, "source": null, "source:date": null, "check_date:bench": null, "smoothness": null, "description:arrival_times": null, "check_date": null, "check_date:lit": null, "check_date:tactile_paving": null, "fixme": null, "paving_stones:material": null, "sign": null, "railway": null, "railway:ref": null, "train": null }, "geometry": { "type": "Point", "coordinates": [ -83.7254896, 42.2452033 ] } },
{ "type": "Feature", "properties": { "index": 30, "element": "node", "id": 3509089933, "bench": null, "bin": null, "bus": "yes", "description": null, "highway": "bus_stop", "lit": null, "name": "Boardwalk", "operator": null, "public_transport": "platform", "ref": "36", "shelter": null, "tactile_paving": null, "network": null, "network:wikidata": null, "brand": null, "phone:aaata": null, "ref:aaata": null, "ref:umich": null, "route_ref:aaata": null, "website:aaata": null, "website:aaata:maps": null, "website:umich:map": null, "website:umich:routes": null, "wheelchair": null, "check_date:shelter": null, "note": "050", "passenger_information_display": null, "network:wikipedia": null, "alt_name": null, "local_ref": null, "ref:signed": null, "operator:wikidata": null, "operator:wikipedia": null, "mapillary": null, "route_ref": null, "survey:date": "2015-04-24", "covered": null, "arrival_times:description": null, "phone": null, "surface": null, "website": null, "website:map": null, "wheelchair:description": null, "departures_board": null, "source": null, "source:date": null, "check_date:bench": null, "smoothness": null, "description:arrival_times": null, "check_date": null, "check_date:lit": null, "check_date:tactile_paving": null, "fixme": null, "paving_stones:material": null, "sign": null, "railway": null, "railway:ref": null, "train": null }, "geometry": { "type": "Point", "coordinates": [ -83.7348646, 42.2425561 ] } },
{ "type": "Feature", "properties": { "index": 31, "element": "node", "id": 3922612152, "bench": null, "bin": null, "bus": "yes", "description": null, "highway": "bus_stop", "lit": null, "name": "#36", "operator": null, "public_transport": "platform", "ref": "36", "shelter": null, "tactile_paving": null, "network": null, "network:wikidata": null, "brand": null, "phone:aaata": null, "ref:aaata": null, "ref:umich": null, "route_ref:aaata": null, "website:aaata": null, "website:aaata:maps": null, "website:umich:map": null, "website:umich:routes": null, "wheelchair": null, "check_date:shelter": null, "note": null, "passenger_information_display": null, "network:wikipedia": null, "alt_name": null, "local_ref": null, "ref:signed": null, "operator:wikidata": null, "operator:wikipedia": null, "mapillary": null, "route_ref": null, "survey:date": null, "covered": null, "arrival_times:description": null, "phone": null, "surface": null, "website": null, "website:map": null, "wheelchair:description": null, "departures_board": null, "source": null, "source:date": null, "check_date:bench": null, "smoothness": null, "description:arrival_times": null, "check_date": null, "check_date:lit": null, "check_date:tactile_paving": null, "fixme": null, "paving_stones:material": null, "sign": null, "railway": null, "railway:ref": null, "train": null }, "geometry": { "type": "Point", "coordinates": [ -83.7377112, 42.2431475 ] } },
{ "type": "Feature", "properties": { "index": 32, "element": "node", "id": 3922612153, "bench": "yes", "bin": "no", "bus": "yes", "description": "This bus stop is served by routes 6 and 67.", "highway": "bus_stop", "lit": "yes", "name": "AAATA 559", "operator": "Ann Arbor Area Transportation Authority", "public_transport": "platform", "ref": "559", "shelter": "no", "tactile_paving": null, "network": "AAATA", "network:wikidata": "Q4766233", "brand": "The Ride", "phone:aaata": null, "ref:aaata": "559", "ref:umich": null, "route_ref:aaata": "6;67", "website:aaata": null, "website:aaata:maps": null, "website:umich:map": null, "website:umich:routes": null, "wheelchair": "yes", "check_date:shelter": null, "note": null, "passenger_information_display": null, "network:wikipedia": null, "alt_name": null, "local_ref": null, "ref:signed": null, "operator:wikidata": null, "operator:wikipedia": null, "mapillary": null, "route_ref": "6;67", "survey:date": null, "covered": "no", "arrival_times:description": "Send text to 41411 with: AAATA 559 for arrival times at this stop.", "phone": "+1-734-996-0400", "surface": "concrete", "website": "https://www.theride.org", "website:map": "https://www.theride.org/maps-schedules/track-bus", "wheelchair:description": null, "departures_board": null, "source": "GPS", "source:date": "2017-01-02", "check_date:bench": null, "smoothness": null, "description:arrival_times": null, "check_date": null, "check_date:lit": null, "check_date:tactile_paving": null, "fixme": null, "paving_stones:material": null, "sign": null, "railway": null, "railway:ref": null, "train": null }, "geometry": { "type": "Point", "coordinates": [ -83.7367954, 42.2438397 ] } },
{ "type": "Feature", "properties": { "index": 33, "element": "node", "id": 3509089952, "bench": "yes", "bin": "yes", "bus": "yes", "description": "This bus stop is served by routes 6 and 67.", "highway": "bus_stop", "lit": "yes", "name": "AAATA 504", "operator": "Ann Arbor Area Transportation Authority", "public_transport": "platform", "ref": "504", "shelter": "no", "tactile_paving": null, "network": "AAATA", "network:wikidata": "Q4766233", "brand": "The Ride", "phone:aaata": null, "ref:aaata": "504", "ref:umich": null, "route_ref:aaata": "6;67", "website:aaata": null, "website:aaata:maps": null, "website:umich:map": null, "website:umich:routes": null, "wheelchair": "yes", "check_date:shelter": null, "note": null, "passenger_information_display": null, "network:wikipedia": null, "alt_name": null, "local_ref": null, "ref:signed": null, "operator:wikidata": null, "operator:wikipedia": null, "mapillary": null, "route_ref": "6;67", "survey:date": null, "covered": "no", "arrival_times:description": "Send text to 41411 with: AAATA 504 for arrival times at this stop.", "phone": "+1-734-996-0400", "surface": "concrete", "website": "https://www.theride.org", "website:map": "https://www.theride.org/maps-schedules/track-bus", "wheelchair:description": null, "departures_board": null, "source": "GPS", "source:date": "2017-01-02", "check_date:bench": null, "smoothness": null, "description:arrival_times": null, "check_date": null, "check_date:lit": null, "check_date:tactile_paving": null, "fixme": null, "paving_stones:material": null, "sign": null, "railway": null, "railway:ref": null, "train": null }, "geometry": { "type": "Point", "coordinates": [ -83.7362291, 42.2441956 ] } },
{ "type": "Feature", "properties": { "index": 34, "element": "node", "id": 3509089948, "bench": "no", "bin": "no", "bus": "yes", "description": "This bus stop is served by route 67. Send text to 41411 with: AAATA 595 for arrival times served by this stop.", "highway": "bus_stop", "lit": "yes", "name": "AAATA 595", "operator": "Ann Arbor Area Transportation Authority", "public_transport": "platform", "ref": "595", "shelter": "no", "tactile_paving": null, "network": "AAATA", "network:wikidata": "Q4766233", "brand": "The Ride", "phone:aaata": null, "ref:aaata": null, "ref:umich": null, "route_ref:aaata": null, "website:aaata": null, "website:aaata:maps": null, "website:umich:map": null, "website:umich:routes": null, "wheelchair": "no", "check_date:shelter": null, "note": null, "passenger_information_display": null, "network:wikipedia": null, "alt_name": null, "local_ref": null, "ref:signed": null, "operator:wikidata": null, "operator:wikipedia": null, "mapillary": "199633948546638", "route_ref": "67", "survey:date": null, "covered": "no", "arrival_times:description": null, "phone": "+1-734-996-0400", "surface": "grass", "website": "https://www.theride.org", "website:map": "https:www.theride.org/maps-schedules/track-bus", "wheelchair:description": "This bus stop is located on a grassy area. There is no paved path from a nearby sidewalk to this bus stop.", "departures_board": null, "source": null, "source:date": null, "check_date:bench": null, "smoothness": null, "description:arrival_times": null, "check_date": null, "check_date:lit": null, "check_date:tactile_paving": null, "fixme": null, "paving_stones:material": null, "sign": null, "railway": null, "railway:ref": null, "train": null }, "geometry": { "type": "Point", "coordinates": [ -83.7290894, 42.2442375 ] } },
{ "type": "Feature", "properties": { "index": 35, "element": "node", "id": 3371897127, "bench": "no", "bin": "no", "bus": "yes", "description": "This bus stop is served by routes 6 and 67.", "highway": "bus_stop", "lit": "yes", "name": "AAATA 503", "operator": "Ann Arbor Area Transportation Authority", "public_transport": "platform", "ref": "503", "shelter": "no", "tactile_paving": null, "network": "AAATA", "network:wikidata": "Q4766233", "brand": "The Ride", "phone:aaata": null, "ref:aaata": "503", "ref:umich": null, "route_ref:aaata": "6;67", "website:aaata": null, "website:aaata:maps": null, "website:umich:map": null, "website:umich:routes": null, "wheelchair": "no", "check_date:shelter": null, "note": null, "passenger_information_display": null, "network:wikipedia": null, "alt_name": null, "local_ref": null, "ref:signed": null, "operator:wikidata": null, "operator:wikipedia": null, "mapillary": null, "route_ref": "6;67", "survey:date": null, "covered": "no", "arrival_times:description": "Send text to 41411 with: AAATA 503 for arrival times served by this stop.", "phone": "+1-734-996-0400", "surface": "grass", "website": "https://www.theride.org", "website:map": "https://www.theride.org/maps-schedules/track-bus", "wheelchair:description": "This bus stop is located on a grassy area about 20 feet from the nearest sidewalk. There is no paved path from the nearby sidewalk to the curb for this bus stop.", "departures_board": null, "source": null, "source:date": null, "check_date:bench": null, "smoothness": null, "description:arrival_times": null, "check_date": null, "check_date:lit": null, "check_date:tactile_paving": null, "fixme": null, "paving_stones:material": null, "sign": null, "railway": null, "railway:ref": null, "train": null }, "geometry": { "type": "Point", "coordinates": [ -83.7302398, 42.2444256 ] } },
{ "type": "Feature", "properties": { "index": 36, "element": "node", "id": 3369288636, "bench": null, "bin": null, "bus": "yes", "description": null, "highway": "bus_stop", "lit": null, "name": "TheRide Main Office (to YTC)", "operator": "AAATA", "public_transport": "platform", "ref": null, "shelter": "yes", "tactile_paving": null, "network": "AAATA", "network:wikidata": "Q4766233", "brand": null, "phone:aaata": null, "ref:aaata": null, "ref:umich": null, "route_ref:aaata": null, "website:aaata": null, "website:aaata:maps": null, "website:umich:map": null, "website:umich:routes": null, "wheelchair": null, "check_date:shelter": null, "note": null, "passenger_information_display": null, "network:wikipedia": null, "alt_name": null, "local_ref": null, "ref:signed": null, "operator:wikidata": null, "operator:wikipedia": null, "mapillary": null, "route_ref": null, "survey:date": null, "covered": null, "arrival_times:description": null, "phone": null, "surface": null, "website": null, "website:map": null, "wheelchair:description": null, "departures_board": null, "source": null, "source:date": null, "check_date:bench": null, "smoothness": null, "description:arrival_times": null, "check_date": null, "check_date:lit": null, "check_date:tactile_paving": null, "fixme": null, "paving_stones:material": null, "sign": null, "railway": null, "railway:ref": null, "train": null }, "geometry": { "type": "Point", "coordinates": [ -83.7310749, 42.2471674 ] } },
{ "type": "Feature", "properties": { "index": 37, "element": "node", "id": 3369288635, "bench": null, "bin": null, "bus": "yes", "description": null, "highway": "bus_stop", "lit": null, "name": "TheRide Main Office (to BTC)", "operator": "AAATA", "public_transport": "platform", "ref": null, "shelter": null, "tactile_paving": null, "network": "AAATA", "network:wikidata": "Q4766233", "brand": null, "phone:aaata": null, "ref:aaata": null, "ref:umich": null, "route_ref:aaata": null, "website:aaata": null, "website:aaata:maps": null, "website:umich:map": null, "website:umich:routes": null, "wheelchair": null, "check_date:shelter": null, "note": null, "passenger_information_display": null, "network:wikipedia": "en:Ann Arbor Area Transportation Authority", "alt_name": null, "local_ref": null, "ref:signed": null, "operator:wikidata": null, "operator:wikipedia": null, "mapillary": null, "route_ref": null, "survey:date": null, "covered": null, "arrival_times:description": null, "phone": null, "surface": null, "website": null, "website:map": null, "wheelchair:description": null, "departures_board": null, "source": null, "source:date": null, "check_date:bench": null, "smoothness": null, "description:arrival_times": null, "check_date": null, "check_date:lit": null, "check_date:tactile_paving": null, "fixme": null, "paving_stones:material": null, "sign": null, "railway": null, "railway:ref": null, "train": null }, "geometry": { "type": "Point", "coordinates": [ -83.7308604, 42.247211 ] } },
{ "type": "Feature", "properties": { "index": 38, "element": "node", "id": 4209298089, "bench": "no", "bin": null, "bus": "yes", "description": null, "highway": "bus_stop", "lit": null, "name": null, "operator": "Ann Arbor Area Transportation Authority", "public_transport": "platform", "ref": null, "shelter": "no", "tactile_paving": null, "network": "AAATA", "network:wikidata": "Q4766233", "brand": null, "phone:aaata": null, "ref:aaata": null, "ref:umich": null, "route_ref:aaata": null, "website:aaata": null, "website:aaata:maps": null, "website:umich:map": null, "website:umich:routes": null, "wheelchair": null, "check_date:shelter": null, "note": null, "passenger_information_display": null, "network:wikipedia": null, "alt_name": null, "local_ref": null, "ref:signed": null, "operator:wikidata": null, "operator:wikipedia": null, "mapillary": null, "route_ref": null, "survey:date": null, "covered": "no", "arrival_times:description": null, "phone": null, "surface": null, "website": null, "website:map": null, "wheelchair:description": null, "departures_board": null, "source": null, "source:date": null, "check_date:bench": null, "smoothness": null, "description:arrival_times": null, "check_date": null, "check_date:lit": null, "check_date:tactile_paving": null, "fixme": null, "paving_stones:material": null, "sign": null, "railway": null, "railway:ref": null, "train": null }, "geometry": { "type": "Point", "coordinates": [ -83.7382643, 42.2481543 ] } },
{ "type": "Feature", "properties": { "index": 39, "element": "node", "id": 3371897115, "bench": "no", "bin": null, "bus": "yes", "description": null, "highway": "bus_stop", "lit": null, "name": "#6 Ellsworth (Outbound)", "operator": "AAATA", "public_transport": "platform", "ref": null, "shelter": "no", "tactile_paving": null, "network": "AAATA", "network:wikidata": "Q4766233", "brand": null, "phone:aaata": null, "ref:aaata": null, "ref:umich": null, "route_ref:aaata": null, "website:aaata": null, "website:aaata:maps": null, "website:umich:map": null, "website:umich:routes": null, "wheelchair": null, "check_date:shelter": null, "note": null, "passenger_information_display": null, "network:wikipedia": "en:Ann Arbor Area Transportation Authority", "alt_name": null, "local_ref": null, "ref:signed": null, "operator:wikidata": null, "operator:wikipedia": null, "mapillary": null, "route_ref": null, "survey:date": null, "covered": "no", "arrival_times:description": null, "phone": null, "surface": null, "website": null, "website:map": null, "wheelchair:description": null, "departures_board": null, "source": null, "source:date": null, "check_date:bench": null, "smoothness": null, "description:arrival_times": null, "check_date": null, "check_date:lit": null, "check_date:tactile_paving": null, "fixme": null, "paving_stones:material": null, "sign": null, "railway": null, "railway:ref": null, "train": null }, "geometry": { "type": "Point", "coordinates": [ -83.7327517, 42.2510475 ] } },
{ "type": "Feature", "properties": { "index": 40, "element": "node", "id": 4583459695, "bench": "no", "bin": null, "bus": "yes", "description": null, "highway": "bus_stop", "lit": null, "name": "#5D only", "operator": null, "public_transport": "platform", "ref": "5", "shelter": "no", "tactile_paving": null, "network": null, "network:wikidata": null, "brand": null, "phone:aaata": null, "ref:aaata": null, "ref:umich": null, "route_ref:aaata": null, "website:aaata": null, "website:aaata:maps": null, "website:umich:map": null, "website:umich:routes": null, "wheelchair": null, "check_date:shelter": null, "note": null, "passenger_information_display": null, "network:wikipedia": null, "alt_name": null, "local_ref": null, "ref:signed": null, "operator:wikidata": null, "operator:wikipedia": null, "mapillary": null, "route_ref": null, "survey:date": null, "covered": null, "arrival_times:description": null, "phone": null, "surface": null, "website": null, "website:map": null, "wheelchair:description": null, "departures_board": null, "source": "GPS", "source:date": "2016-12-31", "check_date:bench": null, "smoothness": null, "description:arrival_times": null, "check_date": null, "check_date:lit": null, "check_date:tactile_paving": null, "fixme": null, "paving_stones:material": null, "sign": null, "railway": null, "railway:ref": null, "train": null }, "geometry": { "type": "Point", "coordinates": [ -83.7191677, 42.2471452 ] } },
{ "type": "Feature", "properties": { "index": 41, "element": "node", "id": 3257651172, "bench": "no", "bin": "no", "bus": "yes", "description": null, "highway": "bus_stop", "lit": "no", "name": "Stone School + Packard (towards YTC)", "operator": "AAATA", "public_transport": "platform", "ref": "394", "shelter": "no", "tactile_paving": "no", "network": "AAATA", "network:wikidata": "Q4766233", "brand": null, "phone:aaata": null, "ref:aaata": null, "ref:umich": null, "route_ref:aaata": null, "website:aaata": null, "website:aaata:maps": null, "website:umich:map": null, "website:umich:routes": null, "wheelchair": "yes", "check_date:shelter": "2024-04-14", "note": "Track buses at https://www.theride.org/maps-schedules/track-bus or text \"AAATA 394\" to 41411", "passenger_information_display": null, "network:wikipedia": "en:Ann Arbor Area Transportation Authority", "alt_name": null, "local_ref": null, "ref:signed": null, "operator:wikidata": null, "operator:wikipedia": null, "mapillary": null, "route_ref": null, "survey:date": null, "covered": null, "arrival_times:description": null, "phone": null, "surface": null, "website": null, "website:map": null, "wheelchair:description": null, "departures_board": null, "source": null, "source:date": null, "check_date:bench": null, "smoothness": null, "description:arrival_times": null, "check_date": null, "check_date:lit": null, "check_date:tactile_paving": null, "fixme": null, "paving_stones:material": null, "sign": null, "railway": null, "railway:ref": null, "train": null }, "geometry": { "type": "Point", "coordinates": [ -83.7200137, 42.2472762 ] } },
{ "type": "Feature", "properties": { "index": 42, "element": "node", "id": 3306203910, "bench": "yes", "bin": "no", "bus": "yes", "description": null, "highway": "bus_stop", "lit": "no", "name": "Packard + King George (towards BTC)", "operator": "AAATA", "public_transport": "platform", "ref": "476", "shelter": "yes", "tactile_paving": "no", "network": "AAATA", "network:wikidata": "Q4766233", "brand": null, "phone:aaata": null, "ref:aaata": null, "ref:umich": null, "route_ref:aaata": null, "website:aaata": null, "website:aaata:maps": null, "website:umich:map": null, "website:umich:routes": null, "wheelchair": null, "check_date:shelter": "2024-04-14", "note": "Track buses at https://www.theride.org/maps-schedules/track-bus or text \"AAATA 476\" to 41411", "passenger_information_display": null, "network:wikipedia": "en:Ann Arbor Area Transportation Authority", "alt_name": null, "local_ref": null, "ref:signed": null, "operator:wikidata": null, "operator:wikipedia": null, "mapillary": null, "route_ref": null, "survey:date": null, "covered": null, "arrival_times:description": null, "phone": null, "surface": null, "website": null, "website:map": null, "wheelchair:description": null, "departures_board": null, "source": null, "source:date": null, "check_date:bench": null, "smoothness": null, "description:arrival_times": null, "check_date": null, "check_date:lit": null, "check_date:tactile_paving": null, "fixme": null, "paving_stones:material": null, "sign": null, "railway": null, "railway:ref": null, "train": null }, "geometry": { "type": "Point", "coordinates": [ -83.7209585, 42.2490494 ] } },
{ "type": "Feature", "properties": { "index": 43, "element": "node", "id": 4583459693, "bench": "no", "bin": "no", "bus": "yes", "description": null, "highway": "bus_stop", "lit": null, "name": "Packard + Pine Valley (towards YTC)", "operator": null, "public_transport": "platform", "ref": "392", "shelter": "no", "tactile_paving": null, "network": "AAATA", "network:wikidata": "Q4766233", "brand": null, "phone:aaata": null, "ref:aaata": null, "ref:umich": null, "route_ref:aaata": null, "website:aaata": null, "website:aaata:maps": null, "website:umich:map": null, "website:umich:routes": null, "wheelchair": null, "check_date:shelter": null, "note": "Track buses at https://www.theride.org/maps-schedules/track-bus or text \"AAATA 392\" to 41411", "passenger_information_display": null, "network:wikipedia": "en:Ann Arbor Area Transportation Authority", "alt_name": null, "local_ref": null, "ref:signed": null, "operator:wikidata": null, "operator:wikipedia": null, "mapillary": null, "route_ref": null, "survey:date": null, "covered": null, "arrival_times:description": null, "phone": null, "surface": null, "website": null, "website:map": null, "wheelchair:description": null, "departures_board": null, "source": "GPS", "source:date": "2016-12-31", "check_date:bench": null, "smoothness": null, "description:arrival_times": null, "check_date": null, "check_date:lit": null, "check_date:tactile_paving": null, "fixme": null, "paving_stones:material": null, "sign": null, "railway": null, "railway:ref": null, "train": null }, "geometry": { "type": "Point", "coordinates": [ -83.7231691, 42.2514578 ] } },
{ "type": "Feature", "properties": { "index": 44, "element": "node", "id": 4583459694, "bench": "yes", "bin": "no", "bus": "yes", "description": null, "highway": "bus_stop", "lit": "no", "name": "Packard + Pine Valley (towards BTC)", "operator": null, "public_transport": "platform", "ref": "477", "shelter": "yes", "tactile_paving": "no", "network": "AAATA", "network:wikidata": "Q4766233", "brand": null, "phone:aaata": null, "ref:aaata": null, "ref:umich": null, "route_ref:aaata": null, "website:aaata": null, "website:aaata:maps": null, "website:umich:map": null, "website:umich:routes": null, "wheelchair": null, "check_date:shelter": "2024-04-14", "note": "Track buses at https://www.theride.org/maps-schedules/track-bus or text \"AAATA 477\" to 41411", "passenger_information_display": null, "network:wikipedia": "en:Ann Arbor Area Transportation Authority", "alt_name": null, "local_ref": null, "ref:signed": null, "operator:wikidata": null, "operator:wikipedia": null, "mapillary": null, "route_ref": null, "survey:date": null, "covered": null, "arrival_times:description": null, "phone": null, "surface": null, "website": null, "website:map": null, "wheelchair:description": null, "departures_board": null, "source": "GPS", "source:date": "2016-12-31", "check_date:bench": null, "smoothness": null, "description:arrival_times": null, "check_date": null, "check_date:lit": null, "check_date:tactile_paving": null, "fixme": null, "paving_stones:material": null, "sign": null, "railway": null, "railway:ref": null, "train": null }, "geometry": { "type": "Point", "coordinates": [ -83.7233206, 42.2519949 ] } },
{ "type": "Feature", "properties": { "index": 45, "element": "node", "id": 12487490951, "bench": "yes", "bin": null, "bus": "yes", "description": null, "highway": "bus_stop", "lit": null, "name": null, "operator": null, "public_transport": "platform", "ref": null, "shelter": null, "tactile_paving": null, "network": null, "network:wikidata": null, "brand": null, "phone:aaata": null, "ref:aaata": null, "ref:umich": null, "route_ref:aaata": null, "website:aaata": null, "website:aaata:maps": null, "website:umich:map": null, "website:umich:routes": null, "wheelchair": null, "check_date:shelter": null, "note": null, "passenger_information_display": null, "network:wikipedia": null, "alt_name": null, "local_ref": null, "ref:signed": null, "operator:wikidata": null, "operator:wikipedia": null, "mapillary": null, "route_ref": null, "survey:date": null, "covered": null, "arrival_times:description": null, "phone": null, "surface": null, "website": null, "website:map": null, "wheelchair:description": null, "departures_board": null, "source": null, "source:date": null, "check_date:bench": null, "smoothness": null, "description:arrival_times": null, "check_date": null, "check_date:lit": null, "check_date:tactile_paving": null, "fixme": null, "paving_stones:material": null, "sign": null, "railway": null, "railway:ref": null, "train": null }, "geometry": { "type": "Point", "coordinates": [ -83.7250955, 42.2542186 ] } },
{ "type": "Feature", "properties": { "index": 46, "element": "node", "id": 3362735560, "bench": "no", "bin": "no", "bus": "yes", "description": null, "highway": "bus_stop", "lit": null, "name": "Packard + Jewett (towards YTC)", "operator": "AAATA", "public_transport": "platform", "ref": "390", "shelter": "no", "tactile_paving": null, "network": "AAATA", "network:wikidata": "Q4766233", "brand": null, "phone:aaata": null, "ref:aaata": null, "ref:umich": null, "route_ref:aaata": null, "website:aaata": null, "website:aaata:maps": null, "website:umich:map": null, "website:umich:routes": null, "wheelchair": null, "check_date:shelter": null, "note": "Track buses at https://www.theride.org/maps-schedules/track-bus or text \"AAATA 390\" to 41411", "passenger_information_display": null, "network:wikipedia": "en:Ann Arbor Area Transportation Authority", "alt_name": null, "local_ref": null, "ref:signed": null, "operator:wikidata": null, "operator:wikipedia": null, "mapillary": null, "route_ref": null, "survey:date": null, "covered": "no", "arrival_times:description": null, "phone": null, "surface": null, "website": null, "website:map": null, "wheelchair:description": null, "departures_board": null, "source": null, "source:date": null, "check_date:bench": null, "smoothness": null, "description:arrival_times": null, "check_date": null, "check_date:lit": null, "check_date:tactile_paving": null, "fixme": null, "paving_stones:material": null, "sign": null, "railway": null, "railway:ref": null, "train": null }, "geometry": { "type": "Point", "coordinates": [ -83.7254455, 42.2543704 ] } },
{ "type": "Feature", "properties": { "index": 47, "element": "node", "id": 3362735561, "bench": "no", "bin": "no", "bus": "yes", "description": null, "highway": "bus_stop", "lit": "no", "name": "Packard + Eastover (towards BTC)", "operator": "AAATA", "public_transport": "platform", "ref": "479", "shelter": "no", "tactile_paving": "no", "network": "AAATA", "network:wikidata": "Q4766233", "brand": null, "phone:aaata": null, "ref:aaata": null, "ref:umich": null, "route_ref:aaata": null, "website:aaata": null, "website:aaata:maps": null, "website:umich:map": null, "website:umich:routes": null, "wheelchair": null, "check_date:shelter": null, "note": "Track buses at https://www.theride.org/maps-schedules/track-bus or text \"AAATA 479\" to 41411", "passenger_information_display": null, "network:wikipedia": "en:Ann Arbor Area Transportation Authority", "alt_name": null, "local_ref": null, "ref:signed": null, "operator:wikidata": null, "operator:wikipedia": null, "mapillary": null, "route_ref": null, "survey:date": null, "covered": "no", "arrival_times:description": null, "phone": null, "surface": null, "website": null, "website:map": null, "wheelchair:description": null, "departures_board": null, "source": null, "source:date": null, "check_date:bench": null, "smoothness": null, "description:arrival_times": null, "check_date": null, "check_date:lit": null, "check_date:tactile_paving": null, "fixme": null, "paving_stones:material": null, "sign": null, "railway": null, "railway:ref": null, "train": null }, "geometry": { "type": "Point", "coordinates": [ -83.7256895, 42.2550315 ] } },
{ "type": "Feature", "properties": { "index": 48, "element": "node", "id": 3362735555, "bench": "no", "bin": "no", "bus": "yes", "description": null, "highway": "bus_stop", "lit": "no", "name": "Packard + Anderson (towards BTC)", "operator": "AAATA", "public_transport": "platform", "ref": "480", "shelter": "no", "tactile_paving": "no", "network": "AAATA", "network:wikidata": "Q4766233", "brand": null, "phone:aaata": null, "ref:aaata": null, "ref:umich": null, "route_ref:aaata": null, "website:aaata": null, "website:aaata:maps": null, "website:umich:map": null, "website:umich:routes": null, "wheelchair": null, "check_date:shelter": null, "note": "Track buses at https://www.theride.org/maps-schedules/track-bus or text \"AAATA 480\" to 41411", "passenger_information_display": null, "network:wikipedia": "en:Ann Arbor Area Transportation Authority", "alt_name": null, "local_ref": null, "ref:signed": null, "operator:wikidata": null, "operator:wikipedia": null, "mapillary": null, "route_ref": null, "survey:date": null, "covered": "no", "arrival_times:description": null, "phone": null, "surface": null, "website": null, "website:map": null, "wheelchair:description": null, "departures_board": null, "source": null, "source:date": null, "check_date:bench": null, "smoothness": null, "description:arrival_times": null, "check_date": null, "check_date:lit": null, "check_date:tactile_paving": null, "fixme": null, "paving_stones:material": null, "sign": null, "railway": null, "railway:ref": null, "train": null }, "geometry": { "type": "Point", "coordinates": [ -83.7271554, 42.2570912 ] } },
{ "type": "Feature", "properties": { "index": 49, "element": "node", "id": 3362735554, "bench": "no", "bin": null, "bus": "yes", "description": null, "highway": "bus_stop", "lit": null, "name": "Packard + Jorn (towards YTC)", "operator": "AAATA", "public_transport": "platform", "ref": "389", "shelter": "no", "tactile_paving": null, "network": "AAATA", "network:wikidata": "Q4766233", "brand": null, "phone:aaata": null, "ref:aaata": null, "ref:umich": null, "route_ref:aaata": null, "website:aaata": null, "website:aaata:maps": null, "website:umich:map": null, "website:umich:routes": null, "wheelchair": null, "check_date:shelter": null, "note": "Track buses at https://www.theride.org/maps-schedules/track-bus or text \"AAATA 389\" to 41411", "passenger_information_display": null, "network:wikipedia": "en:Ann Arbor Area Transportation Authority", "alt_name": null, "local_ref": null, "ref:signed": null, "operator:wikidata": null, "operator:wikipedia": null, "mapillary": null, "route_ref": null, "survey:date": null, "covered": "no", "arrival_times:description": null, "phone": null, "surface": null, "website": null, "website:map": null, "wheelchair:description": null, "departures_board": null, "source": null, "source:date": null, "check_date:bench": null, "smoothness": null, "description:arrival_times": null, "check_date": null, "check_date:lit": null, "check_date:tactile_paving": null, "fixme": null, "paving_stones:material": null, "sign": null, "railway": null, "railway:ref": null, "train": null }, "geometry": { "type": "Point", "coordinates": [ -83.727445, 42.2572143 ] } },
{ "type": "Feature", "properties": { "index": 50, "element": "node", "id": 3371897116, "bench": "no", "bin": null, "bus": "yes", "description": null, "highway": "bus_stop", "lit": null, "name": "#6 Ellsworth (Inbound)", "operator": "AAATA", "public_transport": "platform", "ref": null, "shelter": "no", "tactile_paving": null, "network": "AAATA", "network:wikidata": "Q4766233", "brand": null, "phone:aaata": null, "ref:aaata": null, "ref:umich": null, "route_ref:aaata": null, "website:aaata": null, "website:aaata:maps": null, "website:umich:map": null, "website:umich:routes": null, "wheelchair": null, "check_date:shelter": null, "note": null, "passenger_information_display": null, "network:wikipedia": "en:Ann Arbor Area Transportation Authority", "alt_name": null, "local_ref": null, "ref:signed": null, "operator:wikidata": null, "operator:wikipedia": null, "mapillary": null, "route_ref": null, "survey:date": null, "covered": "no", "arrival_times:description": null, "phone": null, "surface": null, "website": null, "website:map": null, "wheelchair:description": null, "departures_board": null, "source": null, "source:date": null, "check_date:bench": null, "smoothness": null, "description:arrival_times": null, "check_date": null, "check_date:lit": null, "check_date:tactile_paving": null, "fixme": null, "paving_stones:material": null, "sign": null, "railway": null, "railway:ref": null, "train": null }, "geometry": { "type": "Point", "coordinates": [ -83.7326135, 42.2511557 ] } },
{ "type": "Feature", "properties": { "index": 51, "element": "node", "id": 3368269430, "bench": null, "bin": null, "bus": "yes", "description": null, "highway": "bus_stop", "lit": null, "name": "#6 Ellsworth Outbound", "operator": "AAATA", "public_transport": "platform", "ref": null, "shelter": null, "tactile_paving": null, "network": "AAATA", "network:wikidata": "Q4766233", "brand": null, "phone:aaata": null, "ref:aaata": null, "ref:umich": null, "route_ref:aaata": null, "website:aaata": null, "website:aaata:maps": null, "website:umich:map": null, "website:umich:routes": null, "wheelchair": null, "check_date:shelter": null, "note": null, "passenger_information_display": null, "network:wikipedia": null, "alt_name": null, "local_ref": null, "ref:signed": null, "operator:wikidata": null, "operator:wikipedia": null, "mapillary": null, "route_ref": null, "survey:date": null, "covered": null, "arrival_times:description": null, "phone": null, "surface": null, "website": null, "website:map": null, "wheelchair:description": null, "departures_board": null, "source": null, "source:date": null, "check_date:bench": null, "smoothness": null, "description:arrival_times": null, "check_date": null, "check_date:lit": null, "check_date:tactile_paving": null, "fixme": null, "paving_stones:material": null, "sign": null, "railway": null, "railway:ref": null, "train": null }, "geometry": { "type": "Point", "coordinates": [ -83.7340167, 42.2531138 ] } },
{ "type": "Feature", "properties": { "index": 52, "element": "node", "id": 3368269429, "bench": null, "bin": null, "bus": "yes", "description": null, "highway": "bus_stop", "lit": null, "name": "#6 Ellsworth Inbound", "operator": null, "public_transport": "platform", "ref": null, "shelter": null, "tactile_paving": null, "network": "AAATA", "network:wikidata": "Q4766233", "brand": null, "phone:aaata": null, "ref:aaata": null, "ref:umich": null, "route_ref:aaata": null, "website:aaata": null, "website:aaata:maps": null, "website:umich:map": null, "website:umich:routes": null, "wheelchair": null, "check_date:shelter": null, "note": null, "passenger_information_display": null, "network:wikipedia": null, "alt_name": null, "local_ref": null, "ref:signed": null, "operator:wikidata": null, "operator:wikipedia": null, "mapillary": "773922766819446", "route_ref": "6;24", "survey:date": "2019-05-12", "covered": null, "arrival_times:description": null, "phone": null, "surface": null, "website": null, "website:map": null, "wheelchair:description": null, "departures_board": null, "source": null, "source:date": null, "check_date:bench": null, "smoothness": null, "description:arrival_times": null, "check_date": null, "check_date:lit": null, "check_date:tactile_paving": null, "fixme": null, "paving_stones:material": null, "sign": null, "railway": null, "railway:ref": null, "train": null }, "geometry": { "type": "Point", "coordinates": [ -83.7341809, 42.2536667 ] } },
{ "type": "Feature", "properties": { "index": 53, "element": "node", "id": 3368269428, "bench": null, "bin": null, "bus": "yes", "description": null, "highway": "bus_stop", "lit": null, "name": "#6 Ellsworth Outbound", "operator": null, "public_transport": "platform", "ref": null, "shelter": null, "tactile_paving": null, "network": "AAATA", "network:wikidata": "Q4766233", "brand": null, "phone:aaata": null, "ref:aaata": null, "ref:umich": null, "route_ref:aaata": null, "website:aaata": null, "website:aaata:maps": null, "website:umich:map": null, "website:umich:routes": null, "wheelchair": null, "check_date:shelter": null, "note": null, "passenger_information_display": null, "network:wikipedia": null, "alt_name": null, "local_ref": null, "ref:signed": null, "operator:wikidata": null, "operator:wikipedia": null, "mapillary": "3913014408812815", "route_ref": "6;24", "survey:date": "2019-03-17", "covered": null, "arrival_times:description": null, "phone": null, "surface": null, "website": null, "website:map": null, "wheelchair:description": null, "departures_board": null, "source": null, "source:date": null, "check_date:bench": null, "smoothness": null, "description:arrival_times": null, "check_date": null, "check_date:lit": null, "check_date:tactile_paving": null, "fixme": null, "paving_stones:material": null, "sign": null, "railway": null, "railway:ref": null, "train": null }, "geometry": { "type": "Point", "coordinates": [ -83.7352257, 42.2549809 ] } },
{ "type": "Feature", "properties": { "index": 54, "element": "node", "id": 3221185250, "bench": null, "bin": null, "bus": "yes", "description": null, "highway": "bus_stop", "lit": null, "name": "Bus Stop. Route #6 (Ellsworth)", "operator": "AATA", "public_transport": "platform", "ref": null, "shelter": "no", "tactile_paving": null, "network": "AAATA", "network:wikidata": "Q4766233", "brand": null, "phone:aaata": null, "ref:aaata": null, "ref:umich": null, "route_ref:aaata": null, "website:aaata": null, "website:aaata:maps": null, "website:umich:map": null, "website:umich:routes": null, "wheelchair": null, "check_date:shelter": null, "note": null, "passenger_information_display": null, "network:wikipedia": null, "alt_name": null, "local_ref": null, "ref:signed": null, "operator:wikidata": null, "operator:wikipedia": null, "mapillary": "940112299862683", "route_ref": "6;24", "survey:date": "2019-05-12", "covered": null, "arrival_times:description": null, "phone": null, "surface": null, "website": null, "website:map": null, "wheelchair:description": null, "departures_board": null, "source": null, "source:date": null, "check_date:bench": null, "smoothness": null, "description:arrival_times": null, "check_date": null, "check_date:lit": null, "check_date:tactile_paving": null, "fixme": null, "paving_stones:material": null, "sign": null, "railway": null, "railway:ref": null, "train": null }, "geometry": { "type": "Point", "coordinates": [ -83.7351939, 42.2552183 ] } },
{ "type": "Feature", "properties": { "index": 55, "element": "node", "id": 3368269427, "bench": "no", "bin": null, "bus": "yes", "description": null, "highway": "bus_stop", "lit": null, "name": "#6 Ellsworth Outbound", "operator": null, "public_transport": "platform", "ref": null, "shelter": "no", "tactile_paving": null, "network": "AAATA", "network:wikidata": "Q4766233", "brand": null, "phone:aaata": null, "ref:aaata": null, "ref:umich": null, "route_ref:aaata": null, "website:aaata": null, "website:aaata:maps": null, "website:umich:map": null, "website:umich:routes": null, "wheelchair": null, "check_date:shelter": null, "note": null, "passenger_information_display": null, "network:wikipedia": null, "alt_name": null, "local_ref": null, "ref:signed": null, "operator:wikidata": null, "operator:wikipedia": null, "mapillary": null, "route_ref": null, "survey:date": null, "covered": "no", "arrival_times:description": null, "phone": null, "surface": null, "website": null, "website:map": null, "wheelchair:description": null, "departures_board": null, "source": null, "source:date": null, "check_date:bench": null, "smoothness": null, "description:arrival_times": null, "check_date": null, "check_date:lit": null, "check_date:tactile_paving": null, "fixme": null, "paving_stones:material": null, "sign": null, "railway": null, "railway:ref": null, "train": null }, "geometry": { "type": "Point", "coordinates": [ -83.7364045, 42.2567974 ] } },
{ "type": "Feature", "properties": { "index": 56, "element": "node", "id": 3221186719, "bench": null, "bin": null, "bus": "yes", "description": null, "highway": "bus_stop", "lit": null, "name": "Route #6 (Ellsworth, To Ann Arbor)", "operator": "AATA", "public_transport": "platform", "ref": null, "shelter": "yes", "tactile_paving": null, "network": "AAATA", "network:wikidata": "Q4766233", "brand": null, "phone:aaata": null, "ref:aaata": null, "ref:umich": null, "route_ref:aaata": null, "website:aaata": null, "website:aaata:maps": null, "website:umich:map": null, "website:umich:routes": null, "wheelchair": null, "check_date:shelter": null, "note": null, "passenger_information_display": null, "network:wikipedia": null, "alt_name": null, "local_ref": null, "ref:signed": null, "operator:wikidata": null, "operator:wikipedia": null, "mapillary": "3464475066985960", "route_ref": "6;24", "survey:date": "2019-05-12", "covered": null, "arrival_times:description": null, "phone": null, "surface": null, "website": null, "website:map": null, "wheelchair:description": null, "departures_board": null, "source": null, "source:date": null, "check_date:bench": null, "smoothness": null, "description:arrival_times": null, "check_date": null, "check_date:lit": null, "check_date:tactile_paving": null, "fixme": null, "paving_stones:material": null, "sign": null, "railway": null, "railway:ref": null, "train": null }, "geometry": { "type": "Point", "coordinates": [ -83.7364046, 42.2571016 ] } },
{ "type": "Feature", "properties": { "index": 57, "element": "node", "id": 4583503947, "bench": "no", "bin": "no", "bus": "yes", "description": null, "highway": "bus_stop", "lit": "no", "name": "Packard + South Blvd", "operator": null, "public_transport": "platform", "ref": "481", "shelter": "no", "tactile_paving": "no", "network": "AAATA", "network:wikidata": "Q4766233", "brand": null, "phone:aaata": null, "ref:aaata": null, "ref:umich": null, "route_ref:aaata": null, "website:aaata": null, "website:aaata:maps": null, "website:umich:map": null, "website:umich:routes": null, "wheelchair": null, "check_date:shelter": "2022-02-22", "note": "Track buses at https://www.theride.org/maps-schedules/track-bus or text \"AAATA 481\" to 41411", "passenger_information_display": null, "network:wikipedia": "en:Ann Arbor Area Transportation Authority", "alt_name": null, "local_ref": null, "ref:signed": "no", "operator:wikidata": null, "operator:wikipedia": null, "mapillary": null, "route_ref": null, "survey:date": null, "covered": null, "arrival_times:description": null, "phone": null, "surface": null, "website": null, "website:map": null, "wheelchair:description": null, "departures_board": null, "source": "GPS", "source:date": "2016-12-31", "check_date:bench": null, "smoothness": null, "description:arrival_times": null, "check_date": null, "check_date:lit": null, "check_date:tactile_paving": null, "fixme": null, "paving_stones:material": null, "sign": null, "railway": null, "railway:ref": null, "train": null }, "geometry": { "type": "Point", "coordinates": [ -83.728584, 42.2591217 ] } },
{ "type": "Feature", "properties": { "index": 58, "element": "node", "id": 3374280751, "bench": "no", "bin": null, "bus": "yes", "description": null, "highway": "bus_stop", "lit": null, "name": "#6 Ellsworth (Inbound)", "operator": "AAATA", "public_transport": "platform", "ref": null, "shelter": "no", "tactile_paving": null, "network": "AAATA", "network:wikidata": "Q4766233", "brand": null, "phone:aaata": null, "ref:aaata": null, "ref:umich": null, "route_ref:aaata": null, "website:aaata": null, "website:aaata:maps": null, "website:umich:map": null, "website:umich:routes": null, "wheelchair": null, "check_date:shelter": null, "note": null, "passenger_information_display": null, "network:wikipedia": null, "alt_name": null, "local_ref": null, "ref:signed": null, "operator:wikidata": null, "operator:wikipedia": null, "mapillary": null, "route_ref": null, "survey:date": null, "covered": "no", "arrival_times:description": null, "phone": null, "surface": null, "website": null, "website:map": null, "wheelchair:description": null, "departures_board": null, "source": null, "source:date": null, "check_date:bench": null, "smoothness": null, "description:arrival_times": null, "check_date": null, "check_date:lit": null, "check_date:tactile_paving": null, "fixme": null, "paving_stones:material": null, "sign": null, "railway": null, "railway:ref": null, "train": null }, "geometry": { "type": "Point", "coordinates": [ -83.7371407, 42.2597684 ] } },
{ "type": "Feature", "properties": { "index": 59, "element": "node", "id": 4583503959, "bench": "no", "bin": "no", "bus": "yes", "description": null, "highway": "bus_stop", "lit": null, "name": "Packard + Stadium (towards YTC)", "operator": null, "public_transport": "platform", "ref": "388", "shelter": "no", "tactile_paving": null, "network": "AAATA", "network:wikidata": "Q4766233", "brand": null, "phone:aaata": null, "ref:aaata": null, "ref:umich": null, "route_ref:aaata": null, "website:aaata": null, "website:aaata:maps": null, "website:umich:map": null, "website:umich:routes": null, "wheelchair": null, "check_date:shelter": null, "note": "Track buses at https://www.theride.org/maps-schedules/track-bus or text \"AAATA 388\" to 41411", "passenger_information_display": null, "network:wikipedia": "en:Ann Arbor Area Transportation Authority", "alt_name": null, "local_ref": null, "ref:signed": null, "operator:wikidata": null, "operator:wikipedia": null, "mapillary": null, "route_ref": null, "survey:date": null, "covered": null, "arrival_times:description": null, "phone": null, "surface": null, "website": null, "website:map": null, "wheelchair:description": null, "departures_board": null, "source": "GPS", "source:date": "2016-12-31", "check_date:bench": null, "smoothness": null, "description:arrival_times": null, "check_date": null, "check_date:lit": null, "check_date:tactile_paving": null, "fixme": null, "paving_stones:material": null, "sign": null, "railway": null, "railway:ref": null, "train": null }, "geometry": { "type": "Point", "coordinates": [ -83.7295302, 42.2601549 ] } },
{ "type": "Feature", "properties": { "index": 60, "element": "node", "id": 2758637920, "bench": "yes", "bin": "yes", "bus": "yes", "description": null, "highway": "bus_stop", "lit": null, "name": null, "operator": "AAATA", "public_transport": "platform", "ref": null, "shelter": "yes", "tactile_paving": "no", "network": "AAATA", "network:wikidata": "Q4766233", "brand": null, "phone:aaata": null, "ref:aaata": null, "ref:umich": null, "route_ref:aaata": null, "website:aaata": null, "website:aaata:maps": null, "website:umich:map": null, "website:umich:routes": null, "wheelchair": null, "check_date:shelter": null, "note": "Weekdays only, Northbound Only picks up until 4pm then must use southbound stop to go north", "passenger_information_display": null, "network:wikipedia": "en:Ann Arbor Area Transportation Authority", "alt_name": null, "local_ref": null, "ref:signed": null, "operator:wikidata": null, "operator:wikipedia": null, "mapillary": null, "route_ref": null, "survey:date": null, "covered": null, "arrival_times:description": null, "phone": null, "surface": null, "website": null, "website:map": null, "wheelchair:description": null, "departures_board": null, "source": null, "source:date": null, "check_date:bench": null, "smoothness": null, "description:arrival_times": null, "check_date": null, "check_date:lit": null, "check_date:tactile_paving": null, "fixme": null, "paving_stones:material": null, "sign": null, "railway": null, "railway:ref": null, "train": null }, "geometry": { "type": "Point", "coordinates": [ -83.7418128, 42.2492543 ] } },
{ "type": "Feature", "properties": { "index": 61, "element": "node", "id": 2758637974, "bench": "no", "bin": "no", "bus": "yes", "description": null, "highway": "bus_stop", "lit": null, "name": "U-M Tennis Center Park n Ride", "operator": "AAATA", "public_transport": "platform", "ref": "1750", "shelter": "yes", "tactile_paving": "no", "network": "AAATA", "network:wikidata": "Q4766233", "brand": null, "phone:aaata": null, "ref:aaata": null, "ref:umich": null, "route_ref:aaata": null, "website:aaata": null, "website:aaata:maps": null, "website:umich:map": null, "website:umich:routes": null, "wheelchair": null, "check_date:shelter": null, "note": null, "passenger_information_display": null, "network:wikipedia": "en:Ann Arbor Area Transportation Authority", "alt_name": null, "local_ref": null, "ref:signed": null, "operator:wikidata": null, "operator:wikipedia": null, "mapillary": null, "route_ref": null, "survey:date": null, "covered": null, "arrival_times:description": null, "phone": null, "surface": null, "website": null, "website:map": null, "wheelchair:description": null, "departures_board": null, "source": null, "source:date": null, "check_date:bench": null, "smoothness": null, "description:arrival_times": null, "check_date": null, "check_date:lit": null, "check_date:tactile_paving": null, "fixme": null, "paving_stones:material": null, "sign": null, "railway": null, "railway:ref": null, "train": null }, "geometry": { "type": "Point", "coordinates": [ -83.742741, 42.2525852 ] } },
{ "type": "Feature", "properties": { "index": 62, "element": "node", "id": 2874406430, "bench": null, "bin": null, "bus": "yes", "description": null, "highway": "bus_stop", "lit": null, "name": "State + Tennis Center", "operator": "AAATA", "public_transport": "platform", "ref": "920", "shelter": "no", "tactile_paving": null, "network": "AAATA", "network:wikidata": "Q4766233", "brand": null, "phone:aaata": null, "ref:aaata": null, "ref:umich": null, "route_ref:aaata": null, "website:aaata": null, "website:aaata:maps": null, "website:umich:map": null, "website:umich:routes": null, "wheelchair": null, "check_date:shelter": null, "note": null, "passenger_information_display": null, "network:wikipedia": "en:Ann Arbor Area Transportation Authority", "alt_name": null, "local_ref": null, "ref:signed": null, "operator:wikidata": null, "operator:wikipedia": null, "mapillary": null, "route_ref": null, "survey:date": null, "covered": null, "arrival_times:description": null, "phone": null, "surface": null, "website": null, "website:map": null, "wheelchair:description": null, "departures_board": null, "source": null, "source:date": null, "check_date:bench": null, "smoothness": null, "description:arrival_times": null, "check_date": null, "check_date:lit": null, "check_date:tactile_paving": null, "fixme": null, "paving_stones:material": null, "sign": null, "railway": null, "railway:ref": null, "train": null }, "geometry": { "type": "Point", "coordinates": [ -83.739532, 42.2532609 ] } },
{ "type": "Feature", "properties": { "index": 63, "element": "node", "id": 13621161413, "bench": null, "bin": null, "bus": "yes", "description": null, "highway": "bus_stop", "lit": null, "name": null, "operator": null, "public_transport": "platform", "ref": null, "shelter": null, "tactile_paving": null, "network": null, "network:wikidata": null, "brand": null, "phone:aaata": null, "ref:aaata": null, "ref:umich": null, "route_ref:aaata": null, "website:aaata": null, "website:aaata:maps": null, "website:umich:map": null, "website:umich:routes": null, "wheelchair": null, "check_date:shelter": null, "note": null, "passenger_information_display": null, "network:wikipedia": null, "alt_name": null, "local_ref": null, "ref:signed": null, "operator:wikidata": null, "operator:wikipedia": null, "mapillary": null, "route_ref": null, "survey:date": null, "covered": null, "arrival_times:description": null, "phone": null, "surface": null, "website": null, "website:map": null, "wheelchair:description": null, "departures_board": null, "source": null, "source:date": null, "check_date:bench": null, "smoothness": null, "description:arrival_times": null, "check_date": null, "check_date:lit": null, "check_date:tactile_paving": null, "fixme": null, "paving_stones:material": null, "sign": null, "railway": null, "railway:ref": null, "train": null }, "geometry": { "type": "Point", "coordinates": [ -83.7397569, 42.2534506 ] } },
{ "type": "Feature", "properties": { "index": 64, "element": "node", "id": 13621161414, "bench": null, "bin": null, "bus": "yes", "description": null, "highway": "bus_stop", "lit": null, "name": null, "operator": null, "public_transport": "platform", "ref": null, "shelter": null, "tactile_paving": null, "network": null, "network:wikidata": null, "brand": null, "phone:aaata": null, "ref:aaata": null, "ref:umich": null, "route_ref:aaata": null, "website:aaata": null, "website:aaata:maps": null, "website:umich:map": null, "website:umich:routes": null, "wheelchair": null, "check_date:shelter": null, "note": null, "passenger_information_display": null, "network:wikipedia": null, "alt_name": null, "local_ref": null, "ref:signed": null, "operator:wikidata": null, "operator:wikipedia": null, "mapillary": null, "route_ref": null, "survey:date": null, "covered": null, "arrival_times:description": null, "phone": null, "surface": null, "website": null, "website:map": null, "wheelchair:description": null, "departures_board": null, "source": null, "source:date": null, "check_date:bench": null, "smoothness": null, "description:arrival_times": null, "check_date": null, "check_date:lit": null, "check_date:tactile_paving": null, "fixme": null, "paving_stones:material": null, "sign": null, "railway": null, "railway:ref": null, "train": null }, "geometry": { "type": "Point", "coordinates": [ -83.7398935, 42.2562635 ] } },
{ "type": "Feature", "properties": { "index": 65, "element": "node", "id": 6476771351, "bench": null, "bin": null, "bus": "yes", "description": null, "highway": "bus_stop", "lit": null, "name": "Stimson + State", "operator": null, "public_transport": "platform", "ref": "496", "shelter": null, "tactile_paving": null, "network": null, "network:wikidata": null, "brand": null, "phone:aaata": null, "ref:aaata": null, "ref:umich": null, "route_ref:aaata": null, "website:aaata": null, "website:aaata:maps": null, "website:umich:map": null, "website:umich:routes": null, "wheelchair": null, "check_date:shelter": null, "note": null, "passenger_information_display": null, "network:wikipedia": null, "alt_name": null, "local_ref": null, "ref:signed": null, "operator:wikidata": null, "operator:wikipedia": null, "mapillary": null, "route_ref": null, "survey:date": null, "covered": null, "arrival_times:description": null, "phone": null, "surface": null, "website": null, "website:map": null, "wheelchair:description": null, "departures_board": null, "source": null, "source:date": null, "check_date:bench": null, "smoothness": null, "description:arrival_times": null, "check_date": null, "check_date:lit": null, "check_date:tactile_paving": null, "fixme": null, "paving_stones:material": null, "sign": null, "railway": null, "railway:ref": null, "train": null }, "geometry": { "type": "Point", "coordinates": [ -83.7392789, 42.2604583 ] } },
{ "type": "Feature", "properties": { "index": 66, "element": "node", "id": 5889169431, "bench": null, "bin": null, "bus": "yes", "description": null, "highway": "bus_stop", "lit": null, "name": "State + Henry", "operator": ">AAAT>A", "public_transport": "platform", "ref": "569", "shelter": null, "tactile_paving": null, "network": "AAATA", "network:wikidata": "Q4766233", "brand": null, "phone:aaata": null, "ref:aaata": null, "ref:umich": null, "route_ref:aaata": null, "website:aaata": null, "website:aaata:maps": null, "website:umich:map": null, "website:umich:routes": null, "wheelchair": null, "check_date:shelter": null, "note": null, "passenger_information_display": null, "network:wikipedia": null, "alt_name": null, "local_ref": null, "ref:signed": null, "operator:wikidata": null, "operator:wikipedia": null, "mapillary": null, "route_ref": null, "survey:date": null, "covered": null, "arrival_times:description": null, "phone": null, "surface": null, "website": null, "website:map": null, "wheelchair:description": null, "departures_board": null, "source": null, "source:date": null, "check_date:bench": null, "smoothness": null, "description:arrival_times": null, "check_date": null, "check_date:lit": null, "check_date:tactile_paving": null, "fixme": null, "paving_stones:material": null, "sign": null, "railway": null, "railway:ref": null, "train": null }, "geometry": { "type": "Point", "coordinates": [ -83.7403152, 42.2615504 ] } },
{ "type": "Feature", "properties": { "index": 67, "element": "node", "id": 6476750785, "bench": null, "bin": null, "bus": "yes", "description": null, "highway": "bus_stop", "lit": null, "name": "State + Granger", "operator": null, "public_transport": "platform", "ref": "494", "shelter": null, "tactile_paving": null, "network": "AAATA", "network:wikidata": "Q4766233", "brand": null, "phone:aaata": null, "ref:aaata": null, "ref:umich": null, "route_ref:aaata": null, "website:aaata": null, "website:aaata:maps": null, "website:umich:map": null, "website:umich:routes": null, "wheelchair": null, "check_date:shelter": null, "note": null, "passenger_information_display": null, "network:wikipedia": null, "alt_name": null, "local_ref": null, "ref:signed": null, "operator:wikidata": null, "operator:wikipedia": null, "mapillary": null, "route_ref": null, "survey:date": null, "covered": null, "arrival_times:description": null, "phone": null, "surface": null, "website": null, "website:map": null, "wheelchair:description": null, "departures_board": null, "source": null, "source:date": null, "check_date:bench": null, "smoothness": null, "description:arrival_times": null, "check_date": null, "check_date:lit": null, "check_date:tactile_paving": null, "fixme": null, "paving_stones:material": null, "sign": null, "railway": null, "railway:ref": null, "train": null }, "geometry": { "type": "Point", "coordinates": [ -83.7405274, 42.264091 ] } },
{ "type": "Feature", "properties": { "index": 68, "element": "node", "id": 6476565292, "bench": null, "bin": null, "bus": "yes", "description": null, "highway": "bus_stop", "lit": null, "name": "Crisler Center, Lot SC-7", "operator": null, "public_transport": "platform", "ref": null, "shelter": null, "tactile_paving": null, "network": null, "network:wikidata": null, "brand": null, "phone:aaata": null, "ref:aaata": null, "ref:umich": null, "route_ref:aaata": null, "website:aaata": null, "website:aaata:maps": null, "website:umich:map": null, "website:umich:routes": null, "wheelchair": null, "check_date:shelter": null, "note": null, "passenger_information_display": null, "network:wikipedia": null, "alt_name": null, "local_ref": null, "ref:signed": null, "operator:wikidata": null, "operator:wikipedia": null, "mapillary": null, "route_ref": null, "survey:date": null, "covered": null, "arrival_times:description": null, "phone": null, "surface": null, "website": null, "website:map": null, "wheelchair:description": null, "departures_board": null, "source": null, "source:date": null, "check_date:bench": null, "smoothness": null, "description:arrival_times": null, "check_date": null, "check_date:lit": null, "check_date:tactile_paving": null, "fixme": null, "paving_stones:material": null, "sign": null, "railway": null, "railway:ref": null, "train": null }, "geometry": { "type": "Point", "coordinates": [ -83.7443945, 42.2643631 ] } },
{ "type": "Feature", "properties": { "index": 69, "element": "node", "id": 2874406432, "bench": null, "bin": null, "bus": "yes", "description": null, "highway": "bus_stop", "lit": null, "name": "State + Granger", "operator": null, "public_transport": "platform", "ref": "570", "shelter": "no", "tactile_paving": null, "network": "AAATA", "network:wikidata": "Q4766233", "brand": null, "phone:aaata": null, "ref:aaata": null, "ref:umich": null, "route_ref:aaata": null, "website:aaata": null, "website:aaata:maps": null, "website:umich:map": null, "website:umich:routes": null, "wheelchair": null, "check_date:shelter": null, "note": null, "passenger_information_display": null, "network:wikipedia": null, "alt_name": null, "local_ref": null, "ref:signed": null, "operator:wikidata": null, "operator:wikipedia": null, "mapillary": null, "route_ref": null, "survey:date": null, "covered": null, "arrival_times:description": null, "phone": null, "surface": null, "website": null, "website:map": null, "wheelchair:description": null, "departures_board": null, "source": null, "source:date": null, "check_date:bench": null, "smoothness": null, "description:arrival_times": null, "check_date": null, "check_date:lit": null, "check_date:tactile_paving": null, "fixme": null, "paving_stones:material": null, "sign": null, "railway": null, "railway:ref": null, "train": null }, "geometry": { "type": "Point", "coordinates": [ -83.7404175, 42.2643711 ] } },
{ "type": "Feature", "properties": { "index": 70, "element": "node", "id": 6476573786, "bench": null, "bin": null, "bus": "yes", "description": null, "highway": "bus_stop", "lit": null, "name": "Stimson + White", "operator": null, "public_transport": "platform", "ref": "567", "shelter": null, "tactile_paving": null, "network": null, "network:wikidata": null, "brand": null, "phone:aaata": null, "ref:aaata": null, "ref:umich": null, "route_ref:aaata": null, "website:aaata": null, "website:aaata:maps": null, "website:umich:map": null, "website:umich:routes": null, "wheelchair": null, "check_date:shelter": null, "note": null, "passenger_information_display": null, "network:wikipedia": null, "alt_name": null, "local_ref": null, "ref:signed": null, "operator:wikidata": null, "operator:wikipedia": null, "mapillary": null, "route_ref": null, "survey:date": null, "covered": null, "arrival_times:description": null, "phone": null, "surface": null, "website": null, "website:map": null, "wheelchair:description": null, "departures_board": null, "source": null, "source:date": null, "check_date:bench": null, "smoothness": null, "description:arrival_times": null, "check_date": null, "check_date:lit": null, "check_date:tactile_paving": null, "fixme": null, "paving_stones:material": null, "sign": null, "railway": null, "railway:ref": null, "train": null }, "geometry": { "type": "Point", "coordinates": [ -83.7387376, 42.2605948 ] } },
{ "type": "Feature", "properties": { "index": 71, "element": "node", "id": 13621078531, "bench": null, "bin": null, "bus": "yes", "description": null, "highway": "bus_stop", "lit": null, "name": null, "operator": null, "public_transport": "platform", "ref": null, "shelter": null, "tactile_paving": null, "network": null, "network:wikidata": null, "brand": null, "phone:aaata": null, "ref:aaata": null, "ref:umich": null, "route_ref:aaata": null, "website:aaata": null, "website:aaata:maps": null, "website:umich:map": null, "website:umich:routes": null, "wheelchair": null, "check_date:shelter": null, "note": null, "passenger_information_display": null, "network:wikipedia": null, "alt_name": null, "local_ref": null, "ref:signed": null, "operator:wikidata": null, "operator:wikipedia": null, "mapillary": null, "route_ref": null, "survey:date": null, "covered": null, "arrival_times:description": null, "phone": null, "surface": null, "website": null, "website:map": null, "wheelchair:description": null, "departures_board": null, "source": null, "source:date": null, "check_date:bench": null, "smoothness": null, "description:arrival_times": null, "check_date": null, "check_date:lit": null, "check_date:tactile_paving": null, "fixme": null, "paving_stones:material": null, "sign": null, "railway": null, "railway:ref": null, "train": null }, "geometry": { "type": "Point", "coordinates": [ -83.7367638, 42.2611214 ] } },
{ "type": "Feature", "properties": { "index": 72, "element": "node", "id": 13621078530, "bench": null, "bin": null, "bus": "yes", "description": null, "highway": "bus_stop", "lit": null, "name": null, "operator": null, "public_transport": "platform", "ref": null, "shelter": null, "tactile_paving": null, "network": null, "network:wikidata": null, "brand": null, "phone:aaata": null, "ref:aaata": null, "ref:umich": null, "route_ref:aaata": null, "website:aaata": null, "website:aaata:maps": null, "website:umich:map": null, "website:umich:routes": null, "wheelchair": null, "check_date:shelter": null, "note": null, "passenger_information_display": null, "network:wikipedia": null, "alt_name": null, "local_ref": null, "ref:signed": null, "operator:wikidata": null, "operator:wikipedia": null, "mapillary": null, "route_ref": null, "survey:date": null, "covered": null, "arrival_times:description": null, "phone": null, "surface": null, "website": null, "website:map": null, "wheelchair:description": null, "departures_board": null, "source": null, "source:date": null, "check_date:bench": null, "smoothness": null, "description:arrival_times": null, "check_date": null, "check_date:lit": null, "check_date:tactile_paving": null, "fixme": null, "paving_stones:material": null, "sign": null, "railway": null, "railway:ref": null, "train": null }, "geometry": { "type": "Point", "coordinates": [ -83.737528, 42.2617042 ] } },
{ "type": "Feature", "properties": { "index": 73, "element": "node", "id": 9566963523, "bench": "no", "bin": "no", "bus": "yes", "description": null, "highway": "bus_stop", "lit": null, "name": "Packard + Henry (towards YTC)", "operator": null, "public_transport": "platform", "ref": "387", "shelter": "no", "tactile_paving": "no", "network": "AAATA", "network:wikidata": "Q4766233", "brand": null, "phone:aaata": null, "ref:aaata": null, "ref:umich": null, "route_ref:aaata": null, "website:aaata": null, "website:aaata:maps": null, "website:umich:map": null, "website:umich:routes": null, "wheelchair": null, "check_date:shelter": null, "note": "Track buses at https://www.theride.org/maps-schedules/track-bus or text \"AAATA 387\" to 41411", "passenger_information_display": null, "network:wikipedia": "en:Ann Arbor Area Transportation Authority", "alt_name": null, "local_ref": null, "ref:signed": null, "operator:wikidata": null, "operator:wikipedia": null, "mapillary": null, "route_ref": null, "survey:date": null, "covered": null, "arrival_times:description": null, "phone": null, "surface": null, "website": null, "website:map": null, "wheelchair:description": null, "departures_board": null, "source": null, "source:date": null, "check_date:bench": null, "smoothness": null, "description:arrival_times": null, "check_date": null, "check_date:lit": null, "check_date:tactile_paving": null, "fixme": null, "paving_stones:material": null, "sign": null, "railway": null, "railway:ref": null, "train": null }, "geometry": { "type": "Point", "coordinates": [ -83.7308792, 42.2617555 ] } },
{ "type": "Feature", "properties": { "index": 74, "element": "node", "id": 9566963524, "bench": "no", "bin": "no", "bus": "yes", "description": null, "highway": "bus_stop", "lit": "no", "name": "Packard + Shadford (towards BTC)", "operator": null, "public_transport": "platform", "ref": "482", "shelter": "no", "tactile_paving": "no", "network": "AAATA", "network:wikidata": "Q4766233", "brand": null, "phone:aaata": null, "ref:aaata": null, "ref:umich": null, "route_ref:aaata": null, "website:aaata": null, "website:aaata:maps": null, "website:umich:map": null, "website:umich:routes": null, "wheelchair": null, "check_date:shelter": null, "note": "Track buses at https://www.theride.org/maps-schedules/track-bus or text \"AAATA 482\" to 41411", "passenger_information_display": null, "network:wikipedia": "en:Ann Arbor Area Transportation Authority", "alt_name": null, "local_ref": null, "ref:signed": null, "operator:wikidata": null, "operator:wikipedia": null, "mapillary": null, "route_ref": null, "survey:date": null, "covered": null, "arrival_times:description": null, "phone": null, "surface": null, "website": null, "website:map": null, "wheelchair:description": null, "departures_board": null, "source": null, "source:date": null, "check_date:bench": null, "smoothness": null, "description:arrival_times": null, "check_date": null, "check_date:lit": null, "check_date:tactile_paving": null, "fixme": null, "paving_stones:material": null, "sign": null, "railway": null, "railway:ref": null, "train": null }, "geometry": { "type": "Point", "coordinates": [ -83.7310134, 42.2620671 ] } },
{ "type": "Feature", "properties": { "index": 75, "element": "node", "id": 4936949832, "bench": "no", "bin": "no", "bus": "yes", "description": null, "highway": "bus_stop", "lit": "no", "name": "Packard + Granger (towards YTC)", "operator": null, "public_transport": "platform", "ref": "386", "shelter": "no", "tactile_paving": "no", "network": "AAATA", "network:wikidata": "Q4766233", "brand": null, "phone:aaata": null, "ref:aaata": null, "ref:umich": null, "route_ref:aaata": null, "website:aaata": null, "website:aaata:maps": null, "website:umich:map": null, "website:umich:routes": null, "wheelchair": null, "check_date:shelter": null, "note": "Track buses at https://www.theride.org/maps-schedules/track-bus or text \"AAATA 386\" to 41411", "passenger_information_display": null, "network:wikipedia": "en:Ann Arbor Area Transportation Authority", "alt_name": null, "local_ref": null, "ref:signed": null, "operator:wikidata": null, "operator:wikipedia": null, "mapillary": null, "route_ref": null, "survey:date": null, "covered": null, "arrival_times:description": null, "phone": null, "surface": null, "website": null, "website:map": null, "wheelchair:description": null, "departures_board": null, "source": null, "source:date": null, "check_date:bench": null, "smoothness": null, "description:arrival_times": null, "check_date": null, "check_date:lit": null, "check_date:tactile_paving": null, "fixme": null, "paving_stones:material": null, "sign": null, "railway": null, "railway:ref": null, "train": null }, "geometry": { "type": "Point", "coordinates": [ -83.733246, 42.2639586 ] } },
{ "type": "Feature", "properties": { "index": 76, "element": "node", "id": 4936949825, "bench": "no", "bin": "no", "bus": "yes", "description": null, "highway": "bus_stop", "lit": "no", "name": "Packard + Granger (towards BTC)", "operator": null, "public_transport": "platform", "ref": "483", "shelter": "no", "tactile_paving": "no", "network": "AAATA", "network:wikidata": "Q4766233", "brand": null, "phone:aaata": null, "ref:aaata": null, "ref:umich": null, "route_ref:aaata": null, "website:aaata": null, "website:aaata:maps": null, "website:umich:map": null, "website:umich:routes": null, "wheelchair": null, "check_date:shelter": null, "note": "Track buses at https://www.theride.org/maps-schedules/track-bus or text \"AAATA 483\" to 41411", "passenger_information_display": null, "network:wikipedia": "en:Ann Arbor Area Transportation Authority", "alt_name": null, "local_ref": null, "ref:signed": null, "operator:wikidata": null, "operator:wikipedia": null, "mapillary": null, "route_ref": null, "survey:date": null, "covered": null, "arrival_times:description": null, "phone": null, "surface": null, "website": null, "website:map": null, "wheelchair:description": null, "departures_board": null, "source": null, "source:date": null, "check_date:bench": null, "smoothness": null, "description:arrival_times": null, "check_date": null, "check_date:lit": null, "check_date:tactile_paving": null, "fixme": null, "paving_stones:material": null, "sign": null, "railway": null, "railway:ref": null, "train": null }, "geometry": { "type": "Point", "coordinates": [ -83.7336927, 42.2645748 ] } },
{ "type": "Feature", "properties": { "index": 77, "element": "node", "id": 4927537515, "bench": "no", "bin": null, "bus": "yes", "description": null, "highway": "bus_stop", "lit": null, "name": "Packard + Wells (towards YTC)", "operator": "AAATA", "public_transport": "platform", "ref": "385", "shelter": "no", "tactile_paving": null, "network": "AAATA", "network:wikidata": "Q4766233", "brand": null, "phone:aaata": null, "ref:aaata": null, "ref:umich": null, "route_ref:aaata": null, "website:aaata": null, "website:aaata:maps": null, "website:umich:map": null, "website:umich:routes": null, "wheelchair": null, "check_date:shelter": null, "note": "Track buses at https://www.theride.org/maps-schedules/track-bus or text \"AAATA 385\" to 41411", "passenger_information_display": null, "network:wikipedia": "en:Ann Arbor Area Transportation Authority", "alt_name": null, "local_ref": null, "ref:signed": null, "operator:wikidata": null, "operator:wikipedia": null, "mapillary": null, "route_ref": null, "survey:date": null, "covered": null, "arrival_times:description": null, "phone": null, "surface": null, "website": null, "website:map": null, "wheelchair:description": null, "departures_board": null, "source": null, "source:date": null, "check_date:bench": null, "smoothness": null, "description:arrival_times": null, "check_date": null, "check_date:lit": null, "check_date:tactile_paving": null, "fixme": null, "paving_stones:material": null, "sign": null, "railway": null, "railway:ref": null, "train": null }, "geometry": { "type": "Point", "coordinates": [ -83.7350338, 42.2655869 ] } },
{ "type": "Feature", "properties": { "index": 78, "element": "node", "id": 4927537516, "bench": "no", "bin": "no", "bus": "yes", "description": null, "highway": "bus_stop", "lit": "no", "name": "Packard + Dewey (towards BTC)", "operator": "AAATA", "public_transport": "platform", "ref": "484", "shelter": "no", "tactile_paving": "no", "network": "AAATA", "network:wikidata": "Q4766233", "brand": null, "phone:aaata": null, "ref:aaata": null, "ref:umich": null, "route_ref:aaata": null, "website:aaata": null, "website:aaata:maps": null, "website:umich:map": null, "website:umich:routes": null, "wheelchair": null, "check_date:shelter": null, "note": "Track buses at https://www.theride.org/maps-schedules/track-bus or text \"AAATA 484\" to 41411", "passenger_information_display": null, "network:wikipedia": "en:Ann Arbor Area Transportation Authority", "alt_name": null, "local_ref": null, "ref:signed": null, "operator:wikidata": null, "operator:wikipedia": null, "mapillary": null, "route_ref": null, "survey:date": null, "covered": null, "arrival_times:description": null, "phone": null, "surface": null, "website": null, "website:map": null, "wheelchair:description": null, "departures_board": null, "source": null, "source:date": null, "check_date:bench": null, "smoothness": null, "description:arrival_times": null, "check_date": null, "check_date:lit": null, "check_date:tactile_paving": null, "fixme": null, "paving_stones:material": null, "sign": null, "railway": null, "railway:ref": null, "train": null }, "geometry": { "type": "Point", "coordinates": [ -83.735242, 42.266005 ] } },
{ "type": "Feature", "properties": { "index": 79, "element": "node", "id": 9566963525, "bench": null, "bin": null, "bus": "yes", "description": null, "highway": "bus_stop", "lit": null, "name": "Packard + McKinley (towards YTC)", "operator": null, "public_transport": "platform", "ref": "384", "shelter": null, "tactile_paving": null, "network": "AAATA", "network:wikidata": "Q4766233", "brand": null, "phone:aaata": null, "ref:aaata": null, "ref:umich": null, "route_ref:aaata": null, "website:aaata": null, "website:aaata:maps": null, "website:umich:map": null, "website:umich:routes": null, "wheelchair": null, "check_date:shelter": null, "note": "Track buses at https://www.theride.org/maps-schedules/track-bus or text \"AAATA 384\" to 41411", "passenger_information_display": null, "network:wikipedia": "en:Ann Arbor Area Transportation Authority", "alt_name": null, "local_ref": null, "ref:signed": null, "operator:wikidata": null, "operator:wikipedia": null, "mapillary": null, "route_ref": null, "survey:date": null, "covered": null, "arrival_times:description": null, "phone": null, "surface": null, "website": null, "website:map": null, "wheelchair:description": null, "departures_board": null, "source": null, "source:date": null, "check_date:bench": null, "smoothness": null, "description:arrival_times": null, "check_date": null, "check_date:lit": null, "check_date:tactile_paving": null, "fixme": null, "paving_stones:material": null, "sign": null, "railway": null, "railway:ref": null, "train": null }, "geometry": { "type": "Point", "coordinates": [ -83.7373977, 42.267829 ] } },
{ "type": "Feature", "properties": { "index": 80, "element": "node", "id": 5110214617, "bench": "yes", "bin": null, "bus": null, "description": "Bus stop 847 on route #64.", "highway": "bus_stop", "lit": null, "name": "#64", "operator": null, "public_transport": null, "ref": "847", "shelter": "yes", "tactile_paving": null, "network": null, "network:wikidata": null, "brand": null, "phone:aaata": null, "ref:aaata": null, "ref:umich": null, "route_ref:aaata": null, "website:aaata": null, "website:aaata:maps": null, "website:umich:map": null, "website:umich:routes": null, "wheelchair": null, "check_date:shelter": null, "note": null, "passenger_information_display": null, "network:wikipedia": null, "alt_name": null, "local_ref": null, "ref:signed": null, "operator:wikidata": null, "operator:wikipedia": null, "mapillary": null, "route_ref": null, "survey:date": "2017-09-16", "covered": null, "arrival_times:description": null, "phone": null, "surface": null, "website": null, "website:map": null, "wheelchair:description": null, "departures_board": null, "source": null, "source:date": null, "check_date:bench": null, "smoothness": null, "description:arrival_times": null, "check_date": null, "check_date:lit": null, "check_date:tactile_paving": null, "fixme": null, "paving_stones:material": null, "sign": null, "railway": null, "railway:ref": null, "train": null }, "geometry": { "type": "Point", "coordinates": [ -83.7162139, 42.2589246 ] } },
{ "type": "Feature", "properties": { "index": 81, "element": "node", "id": 6131282186, "bench": null, "bin": null, "bus": null, "description": null, "highway": "bus_stop", "lit": null, "name": null, "operator": null, "public_transport": null, "ref": null, "shelter": null, "tactile_paving": null, "network": null, "network:wikidata": null, "brand": null, "phone:aaata": null, "ref:aaata": null, "ref:umich": null, "route_ref:aaata": null, "website:aaata": null, "website:aaata:maps": null, "website:umich:map": null, "website:umich:routes": null, "wheelchair": null, "check_date:shelter": null, "note": null, "passenger_information_display": null, "network:wikipedia": null, "alt_name": null, "local_ref": null, "ref:signed": null, "operator:wikidata": null, "operator:wikipedia": null, "mapillary": null, "route_ref": null, "survey:date": null, "covered": null, "arrival_times:description": null, "phone": null, "surface": null, "website": null, "website:map": null, "wheelchair:description": null, "departures_board": null, "source": null, "source:date": null, "check_date:bench": null, "smoothness": null, "description:arrival_times": null, "check_date": null, "check_date:lit": null, "check_date:tactile_paving": null, "fixme": null, "paving_stones:material": null, "sign": null, "railway": null, "railway:ref": null, "train": null }, "geometry": { "type": "Point", "coordinates": [ -83.715938, 42.2602614 ] } },
{ "type": "Feature", "properties": { "index": 82, "element": "node", "id": 13621117934, "bench": null, "bin": null, "bus": "yes", "description": null, "highway": "bus_stop", "lit": null, "name": null, "operator": null, "public_transport": "platform", "ref": null, "shelter": null, "tactile_paving": null, "network": null, "network:wikidata": null, "brand": null, "phone:aaata": null, "ref:aaata": null, "ref:umich": null, "route_ref:aaata": null, "website:aaata": null, "website:aaata:maps": null, "website:umich:map": null, "website:umich:routes": null, "wheelchair": null, "check_date:shelter": null, "note": null, "passenger_information_display": null, "network:wikipedia": null, "alt_name": null, "local_ref": null, "ref:signed": null, "operator:wikidata": null, "operator:wikipedia": null, "mapillary": null, "route_ref": null, "survey:date": null, "covered": null, "arrival_times:description": null, "phone": null, "surface": null, "website": null, "website:map": null, "wheelchair:description": null, "departures_board": null, "source": null, "source:date": null, "check_date:bench": null, "smoothness": null, "description:arrival_times": null, "check_date": null, "check_date:lit": null, "check_date:tactile_paving": null, "fixme": null, "paving_stones:material": null, "sign": null, "railway": null, "railway:ref": null, "train": null }, "geometry": { "type": "Point", "coordinates": [ -83.7160626, 42.2607398 ] } },
{ "type": "Feature", "properties": { "index": 83, "element": "node", "id": 13760888071, "bench": null, "bin": null, "bus": "yes", "description": null, "highway": "bus_stop", "lit": null, "name": null, "operator": null, "public_transport": "platform", "ref": null, "shelter": null, "tactile_paving": null, "network": null, "network:wikidata": null, "brand": null, "phone:aaata": null, "ref:aaata": null, "ref:umich": null, "route_ref:aaata": null, "website:aaata": null, "website:aaata:maps": null, "website:umich:map": null, "website:umich:routes": null, "wheelchair": null, "check_date:shelter": null, "note": null, "passenger_information_display": null, "network:wikipedia": null, "alt_name": null, "local_ref": null, "ref:signed": null, "operator:wikidata": null, "operator:wikipedia": null, "mapillary": null, "route_ref": null, "survey:date": null, "covered": null, "arrival_times:description": null, "phone": null, "surface": null, "website": null, "website:map": null, "wheelchair:description": null, "departures_board": null, "source": null, "source:date": null, "check_date:bench": null, "smoothness": null, "description:arrival_times": null, "check_date": null, "check_date:lit": null, "check_date:tactile_paving": null, "fixme": null, "paving_stones:material": null, "sign": null, "railway": null, "railway:ref": null, "train": null }, "geometry": { "type": "Point", "coordinates": [ -83.7212343, 42.2609729 ] } },
{ "type": "Feature", "properties": { "index": 84, "element": "node", "id": 13621117935, "bench": null, "bin": null, "bus": "yes", "description": null, "highway": "bus_stop", "lit": null, "name": null, "operator": null, "public_transport": "platform", "ref": null, "shelter": null, "tactile_paving": null, "network": null, "network:wikidata": null, "brand": null, "phone:aaata": null, "ref:aaata": null, "ref:umich": null, "route_ref:aaata": null, "website:aaata": null, "website:aaata:maps": null, "website:umich:map": null, "website:umich:routes": null, "wheelchair": null, "check_date:shelter": null, "note": null, "passenger_information_display": null, "network:wikipedia": null, "alt_name": null, "local_ref": null, "ref:signed": null, "operator:wikidata": null, "operator:wikipedia": null, "mapillary": null, "route_ref": null, "survey:date": null, "covered": null, "arrival_times:description": null, "phone": null, "surface": null, "website": null, "website:map": null, "wheelchair:description": null, "departures_board": null, "source": null, "source:date": null, "check_date:bench": null, "smoothness": null, "description:arrival_times": null, "check_date": null, "check_date:lit": null, "check_date:tactile_paving": null, "fixme": null, "paving_stones:material": null, "sign": null, "railway": null, "railway:ref": null, "train": null }, "geometry": { "type": "Point", "coordinates": [ -83.7257672, 42.2609975 ] } },
{ "type": "Feature", "properties": { "index": 85, "element": "node", "id": 13621117933, "bench": null, "bin": null, "bus": "yes", "description": null, "highway": "bus_stop", "lit": null, "name": null, "operator": null, "public_transport": "platform", "ref": null, "shelter": null, "tactile_paving": null, "network": null, "network:wikidata": null, "brand": null, "phone:aaata": null, "ref:aaata": null, "ref:umich": null, "route_ref:aaata": null, "website:aaata": null, "website:aaata:maps": null, "website:umich:map": null, "website:umich:routes": null, "wheelchair": null, "check_date:shelter": null, "note": null, "passenger_information_display": null, "network:wikipedia": null, "alt_name": null, "local_ref": null, "ref:signed": null, "operator:wikidata": null, "operator:wikipedia": null, "mapillary": null, "route_ref": null, "survey:date": null, "covered": null, "arrival_times:description": null, "phone": null, "surface": null, "website": null, "website:map": null, "wheelchair:description": null, "departures_board": null, "source": null, "source:date": null, "check_date:bench": null, "smoothness": null, "description:arrival_times": null, "check_date": null, "check_date:lit": null, "check_date:tactile_paving": null, "fixme": null, "paving_stones:material": null, "sign": null, "railway": null, "railway:ref": null, "train": null }, "geometry": { "type": "Point", "coordinates": [ -83.7208715, 42.2611551 ] } },
{ "type": "Feature", "properties": { "index": 86, "element": "node", "id": 4969288317, "bench": "no", "bin": null, "bus": "yes", "description": null, "highway": "bus_stop", "lit": null, "name": null, "operator": null, "public_transport": "platform", "ref": null, "shelter": "no", "tactile_paving": null, "network": null, "network:wikidata": null, "brand": null, "phone:aaata": null, "ref:aaata": null, "ref:umich": null, "route_ref:aaata": null, "website:aaata": null, "website:aaata:maps": null, "website:umich:map": null, "website:umich:routes": null, "wheelchair": null, "check_date:shelter": null, "note": null, "passenger_information_display": null, "network:wikipedia": null, "alt_name": null, "local_ref": null, "ref:signed": null, "operator:wikidata": null, "operator:wikipedia": null, "mapillary": null, "route_ref": null, "survey:date": null, "covered": null, "arrival_times:description": null, "phone": null, "surface": null, "website": null, "website:map": null, "wheelchair:description": null, "departures_board": null, "source": null, "source:date": null, "check_date:bench": null, "smoothness": null, "description:arrival_times": null, "check_date": null, "check_date:lit": null, "check_date:tactile_paving": null, "fixme": null, "paving_stones:material": null, "sign": null, "railway": null, "railway:ref": null, "train": null }, "geometry": { "type": "Point", "coordinates": [ -83.7216793, 42.2675168 ] } },
{ "type": "Feature", "properties": { "index": 87, "element": "node", "id": 5703169934, "bench": "no", "bin": null, "bus": "yes", "description": null, "highway": "bus_stop", "lit": null, "name": null, "operator": "AATA", "public_transport": "platform", "ref": null, "shelter": "no", "tactile_paving": null, "network": "AAATA", "network:wikidata": "Q4766233", "brand": null, "phone:aaata": null, "ref:aaata": null, "ref:umich": null, "route_ref:aaata": null, "website:aaata": null, "website:aaata:maps": null, "website:umich:map": null, "website:umich:routes": null, "wheelchair": null, "check_date:shelter": null, "note": null, "passenger_information_display": null, "network:wikipedia": null, "alt_name": null, "local_ref": null, "ref:signed": null, "operator:wikidata": null, "operator:wikipedia": null, "mapillary": null, "route_ref": null, "survey:date": null, "covered": null, "arrival_times:description": null, "phone": null, "surface": null, "website": null, "website:map": null, "wheelchair:description": null, "departures_board": null, "source": null, "source:date": null, "check_date:bench": null, "smoothness": null, "description:arrival_times": null, "check_date": null, "check_date:lit": null, "check_date:tactile_paving": null, "fixme": null, "paving_stones:material": null, "sign": null, "railway": null, "railway:ref": null, "train": null }, "geometry": { "type": "Point", "coordinates": [ -83.7256154, 42.2704295 ] } },
{ "type": "Feature", "properties": { "index": 88, "element": "node", "id": 4934064035, "bench": "no", "bin": "no", "bus": "yes", "description": null, "highway": "bus_stop", "lit": "no", "name": "Washtenaw + Hill", "operator": "AAATA", "public_transport": "platform", "ref": "323", "shelter": "no", "tactile_paving": "no", "network": "AAATA", "network:wikidata": "Q4766233", "brand": null, "phone:aaata": null, "ref:aaata": null, "ref:umich": null, "route_ref:aaata": null, "website:aaata": null, "website:aaata:maps": null, "website:umich:map": null, "website:umich:routes": null, "wheelchair": null, "check_date:shelter": "2021-10-09", "note": null, "passenger_information_display": null, "network:wikipedia": "en:Ann Arbor Area Transportation Authority", "alt_name": null, "local_ref": null, "ref:signed": null, "operator:wikidata": null, "operator:wikipedia": null, "mapillary": null, "route_ref": null, "survey:date": null, "covered": null, "arrival_times:description": null, "phone": null, "surface": null, "website": null, "website:map": null, "wheelchair:description": null, "departures_board": null, "source": null, "source:date": null, "check_date:bench": null, "smoothness": null, "description:arrival_times": null, "check_date": null, "check_date:lit": null, "check_date:tactile_paving": null, "fixme": null, "paving_stones:material": null, "sign": null, "railway": null, "railway:ref": null, "train": null }, "geometry": { "type": "Point", "coordinates": [ -83.7278385, 42.2721811 ] } },
{ "type": "Feature", "properties": { "index": 89, "element": "node", "id": 11897319835, "bench": "yes", "bin": "yes", "bus": "yes", "description": null, "highway": "bus_stop", "lit": "no", "name": null, "operator": null, "public_transport": "platform", "ref": "C206", "shelter": "yes", "tactile_paving": "no", "network": null, "network:wikidata": null, "brand": null, "phone:aaata": null, "ref:aaata": null, "ref:umich": null, "route_ref:aaata": null, "website:aaata": null, "website:aaata:maps": null, "website:umich:map": null, "website:umich:routes": null, "wheelchair": null, "check_date:shelter": null, "note": null, "passenger_information_display": null, "network:wikipedia": null, "alt_name": null, "local_ref": null, "ref:signed": null, "operator:wikidata": null, "operator:wikipedia": null, "mapillary": null, "route_ref": null, "survey:date": null, "covered": null, "arrival_times:description": null, "phone": null, "surface": null, "website": null, "website:map": null, "wheelchair:description": null, "departures_board": null, "source": null, "source:date": null, "check_date:bench": null, "smoothness": null, "description:arrival_times": null, "check_date": null, "check_date:lit": null, "check_date:tactile_paving": null, "fixme": null, "paving_stones:material": null, "sign": null, "railway": null, "railway:ref": null, "train": null }, "geometry": { "type": "Point", "coordinates": [ -83.7260275, 42.2746492 ] } },
{ "type": "Feature", "properties": { "index": 90, "element": "node", "id": 10053895264, "bench": null, "bin": null, "bus": "yes", "description": null, "highway": "bus_stop", "lit": null, "name": null, "operator": "University of Michigan", "public_transport": "platform", "ref": "S003", "shelter": "yes", "tactile_paving": null, "network": "CN", "network:wikidata": null, "brand": null, "phone:aaata": null, "ref:aaata": null, "ref:umich": null, "route_ref:aaata": null, "website:aaata": null, "website:aaata:maps": null, "website:umich:map": null, "website:umich:routes": null, "wheelchair": null, "check_date:shelter": null, "note": null, "passenger_information_display": null, "network:wikipedia": null, "alt_name": null, "local_ref": null, "ref:signed": null, "operator:wikidata": null, "operator:wikipedia": null, "mapillary": null, "route_ref": null, "survey:date": null, "covered": null, "arrival_times:description": null, "phone": null, "surface": null, "website": null, "website:map": null, "wheelchair:description": null, "departures_board": null, "source": null, "source:date": null, "check_date:bench": null, "smoothness": null, "description:arrival_times": null, "check_date": null, "check_date:lit": null, "check_date:tactile_paving": null, "fixme": null, "paving_stones:material": null, "sign": null, "railway": null, "railway:ref": null, "train": null }, "geometry": { "type": "Point", "coordinates": [ -83.7450387, 42.2660281 ] } },
{ "type": "Feature", "properties": { "index": 91, "element": "node", "id": 4922554207, "bench": "yes", "bin": "no", "bus": "yes", "description": null, "highway": "bus_stop", "lit": "yes", "name": "Facilities Services Building", "operator": "University of Michigan", "public_transport": "platform", "ref": "S004", "shelter": "yes", "tactile_paving": "yes", "network": "AAATA", "network:wikidata": "Q4766233", "brand": null, "phone:aaata": null, "ref:aaata": null, "ref:umich": null, "route_ref:aaata": null, "website:aaata": null, "website:aaata:maps": null, "website:umich:map": null, "website:umich:routes": null, "wheelchair": null, "check_date:shelter": "2022-01-26", "note": null, "passenger_information_display": null, "network:wikipedia": null, "alt_name": null, "local_ref": null, "ref:signed": null, "operator:wikidata": null, "operator:wikipedia": null, "mapillary": null, "route_ref": null, "survey:date": null, "covered": null, "arrival_times:description": null, "phone": null, "surface": null, "website": null, "website:map": null, "wheelchair:description": null, "departures_board": null, "source": null, "source:date": null, "check_date:bench": null, "smoothness": null, "description:arrival_times": null, "check_date": null, "check_date:lit": null, "check_date:tactile_paving": null, "fixme": null, "paving_stones:material": null, "sign": null, "railway": null, "railway:ref": null, "train": null }, "geometry": { "type": "Point", "coordinates": [ -83.7472789, 42.2680999 ] } },
{ "type": "Feature", "properties": { "index": 92, "element": "node", "id": 2874402367, "bench": "no", "bin": "no", "bus": "yes", "description": null, "highway": "bus_stop", "lit": null, "name": "State + Arch", "operator": "AAATA", "public_transport": "platform", "ref": "492", "shelter": "no", "tactile_paving": null, "network": "AAATA", "network:wikidata": "Q4766233", "brand": null, "phone:aaata": null, "ref:aaata": null, "ref:umich": null, "route_ref:aaata": null, "website:aaata": null, "website:aaata:maps": null, "website:umich:map": null, "website:umich:routes": null, "wheelchair": null, "check_date:shelter": null, "note": null, "passenger_information_display": null, "network:wikipedia": "en:Ann Arbor Area Transportation Authority", "alt_name": null, "local_ref": null, "ref:signed": null, "operator:wikidata": null, "operator:wikipedia": null, "mapillary": null, "route_ref": null, "survey:date": null, "covered": null, "arrival_times:description": null, "phone": null, "surface": null, "website": null, "website:map": null, "wheelchair:description": null, "departures_board": null, "source": null, "source:date": null, "check_date:bench": null, "smoothness": null, "description:arrival_times": null, "check_date": null, "check_date:lit": null, "check_date:tactile_paving": null, "fixme": null, "paving_stones:material": null, "sign": null, "railway": null, "railway:ref": null, "train": null }, "geometry": { "type": "Point", "coordinates": [ -83.7406731, 42.2692441 ] } },
{ "type": "Feature", "properties": { "index": 93, "element": "node", "id": 4925292397, "bench": "no", "bin": "no", "bus": "yes", "description": null, "highway": "bus_stop", "lit": null, "name": "State + Arch", "operator": "AAATA", "public_transport": "platform", "ref": "572", "shelter": "no", "tactile_paving": null, "network": "AAATA", "network:wikidata": "Q4766233", "brand": null, "phone:aaata": null, "ref:aaata": null, "ref:umich": null, "route_ref:aaata": null, "website:aaata": null, "website:aaata:maps": null, "website:umich:map": null, "website:umich:routes": null, "wheelchair": null, "check_date:shelter": null, "note": null, "passenger_information_display": null, "network:wikipedia": null, "alt_name": null, "local_ref": null, "ref:signed": null, "operator:wikidata": null, "operator:wikipedia": null, "mapillary": null, "route_ref": null, "survey:date": null, "covered": null, "arrival_times:description": null, "phone": null, "surface": null, "website": null, "website:map": null, "wheelchair:description": null, "departures_board": null, "source": null, "source:date": null, "check_date:bench": null, "smoothness": null, "description:arrival_times": null, "check_date": null, "check_date:lit": null, "check_date:tactile_paving": null, "fixme": null, "paving_stones:material": null, "sign": null, "railway": null, "railway:ref": null, "train": null }, "geometry": { "type": "Point", "coordinates": [ -83.7404703, 42.2692504 ] } },
{ "type": "Feature", "properties": { "index": 94, "element": "node", "id": 6474160585, "bench": "no", "bin": "no", "bus": "yes", "description": null, "highway": "bus_stop", "lit": "no", "name": "Packard + Arch (towards BTC)", "operator": null, "public_transport": "platform", "ref": "1720", "shelter": "no", "tactile_paving": "no", "network": "AAATA", "network:wikidata": "Q4766233", "brand": null, "phone:aaata": null, "ref:aaata": null, "ref:umich": null, "route_ref:aaata": null, "website:aaata": null, "website:aaata:maps": null, "website:umich:map": null, "website:umich:routes": null, "wheelchair": null, "check_date:shelter": null, "note": "Track buses at https://www.theride.org/maps-schedules/track-bus or text \"AAATA 1720\" to 41411", "passenger_information_display": null, "network:wikipedia": "en:Ann Arbor Area Transportation Authority", "alt_name": null, "local_ref": null, "ref:signed": null, "operator:wikidata": null, "operator:wikipedia": null, "mapillary": "872549023297239", "route_ref": "5A;5B", "survey:date": "2018-12-15", "covered": null, "arrival_times:description": null, "phone": null, "surface": null, "website": null, "website:map": null, "wheelchair:description": null, "departures_board": null, "source": null, "source:date": null, "check_date:bench": null, "smoothness": null, "description:arrival_times": null, "check_date": null, "check_date:lit": null, "check_date:tactile_paving": null, "fixme": null, "paving_stones:material": null, "sign": null, "railway": null, "railway:ref": null, "train": null }, "geometry": { "type": "Point", "coordinates": [ -83.7388258, 42.269332 ] } },
{ "type": "Feature", "properties": { "index": 95, "element": "node", "id": 5634014725, "bench": "no", "bin": "yes", "bus": "yes", "description": null, "highway": "bus_stop", "lit": null, "name": "Forsythe Park (towards YTC)", "operator": "Ann Arbor Transportation Authority and University of Michigan", "public_transport": "platform", "ref": "383", "shelter": "no", "tactile_paving": "no", "network": "AAATA", "network:wikidata": "Q4766233", "brand": null, "phone:aaata": null, "ref:aaata": null, "ref:umich": null, "route_ref:aaata": null, "website:aaata": null, "website:aaata:maps": null, "website:umich:map": null, "website:umich:routes": null, "wheelchair": null, "check_date:shelter": null, "note": "Track buses at https://www.theride.org/maps-schedules/track-bus or text \"AAATA 383\" to 41411", "passenger_information_display": null, "network:wikipedia": "en:Ann Arbor Area Transportation Authority", "alt_name": null, "local_ref": null, "ref:signed": null, "operator:wikidata": null, "operator:wikipedia": null, "mapillary": null, "route_ref": null, "survey:date": null, "covered": null, "arrival_times:description": null, "phone": null, "surface": null, "website": null, "website:map": null, "wheelchair:description": null, "departures_board": null, "source": null, "source:date": null, "check_date:bench": null, "smoothness": null, "description:arrival_times": null, "check_date": null, "check_date:lit": null, "check_date:tactile_paving": null, "fixme": null, "paving_stones:material": null, "sign": null, "railway": null, "railway:ref": null, "train": null }, "geometry": { "type": "Point", "coordinates": [ -83.7393298, 42.2696281 ] } },
{ "type": "Feature", "properties": { "index": 96, "element": "node", "id": 4919869984, "bench": "no", "bin": "no", "bus": "yes", "description": null, "highway": "bus_stop", "lit": null, "name": "IM Building", "operator": "University of Michigan", "public_transport": "platform", "ref": "S008", "shelter": "no", "tactile_paving": null, "network": null, "network:wikidata": null, "brand": null, "phone:aaata": null, "ref:aaata": null, "ref:umich": null, "route_ref:aaata": null, "website:aaata": null, "website:aaata:maps": null, "website:umich:map": null, "website:umich:routes": null, "wheelchair": null, "check_date:shelter": null, "note": null, "passenger_information_display": null, "network:wikipedia": null, "alt_name": null, "local_ref": null, "ref:signed": null, "operator:wikidata": null, "operator:wikipedia": null, "mapillary": null, "route_ref": null, "survey:date": null, "covered": null, "arrival_times:description": null, "phone": null, "surface": null, "website": null, "website:map": null, "wheelchair:description": null, "departures_board": null, "source": null, "source:date": null, "check_date:bench": null, "smoothness": null, "description:arrival_times": null, "check_date": null, "check_date:lit": null, "check_date:tactile_paving": null, "fixme": null, "paving_stones:material": null, "sign": null, "railway": null, "railway:ref": null, "train": null }, "geometry": { "type": "Point", "coordinates": [ -83.7421417, 42.2697202 ] } },
{ "type": "Feature", "properties": { "index": 97, "element": "node", "id": 2874406232, "bench": "no", "bin": "no", "bus": "yes", "description": null, "highway": "bus_stop", "lit": "yes", "name": null, "operator": null, "public_transport": "platform", "ref": null, "shelter": "no", "tactile_paving": "no", "network": "AAATA", "network:wikidata": "Q4766233", "brand": null, "phone:aaata": null, "ref:aaata": null, "ref:umich": null, "route_ref:aaata": null, "website:aaata": null, "website:aaata:maps": null, "website:umich:map": null, "website:umich:routes": null, "wheelchair": null, "check_date:shelter": "2021-09-07", "note": null, "passenger_information_display": null, "network:wikipedia": null, "alt_name": null, "local_ref": null, "ref:signed": "no", "operator:wikidata": null, "operator:wikipedia": null, "mapillary": null, "route_ref": null, "survey:date": null, "covered": null, "arrival_times:description": null, "phone": null, "surface": null, "website": null, "website:map": null, "wheelchair:description": null, "departures_board": null, "source": null, "source:date": null, "check_date:bench": null, "smoothness": null, "description:arrival_times": null, "check_date": null, "check_date:lit": null, "check_date:tactile_paving": null, "fixme": null, "paving_stones:material": null, "sign": null, "railway": null, "railway:ref": null, "train": null }, "geometry": { "type": "Point", "coordinates": [ -83.7405543, 42.2712167 ] } },
{ "type": "Feature", "properties": { "index": 98, "element": "node", "id": 4780065256, "bench": "no", "bin": "no", "bus": "yes", "description": null, "highway": "bus_stop", "lit": "no", "name": "Packard + Hill (towards YTC)", "operator": "AAATA and University of Michigan", "public_transport": "platform", "ref": "1798", "shelter": "no", "tactile_paving": "no", "network": "AAATA", "network:wikidata": "Q4766233", "brand": null, "phone:aaata": null, "ref:aaata": null, "ref:umich": null, "route_ref:aaata": null, "website:aaata": null, "website:aaata:maps": null, "website:umich:map": null, "website:umich:routes": null, "wheelchair": null, "check_date:shelter": null, "note": "C216\n\nTrack buses at https://www.theride.org/maps-schedules/track-bus or text \"AAATA 1798\" to 41411", "passenger_information_display": null, "network:wikipedia": "en:Ann Arbor Area Transportation Authority", "alt_name": null, "local_ref": null, "ref:signed": "no", "operator:wikidata": null, "operator:wikipedia": null, "mapillary": null, "route_ref": null, "survey:date": null, "covered": null, "arrival_times:description": null, "phone": null, "surface": null, "website": null, "website:map": null, "wheelchair:description": null, "departures_board": null, "source": null, "source:date": null, "check_date:bench": null, "smoothness": null, "description:arrival_times": null, "check_date": null, "check_date:lit": null, "check_date:tactile_paving": null, "fixme": null, "paving_stones:material": null, "sign": null, "railway": null, "railway:ref": null, "train": null }, "geometry": { "type": "Point", "coordinates": [ -83.7415058, 42.2716253 ] } },
{ "type": "Feature", "properties": { "index": 99, "element": "node", "id": 9566963527, "bench": "no", "bin": "no", "bus": "yes", "description": null, "highway": "bus_stop", "lit": "yes", "name": "Packard + Hill (towards BTC)", "operator": null, "public_transport": "platform", "ref": "1799", "shelter": "no", "tactile_paving": "no", "network": "AAATA", "network:wikidata": "Q4766233", "brand": null, "phone:aaata": null, "ref:aaata": null, "ref:umich": null, "route_ref:aaata": null, "website:aaata": null, "website:aaata:maps": null, "website:umich:map": null, "website:umich:routes": null, "wheelchair": null, "check_date:shelter": null, "note": "Track buses at https://www.theride.org/maps-schedules/track-bus or text \"AAATA 1799\" to 41411", "passenger_information_display": null, "network:wikipedia": "en:Ann Arbor Area Transportation Authority", "alt_name": null, "local_ref": null, "ref:signed": null, "operator:wikidata": null, "operator:wikipedia": null, "mapillary": null, "route_ref": null, "survey:date": null, "covered": null, "arrival_times:description": null, "phone": null, "surface": null, "website": null, "website:map": null, "wheelchair:description": null, "departures_board": null, "source": null, "source:date": null, "check_date:bench": null, "smoothness": null, "description:arrival_times": null, "check_date": null, "check_date:lit": null, "check_date:tactile_paving": null, "fixme": null, "paving_stones:material": null, "sign": null, "railway": null, "railway:ref": null, "train": null }, "geometry": { "type": "Point", "coordinates": [ -83.7417721, 42.2720654 ] } },
{ "type": "Feature", "properties": { "index": 100, "element": "node", "id": 3509099191, "bench": "yes", "bin": "yes", "bus": "yes", "description": "This bus stop is served by routes 6 and 67.", "highway": "bus_stop", "lit": "yes", "name": "Briarwood Mall", "operator": "Ann Arbor Area Transportation Authority", "public_transport": "platform", "ref": "1944", "shelter": "yes", "tactile_paving": null, "network": "AAATA", "network:wikidata": "Q4766233", "brand": "The Ride", "phone:aaata": null, "ref:aaata": "1944", "ref:umich": null, "route_ref:aaata": "6; 67", "website:aaata": null, "website:aaata:maps": null, "website:umich:map": null, "website:umich:routes": null, "wheelchair": null, "check_date:shelter": null, "note": null, "passenger_information_display": null, "network:wikipedia": null, "alt_name": "AAATA 1944", "local_ref": null, "ref:signed": null, "operator:wikidata": null, "operator:wikipedia": null, "mapillary": null, "route_ref": "6; 67", "survey:date": "2026-03-15", "covered": "no", "arrival_times:description": null, "phone": "+1-734-996-0400", "surface": "concrete", "website": "https://www.theride.org", "website:map": "https://www.theride.org/maps-schedules/track-bus", "wheelchair:description": null, "departures_board": null, "source": null, "source:date": null, "check_date:bench": null, "smoothness": null, "description:arrival_times": "Send text to 41411 with: AAATA 1944 for arrival times at this stop.", "check_date": null, "check_date:lit": null, "check_date:tactile_paving": null, "fixme": null, "paving_stones:material": null, "sign": null, "railway": null, "railway:ref": null, "train": null }, "geometry": { "type": "Point", "coordinates": [ -83.7486801, 42.2399663 ] } },
{ "type": "Feature", "properties": { "index": 101, "element": "node", "id": 3509099192, "bench": "no", "bin": "no", "bus": "yes", "description": "This bus stop is served by route 6. Send text to 41411 with: AAATA 1614 for arrival times at this stop.", "highway": "bus_stop", "lit": "yes", "name": "AAATA 1614", "operator": "Ann Arbor Area Transportation Authority", "public_transport": "platform", "ref": "1614", "shelter": "no", "tactile_paving": null, "network": "AAATA", "network:wikidata": "Q4766233", "brand": "The Ride", "phone:aaata": null, "ref:aaata": "1614", "ref:umich": null, "route_ref:aaata": "6", "website:aaata": null, "website:aaata:maps": null, "website:umich:map": null, "website:umich:routes": null, "wheelchair": null, "check_date:shelter": null, "note": null, "passenger_information_display": null, "network:wikipedia": null, "alt_name": null, "local_ref": null, "ref:signed": null, "operator:wikidata": null, "operator:wikipedia": null, "mapillary": null, "route_ref": "6", "survey:date": null, "covered": "no", "arrival_times:description": null, "phone": "+1-734-996-0400", "surface": "concrete", "website": "https://www.theride.org", "website:map": "https://www.theride.org/maps-schedules/track-bus", "wheelchair:description": "The concrete sidewalk surface has sunk below the curb level, but there is a smoother surface at the close-by pedestrian crossing.", "departures_board": null, "source": null, "source:date": null, "check_date:bench": null, "smoothness": "intermediate", "description:arrival_times": null, "check_date": null, "check_date:lit": null, "check_date:tactile_paving": null, "fixme": null, "paving_stones:material": null, "sign": null, "railway": null, "railway:ref": null, "train": null }, "geometry": { "type": "Point", "coordinates": [ -83.7476914, 42.2426783 ] } },
{ "type": "Feature", "properties": { "index": 102, "element": "node", "id": 3509099190, "bench": "no", "bin": "no", "bus": "yes", "description": "This bus stop is served by route 6. Send text to 41411 with: AAATA 1608 for arrival times at this stop.", "highway": "bus_stop", "lit": "yes", "name": "AAATA 1608", "operator": "Ann Arbor Area Transportation Authority", "public_transport": "platform", "ref": "1608", "shelter": "no", "tactile_paving": null, "network": "AAATA", "network:wikidata": "Q4766233", "brand": "The Ride", "phone:aaata": null, "ref:aaata": "1608", "ref:umich": null, "route_ref:aaata": "6", "website:aaata": null, "website:aaata:maps": null, "website:umich:map": null, "website:umich:routes": null, "wheelchair": null, "check_date:shelter": null, "note": null, "passenger_information_display": null, "network:wikipedia": null, "alt_name": null, "local_ref": null, "ref:signed": null, "operator:wikidata": null, "operator:wikipedia": null, "mapillary": null, "route_ref": "6", "survey:date": null, "covered": "no", "arrival_times:description": null, "phone": "+1-734-996-0400", "surface": "concrete", "website": "https://www.theride.org", "website:map": "https://www.theride.org/maps-schedules/track-bus", "wheelchair:description": "The concrete sidewalk surface has sunk below the curb level, toward the roadway, accululating a layer of debris.", "departures_board": null, "source": null, "source:date": null, "check_date:bench": null, "smoothness": "intermediate", "description:arrival_times": null, "check_date": null, "check_date:lit": null, "check_date:tactile_paving": null, "fixme": null, "paving_stones:material": null, "sign": null, "railway": null, "railway:ref": null, "train": null }, "geometry": { "type": "Point", "coordinates": [ -83.7477431, 42.2428593 ] } },
{ "type": "Feature", "properties": { "index": 103, "element": "node", "id": 4763445628, "bench": null, "bin": null, "bus": "yes", "description": null, "highway": "bus_stop", "lit": null, "name": "S - Eisenhower Pkw east of Waymarket", "operator": null, "public_transport": "platform", "ref": null, "shelter": null, "tactile_paving": null, "network": "AAATA", "network:wikidata": "Q4766233", "brand": null, "phone:aaata": null, "ref:aaata": null, "ref:umich": null, "route_ref:aaata": null, "website:aaata": null, "website:aaata:maps": null, "website:umich:map": null, "website:umich:routes": null, "wheelchair": null, "check_date:shelter": null, "note": null, "passenger_information_display": null, "network:wikipedia": null, "alt_name": null, "local_ref": null, "ref:signed": null, "operator:wikidata": null, "operator:wikipedia": null, "mapillary": null, "route_ref": null, "survey:date": null, "covered": null, "arrival_times:description": null, "phone": null, "surface": null, "website": null, "website:map": null, "wheelchair:description": null, "departures_board": null, "source": null, "source:date": null, "check_date:bench": null, "smoothness": null, "description:arrival_times": null, "check_date": null, "check_date:lit": null, "check_date:tactile_paving": null, "fixme": null, "paving_stones:material": null, "sign": null, "railway": null, "railway:ref": null, "train": null }, "geometry": { "type": "Point", "coordinates": [ -83.7564661, 42.2445984 ] } },
{ "type": "Feature", "properties": { "index": 104, "element": "node", "id": 4763445651, "bench": null, "bin": null, "bus": "yes", "description": null, "highway": "bus_stop", "lit": null, "name": "N - Eisenhower west of Nortbrook", "operator": null, "public_transport": "platform", "ref": null, "shelter": null, "tactile_paving": null, "network": "AAATA", "network:wikidata": "Q4766233", "brand": null, "phone:aaata": null, "ref:aaata": null, "ref:umich": null, "route_ref:aaata": null, "website:aaata": null, "website:aaata:maps": null, "website:umich:map": null, "website:umich:routes": null, "wheelchair": null, "check_date:shelter": null, "note": null, "passenger_information_display": null, "network:wikipedia": null, "alt_name": null, "local_ref": null, "ref:signed": null, "operator:wikidata": null, "operator:wikipedia": null, "mapillary": null, "route_ref": null, "survey:date": null, "covered": null, "arrival_times:description": null, "phone": null, "surface": null, "website": null, "website:map": null, "wheelchair:description": null, "departures_board": null, "source": null, "source:date": null, "check_date:bench": null, "smoothness": null, "description:arrival_times": null, "check_date": null, "check_date:lit": null, "check_date:tactile_paving": null, "fixme": null, "paving_stones:material": null, "sign": null, "railway": null, "railway:ref": null, "train": null }, "geometry": { "type": "Point", "coordinates": [ -83.7570441, 42.2454063 ] } },
{ "type": "Feature", "properties": { "index": 105, "element": "node", "id": 4763445629, "bench": null, "bin": null, "bus": "yes", "description": null, "highway": "bus_stop", "lit": null, "name": "E - Northbrook north of Eisenhower", "operator": null, "public_transport": "platform", "ref": null, "shelter": null, "tactile_paving": null, "network": "AAATA", "network:wikidata": "Q4766233", "brand": null, "phone:aaata": null, "ref:aaata": null, "ref:umich": null, "route_ref:aaata": null, "website:aaata": null, "website:aaata:maps": null, "website:umich:map": null, "website:umich:routes": null, "wheelchair": null, "check_date:shelter": null, "note": null, "passenger_information_display": null, "network:wikipedia": null, "alt_name": null, "local_ref": null, "ref:signed": null, "operator:wikidata": null, "operator:wikipedia": null, "mapillary": null, "route_ref": null, "survey:date": null, "covered": null, "arrival_times:description": null, "phone": null, "surface": null, "website": null, "website:map": null, "wheelchair:description": null, "departures_board": null, "source": null, "source:date": null, "check_date:bench": null, "smoothness": null, "description:arrival_times": null, "check_date": null, "check_date:lit": null, "check_date:tactile_paving": null, "fixme": null, "paving_stones:material": null, "sign": null, "railway": null, "railway:ref": null, "train": null }, "geometry": { "type": "Point", "coordinates": [ -83.7561103, 42.2454476 ] } },
{ "type": "Feature", "properties": { "index": 106, "element": "node", "id": 4401673957, "bench": null, "bin": null, "bus": "yes", "description": null, "highway": "bus_stop", "lit": null, "name": null, "operator": null, "public_transport": "platform", "ref": null, "shelter": "yes", "tactile_paving": null, "network": "AAATA", "network:wikidata": "Q4766233", "brand": null, "phone:aaata": null, "ref:aaata": null, "ref:umich": null, "route_ref:aaata": null, "website:aaata": null, "website:aaata:maps": null, "website:umich:map": null, "website:umich:routes": null, "wheelchair": null, "check_date:shelter": null, "note": null, "passenger_information_display": null, "network:wikipedia": null, "alt_name": null, "local_ref": null, "ref:signed": null, "operator:wikidata": null, "operator:wikipedia": null, "mapillary": null, "route_ref": null, "survey:date": null, "covered": null, "arrival_times:description": null, "phone": null, "surface": null, "website": null, "website:map": null, "wheelchair:description": null, "departures_board": null, "source": null, "source:date": null, "check_date:bench": null, "smoothness": null, "description:arrival_times": null, "check_date": null, "check_date:lit": null, "check_date:tactile_paving": null, "fixme": null, "paving_stones:material": null, "sign": null, "railway": null, "railway:ref": null, "train": null }, "geometry": { "type": "Point", "coordinates": [ -83.7540283, 42.2458099 ] } },
{ "type": "Feature", "properties": { "index": 107, "element": "node", "id": 4763445650, "bench": null, "bin": null, "bus": "yes", "description": null, "highway": "bus_stop", "lit": null, "name": "W - Northbrook south of Oakbrook", "operator": null, "public_transport": "platform", "ref": null, "shelter": null, "tactile_paving": null, "network": "AAATA", "network:wikidata": "Q4766233", "brand": null, "phone:aaata": null, "ref:aaata": null, "ref:umich": null, "route_ref:aaata": null, "website:aaata": null, "website:aaata:maps": null, "website:umich:map": null, "website:umich:routes": null, "wheelchair": null, "check_date:shelter": null, "note": null, "passenger_information_display": null, "network:wikipedia": null, "alt_name": null, "local_ref": null, "ref:signed": null, "operator:wikidata": null, "operator:wikipedia": null, "mapillary": null, "route_ref": null, "survey:date": null, "covered": null, "arrival_times:description": null, "phone": null, "surface": null, "website": null, "website:map": null, "wheelchair:description": null, "departures_board": null, "source": null, "source:date": null, "check_date:bench": null, "smoothness": null, "description:arrival_times": null, "check_date": null, "check_date:lit": null, "check_date:tactile_paving": null, "fixme": null, "paving_stones:material": null, "sign": null, "railway": null, "railway:ref": null, "train": null }, "geometry": { "type": "Point", "coordinates": [ -83.7557067, 42.2460235 ] } },
{ "type": "Feature", "properties": { "index": 108, "element": "node", "id": 4448577321, "bench": "no", "bin": null, "bus": "yes", "description": null, "highway": "bus_stop", "lit": null, "name": "#24", "operator": "Ann Arbor Area Transit Authority", "public_transport": "platform", "ref": null, "shelter": "no", "tactile_paving": null, "network": "AAATA", "network:wikidata": "Q4766233", "brand": null, "phone:aaata": null, "ref:aaata": null, "ref:umich": null, "route_ref:aaata": null, "website:aaata": null, "website:aaata:maps": null, "website:umich:map": null, "website:umich:routes": null, "wheelchair": null, "check_date:shelter": null, "note": null, "passenger_information_display": null, "network:wikipedia": null, "alt_name": null, "local_ref": null, "ref:signed": null, "operator:wikidata": null, "operator:wikipedia": null, "mapillary": null, "route_ref": null, "survey:date": null, "covered": null, "arrival_times:description": null, "phone": null, "surface": null, "website": null, "website:map": null, "wheelchair:description": null, "departures_board": null, "source": "GPS", "source:date": "2016-10-14", "check_date:bench": null, "smoothness": null, "description:arrival_times": null, "check_date": null, "check_date:lit": null, "check_date:tactile_paving": null, "fixme": null, "paving_stones:material": null, "sign": null, "railway": null, "railway:ref": null, "train": null }, "geometry": { "type": "Point", "coordinates": [ -83.7498359, 42.2463518 ] } },
{ "type": "Feature", "properties": { "index": 109, "element": "node", "id": 4763445630, "bench": null, "bin": null, "bus": "yes", "description": null, "highway": "bus_stop", "lit": null, "name": "N - Oakbrook west of Northbrook", "operator": null, "public_transport": "platform", "ref": null, "shelter": null, "tactile_paving": null, "network": "AAATA", "network:wikidata": "Q4766233", "brand": null, "phone:aaata": null, "ref:aaata": null, "ref:umich": null, "route_ref:aaata": null, "website:aaata": null, "website:aaata:maps": null, "website:umich:map": null, "website:umich:routes": null, "wheelchair": null, "check_date:shelter": null, "note": null, "passenger_information_display": null, "network:wikipedia": null, "alt_name": null, "local_ref": null, "ref:signed": null, "operator:wikidata": null, "operator:wikipedia": null, "mapillary": null, "route_ref": null, "survey:date": null, "covered": null, "arrival_times:description": null, "phone": null, "surface": null, "website": null, "website:map": null, "wheelchair:description": null, "departures_board": null, "source": null, "source:date": null, "check_date:bench": null, "smoothness": null, "description:arrival_times": null, "check_date": null, "check_date:lit": null, "check_date:tactile_paving": null, "fixme": null, "paving_stones:material": null, "sign": null, "railway": null, "railway:ref": null, "train": null }, "geometry": { "type": "Point", "coordinates": [ -83.7555323, 42.2466521 ] } },
{ "type": "Feature", "properties": { "index": 110, "element": "node", "id": 4763445649, "bench": null, "bin": null, "bus": "yes", "description": null, "highway": "bus_stop", "lit": null, "name": "S - Oakbrook west of Northbrook", "operator": null, "public_transport": "platform", "ref": null, "shelter": null, "tactile_paving": null, "network": "AAATA", "network:wikidata": "Q4766233", "brand": null, "phone:aaata": null, "ref:aaata": null, "ref:umich": null, "route_ref:aaata": null, "website:aaata": null, "website:aaata:maps": null, "website:umich:map": null, "website:umich:routes": null, "wheelchair": null, "check_date:shelter": null, "note": null, "passenger_information_display": null, "network:wikipedia": null, "alt_name": null, "local_ref": null, "ref:signed": null, "operator:wikidata": null, "operator:wikipedia": null, "mapillary": null, "route_ref": null, "survey:date": null, "covered": null, "arrival_times:description": null, "phone": null, "surface": null, "website": null, "website:map": null, "wheelchair:description": null, "departures_board": null, "source": null, "source:date": null, "check_date:bench": null, "smoothness": null, "description:arrival_times": null, "check_date": null, "check_date:lit": null, "check_date:tactile_paving": null, "fixme": null, "paving_stones:material": null, "sign": null, "railway": null, "railway:ref": null, "train": null }, "geometry": { "type": "Point", "coordinates": [ -83.755934, 42.2467707 ] } },
{ "type": "Feature", "properties": { "index": 111, "element": "node", "id": 4448577322, "bench": "no", "bin": null, "bus": "yes", "description": null, "highway": "bus_stop", "lit": null, "name": "#24", "operator": "Ann Arbor Area Transit Authority", "public_transport": "platform", "ref": null, "shelter": "no", "tactile_paving": null, "network": "AAATA", "network:wikidata": "Q4766233", "brand": null, "phone:aaata": null, "ref:aaata": null, "ref:umich": null, "route_ref:aaata": null, "website:aaata": null, "website:aaata:maps": null, "website:umich:map": null, "website:umich:routes": null, "wheelchair": null, "check_date:shelter": null, "note": null, "passenger_information_display": null, "network:wikipedia": null, "alt_name": null, "local_ref": null, "ref:signed": null, "operator:wikidata": null, "operator:wikipedia": null, "mapillary": null, "route_ref": null, "survey:date": null, "covered": null, "arrival_times:description": null, "phone": null, "surface": null, "website": null, "website:map": null, "wheelchair:description": null, "departures_board": null, "source": "GPS", "source:date": "2016-10-14", "check_date:bench": null, "smoothness": null, "description:arrival_times": null, "check_date": null, "check_date:lit": null, "check_date:tactile_paving": null, "fixme": null, "paving_stones:material": null, "sign": null, "railway": null, "railway:ref": null, "train": null }, "geometry": { "type": "Point", "coordinates": [ -83.7494952, 42.2476334 ] } },
{ "type": "Feature", "properties": { "index": 112, "element": "node", "id": 4448577323, "bench": "no", "bin": null, "bus": "yes", "description": null, "highway": "bus_stop", "lit": null, "name": "#24", "operator": "Ann Arbor Area Transit Authority", "public_transport": "platform", "ref": null, "shelter": "no", "tactile_paving": null, "network": "AAATA", "network:wikidata": "Q4766233", "brand": null, "phone:aaata": null, "ref:aaata": null, "ref:umich": null, "route_ref:aaata": null, "website:aaata": null, "website:aaata:maps": null, "website:umich:map": null, "website:umich:routes": null, "wheelchair": null, "check_date:shelter": null, "note": null, "passenger_information_display": null, "network:wikipedia": null, "alt_name": null, "local_ref": null, "ref:signed": null, "operator:wikidata": null, "operator:wikipedia": null, "mapillary": null, "route_ref": null, "survey:date": null, "covered": null, "arrival_times:description": null, "phone": null, "surface": null, "website": null, "website:map": null, "wheelchair:description": null, "departures_board": null, "source": "GPS", "source:date": "2016-10-14", "check_date:bench": null, "smoothness": null, "description:arrival_times": null, "check_date": null, "check_date:lit": null, "check_date:tactile_paving": null, "fixme": null, "paving_stones:material": null, "sign": null, "railway": null, "railway:ref": null, "train": null }, "geometry": { "type": "Point", "coordinates": [ -83.7492874, 42.2478588 ] } },
{ "type": "Feature", "properties": { "index": 113, "element": "node", "id": 4763445631, "bench": null, "bin": null, "bus": "yes", "description": null, "highway": "bus_stop", "lit": null, "name": "E- Oakbrook S of Rolling Meadows", "operator": null, "public_transport": "platform", "ref": null, "shelter": null, "tactile_paving": null, "network": "AAATA", "network:wikidata": "Q4766233", "brand": null, "phone:aaata": null, "ref:aaata": null, "ref:umich": null, "route_ref:aaata": null, "website:aaata": null, "website:aaata:maps": null, "website:umich:map": null, "website:umich:routes": null, "wheelchair": null, "check_date:shelter": null, "note": null, "passenger_information_display": null, "network:wikipedia": null, "alt_name": null, "local_ref": null, "ref:signed": null, "operator:wikidata": null, "operator:wikipedia": null, "mapillary": null, "route_ref": null, "survey:date": null, "covered": null, "arrival_times:description": null, "phone": null, "surface": null, "website": null, "website:map": null, "wheelchair:description": null, "departures_board": null, "source": null, "source:date": null, "check_date:bench": null, "smoothness": null, "description:arrival_times": null, "check_date": null, "check_date:lit": null, "check_date:tactile_paving": null, "fixme": null, "paving_stones:material": null, "sign": null, "railway": null, "railway:ref": null, "train": null }, "geometry": { "type": "Point", "coordinates": [ -83.7567057, 42.2485872 ] } },
{ "type": "Feature", "properties": { "index": 114, "element": "node", "id": 4763445648, "bench": null, "bin": null, "bus": "yes", "description": null, "highway": "bus_stop", "lit": null, "name": "W- Oakbrook S of Rolling Meadows", "operator": null, "public_transport": "platform", "ref": null, "shelter": null, "tactile_paving": null, "network": "AAATA", "network:wikidata": "Q4766233", "brand": null, "phone:aaata": null, "ref:aaata": null, "ref:umich": null, "route_ref:aaata": null, "website:aaata": null, "website:aaata:maps": null, "website:umich:map": null, "website:umich:routes": null, "wheelchair": null, "check_date:shelter": null, "note": null, "passenger_information_display": null, "network:wikipedia": null, "alt_name": null, "local_ref": null, "ref:signed": null, "operator:wikidata": null, "operator:wikipedia": null, "mapillary": null, "route_ref": null, "survey:date": null, "covered": null, "arrival_times:description": null, "phone": null, "surface": null, "website": null, "website:map": null, "wheelchair:description": null, "departures_board": null, "source": null, "source:date": null, "check_date:bench": null, "smoothness": null, "description:arrival_times": null, "check_date": null, "check_date:lit": null, "check_date:tactile_paving": null, "fixme": null, "paving_stones:material": null, "sign": null, "railway": null, "railway:ref": null, "train": null }, "geometry": { "type": "Point", "coordinates": [ -83.756854, 42.2486043 ] } },
{ "type": "Feature", "properties": { "index": 115, "element": "node", "id": 4448577324, "bench": "no", "bin": null, "bus": "yes", "description": null, "highway": "bus_stop", "lit": null, "name": "#24", "operator": "Ann Arbor Area Transit Authority", "public_transport": "platform", "ref": null, "shelter": "no", "tactile_paving": null, "network": "AAATA", "network:wikidata": "Q4766233", "brand": null, "phone:aaata": null, "ref:aaata": null, "ref:umich": null, "route_ref:aaata": null, "website:aaata": null, "website:aaata:maps": null, "website:umich:map": null, "website:umich:routes": null, "wheelchair": null, "check_date:shelter": null, "note": null, "passenger_information_display": null, "network:wikipedia": null, "alt_name": null, "local_ref": null, "ref:signed": null, "operator:wikidata": null, "operator:wikipedia": null, "mapillary": null, "route_ref": null, "survey:date": null, "covered": null, "arrival_times:description": null, "phone": null, "surface": null, "website": null, "website:map": null, "wheelchair:description": null, "departures_board": null, "source": "GPS", "source:date": "2016-10-14", "check_date:bench": null, "smoothness": null, "description:arrival_times": null, "check_date": null, "check_date:lit": null, "check_date:tactile_paving": null, "fixme": null, "paving_stones:material": null, "sign": null, "railway": null, "railway:ref": null, "train": null }, "geometry": { "type": "Point", "coordinates": [ -83.7495475, 42.2495305 ] } },
{ "type": "Feature", "properties": { "index": 116, "element": "node", "id": 4448577325, "bench": "no", "bin": null, "bus": "yes", "description": null, "highway": "bus_stop", "lit": null, "name": "#24", "operator": "Ann Arbor Area Transit Authority", "public_transport": "platform", "ref": null, "shelter": "no", "tactile_paving": null, "network": "AAATA", "network:wikidata": "Q4766233", "brand": null, "phone:aaata": null, "ref:aaata": null, "ref:umich": null, "route_ref:aaata": null, "website:aaata": null, "website:aaata:maps": null, "website:umich:map": null, "website:umich:routes": null, "wheelchair": null, "check_date:shelter": null, "note": null, "passenger_information_display": null, "network:wikipedia": null, "alt_name": null, "local_ref": null, "ref:signed": null, "operator:wikidata": null, "operator:wikipedia": null, "mapillary": null, "route_ref": null, "survey:date": null, "covered": null, "arrival_times:description": null, "phone": null, "surface": null, "website": null, "website:map": null, "wheelchair:description": null, "departures_board": null, "source": "GPS", "source:date": "2016-10-14", "check_date:bench": null, "smoothness": null, "description:arrival_times": null, "check_date": null, "check_date:lit": null, "check_date:tactile_paving": null, "fixme": null, "paving_stones:material": null, "sign": null, "railway": null, "railway:ref": null, "train": null }, "geometry": { "type": "Point", "coordinates": [ -83.7493249, 42.2503852 ] } },
{ "type": "Feature", "properties": { "index": 117, "element": "node", "id": 4448577326, "bench": "no", "bin": "no", "bus": "yes", "description": null, "highway": "bus_stop", "lit": null, "name": "#24", "operator": "Ann Arbor Area Transit Authority", "public_transport": "platform", "ref": null, "shelter": "no", "tactile_paving": null, "network": "AAATA", "network:wikidata": "Q4766233", "brand": null, "phone:aaata": null, "ref:aaata": null, "ref:umich": null, "route_ref:aaata": null, "website:aaata": null, "website:aaata:maps": null, "website:umich:map": null, "website:umich:routes": null, "wheelchair": null, "check_date:shelter": null, "note": null, "passenger_information_display": null, "network:wikipedia": null, "alt_name": null, "local_ref": null, "ref:signed": null, "operator:wikidata": null, "operator:wikipedia": null, "mapillary": null, "route_ref": null, "survey:date": null, "covered": null, "arrival_times:description": null, "phone": null, "surface": null, "website": null, "website:map": null, "wheelchair:description": null, "departures_board": null, "source": "GPS", "source:date": "2016-10-14", "check_date:bench": null, "smoothness": null, "description:arrival_times": null, "check_date": null, "check_date:lit": null, "check_date:tactile_paving": null, "fixme": null, "paving_stones:material": null, "sign": null, "railway": null, "railway:ref": null, "train": null }, "geometry": { "type": "Point", "coordinates": [ -83.7496521, 42.2514107 ] } },
{ "type": "Feature", "properties": { "index": 118, "element": "node", "id": 3196358058, "bench": null, "bin": null, "bus": "yes", "description": null, "highway": "bus_stop", "lit": null, "name": null, "operator": null, "public_transport": "platform", "ref": null, "shelter": null, "tactile_paving": null, "network": "AAATA", "network:wikidata": "Q4766233", "brand": null, "phone:aaata": null, "ref:aaata": null, "ref:umich": null, "route_ref:aaata": null, "website:aaata": null, "website:aaata:maps": null, "website:umich:map": null, "website:umich:routes": null, "wheelchair": null, "check_date:shelter": null, "note": null, "passenger_information_display": null, "network:wikipedia": null, "alt_name": null, "local_ref": null, "ref:signed": null, "operator:wikidata": null, "operator:wikipedia": null, "mapillary": null, "route_ref": null, "survey:date": null, "covered": null, "arrival_times:description": null, "phone": null, "surface": null, "website": null, "website:map": null, "wheelchair:description": null, "departures_board": null, "source": null, "source:date": null, "check_date:bench": null, "smoothness": null, "description:arrival_times": null, "check_date": null, "check_date:lit": null, "check_date:tactile_paving": null, "fixme": null, "paving_stones:material": null, "sign": null, "railway": null, "railway:ref": null, "train": null }, "geometry": { "type": "Point", "coordinates": [ -83.7562617, 42.2514287 ] } },
{ "type": "Feature", "properties": { "index": 119, "element": "node", "id": 4448577327, "bench": "no", "bin": "no", "bus": "yes", "description": null, "highway": "bus_stop", "lit": null, "name": "#24", "operator": "Ann Arbor Area Transit Authority", "public_transport": "platform", "ref": null, "shelter": "no", "tactile_paving": null, "network": "AAATA", "network:wikidata": "Q4766233", "brand": null, "phone:aaata": null, "ref:aaata": null, "ref:umich": null, "route_ref:aaata": null, "website:aaata": null, "website:aaata:maps": null, "website:umich:map": null, "website:umich:routes": null, "wheelchair": null, "check_date:shelter": null, "note": null, "passenger_information_display": null, "network:wikipedia": null, "alt_name": null, "local_ref": null, "ref:signed": null, "operator:wikidata": null, "operator:wikipedia": null, "mapillary": null, "route_ref": null, "survey:date": null, "covered": null, "arrival_times:description": null, "phone": null, "surface": null, "website": null, "website:map": null, "wheelchair:description": null, "departures_board": null, "source": "GPS", "source:date": "2016-10-14", "check_date:bench": null, "smoothness": null, "description:arrival_times": null, "check_date": null, "check_date:lit": null, "check_date:tactile_paving": null, "fixme": null, "paving_stones:material": null, "sign": null, "railway": null, "railway:ref": null, "train": null }, "geometry": { "type": "Point", "coordinates": [ -83.7495824, 42.2522307 ] } },
{ "type": "Feature", "properties": { "index": 120, "element": "node", "id": 4763445627, "bench": null, "bin": null, "bus": "yes", "description": null, "highway": "bus_stop", "lit": null, "name": "S - Eisenhower east Eisenhower Cir", "operator": null, "public_transport": "platform", "ref": null, "shelter": null, "tactile_paving": null, "network": "AAATA", "network:wikidata": "Q4766233", "brand": null, "phone:aaata": null, "ref:aaata": null, "ref:umich": null, "route_ref:aaata": null, "website:aaata": null, "website:aaata:maps": null, "website:umich:map": null, "website:umich:routes": null, "wheelchair": null, "check_date:shelter": null, "note": null, "passenger_information_display": null, "network:wikipedia": null, "alt_name": null, "local_ref": null, "ref:signed": null, "operator:wikidata": null, "operator:wikipedia": null, "mapillary": null, "route_ref": null, "survey:date": null, "covered": null, "arrival_times:description": null, "phone": null, "surface": null, "website": null, "website:map": null, "wheelchair:description": null, "departures_board": null, "source": null, "source:date": null, "check_date:bench": null, "smoothness": null, "description:arrival_times": null, "check_date": null, "check_date:lit": null, "check_date:tactile_paving": null, "fixme": null, "paving_stones:material": null, "sign": null, "railway": null, "railway:ref": null, "train": null }, "geometry": { "type": "Point", "coordinates": [ -83.7588838, 42.2462415 ] } },
{ "type": "Feature", "properties": { "index": 121, "element": "node", "id": 4763445652, "bench": null, "bin": null, "bus": "yes", "description": null, "highway": "bus_stop", "lit": null, "name": "N - Eisenhower Pkwy opposite Eisenhower Cr", "operator": null, "public_transport": "platform", "ref": null, "shelter": null, "tactile_paving": null, "network": "AAATA", "network:wikidata": "Q4766233", "brand": null, "phone:aaata": null, "ref:aaata": null, "ref:umich": null, "route_ref:aaata": null, "website:aaata": null, "website:aaata:maps": null, "website:umich:map": null, "website:umich:routes": null, "wheelchair": null, "check_date:shelter": null, "note": null, "passenger_information_display": null, "network:wikipedia": null, "alt_name": null, "local_ref": null, "ref:signed": null, "operator:wikidata": null, "operator:wikipedia": null, "mapillary": null, "route_ref": null, "survey:date": null, "covered": null, "arrival_times:description": null, "phone": null, "surface": null, "website": null, "website:map": null, "wheelchair:description": null, "departures_board": null, "source": null, "source:date": null, "check_date:bench": null, "smoothness": null, "description:arrival_times": null, "check_date": null, "check_date:lit": null, "check_date:tactile_paving": null, "fixme": null, "paving_stones:material": null, "sign": null, "railway": null, "railway:ref": null, "train": null }, "geometry": { "type": "Point", "coordinates": [ -83.7583812, 42.2463097 ] } },
{ "type": "Feature", "properties": { "index": 122, "element": "node", "id": 4763445653, "bench": null, "bin": null, "bus": "yes", "description": null, "highway": "bus_stop", "lit": null, "name": "W - Ann Arbor - Saline south of Brookfield", "operator": null, "public_transport": "platform", "ref": null, "shelter": null, "tactile_paving": null, "network": "AAATA", "network:wikidata": "Q4766233", "brand": null, "phone:aaata": null, "ref:aaata": null, "ref:umich": null, "route_ref:aaata": null, "website:aaata": null, "website:aaata:maps": null, "website:umich:map": null, "website:umich:routes": null, "wheelchair": null, "check_date:shelter": null, "note": null, "passenger_information_display": null, "network:wikipedia": null, "alt_name": null, "local_ref": null, "ref:signed": null, "operator:wikidata": null, "operator:wikipedia": null, "mapillary": null, "route_ref": null, "survey:date": null, "covered": null, "arrival_times:description": null, "phone": null, "surface": null, "website": null, "website:map": null, "wheelchair:description": null, "departures_board": null, "source": null, "source:date": null, "check_date:bench": null, "smoothness": null, "description:arrival_times": null, "check_date": null, "check_date:lit": null, "check_date:tactile_paving": null, "fixme": null, "paving_stones:material": null, "sign": null, "railway": null, "railway:ref": null, "train": null }, "geometry": { "type": "Point", "coordinates": [ -83.7610466, 42.2476455 ] } },
{ "type": "Feature", "properties": { "index": 123, "element": "node", "id": 5800073632, "bench": "no", "bin": null, "bus": "yes", "description": null, "highway": "bus_stop", "lit": "no", "name": "Scio Church + Covington", "operator": "AAATA", "public_transport": "platform", "ref": "2046", "shelter": "no", "tactile_paving": null, "network": "AAATA", "network:wikidata": "Q4766233", "brand": null, "phone:aaata": null, "ref:aaata": null, "ref:umich": null, "route_ref:aaata": null, "website:aaata": null, "website:aaata:maps": null, "website:umich:map": null, "website:umich:routes": null, "wheelchair": null, "check_date:shelter": null, "note": null, "passenger_information_display": "no", "network:wikipedia": null, "alt_name": null, "local_ref": null, "ref:signed": null, "operator:wikidata": null, "operator:wikipedia": null, "mapillary": null, "route_ref": null, "survey:date": null, "covered": null, "arrival_times:description": null, "phone": null, "surface": null, "website": null, "website:map": null, "wheelchair:description": null, "departures_board": null, "source": null, "source:date": null, "check_date:bench": null, "smoothness": null, "description:arrival_times": null, "check_date": null, "check_date:lit": null, "check_date:tactile_paving": null, "fixme": null, "paving_stones:material": null, "sign": null, "railway": null, "railway:ref": null, "train": null }, "geometry": { "type": "Point", "coordinates": [ -83.7727174, 42.2563397 ] } },
{ "type": "Feature", "properties": { "index": 124, "element": "node", "id": 5800073633, "bench": "no", "bin": null, "bus": "yes", "description": null, "highway": "bus_stop", "lit": "no", "name": "Scio Church + Winstead", "operator": "AAATA", "public_transport": "platform", "ref": "2047", "shelter": "no", "tactile_paving": null, "network": "AAATA", "network:wikidata": "Q4766233", "brand": null, "phone:aaata": null, "ref:aaata": null, "ref:umich": null, "route_ref:aaata": null, "website:aaata": null, "website:aaata:maps": null, "website:umich:map": null, "website:umich:routes": null, "wheelchair": null, "check_date:shelter": null, "note": null, "passenger_information_display": "no", "network:wikipedia": null, "alt_name": null, "local_ref": null, "ref:signed": null, "operator:wikidata": null, "operator:wikipedia": null, "mapillary": null, "route_ref": null, "survey:date": null, "covered": null, "arrival_times:description": null, "phone": null, "surface": null, "website": null, "website:map": null, "wheelchair:description": null, "departures_board": null, "source": null, "source:date": null, "check_date:bench": null, "smoothness": null, "description:arrival_times": null, "check_date": null, "check_date:lit": null, "check_date:tactile_paving": null, "fixme": null, "paving_stones:material": null, "sign": null, "railway": null, "railway:ref": null, "train": null }, "geometry": { "type": "Point", "coordinates": [ -83.7682515, 42.2564429 ] } },
{ "type": "Feature", "properties": { "index": 125, "element": "node", "id": 5800073634, "bench": "no", "bin": "no", "bus": "yes", "description": null, "highway": "bus_stop", "lit": "no", "name": "Scio Church + Welch", "operator": "AAATA", "public_transport": "platform", "ref": "2048", "shelter": "no", "tactile_paving": null, "network": "AAATA", "network:wikidata": "Q4766233", "brand": null, "phone:aaata": null, "ref:aaata": null, "ref:umich": null, "route_ref:aaata": null, "website:aaata": null, "website:aaata:maps": null, "website:umich:map": null, "website:umich:routes": null, "wheelchair": null, "check_date:shelter": "2023-06-27", "note": null, "passenger_information_display": "no", "network:wikipedia": null, "alt_name": null, "local_ref": null, "ref:signed": null, "operator:wikidata": null, "operator:wikipedia": null, "mapillary": null, "route_ref": null, "survey:date": null, "covered": null, "arrival_times:description": null, "phone": null, "surface": null, "website": null, "website:map": null, "wheelchair:description": null, "departures_board": null, "source": null, "source:date": null, "check_date:bench": null, "smoothness": null, "description:arrival_times": null, "check_date": null, "check_date:lit": null, "check_date:tactile_paving": null, "fixme": null, "paving_stones:material": null, "sign": null, "railway": null, "railway:ref": null, "train": null }, "geometry": { "type": "Point", "coordinates": [ -83.7649524, 42.2565323 ] } },
{ "type": "Feature", "properties": { "index": 126, "element": "node", "id": 4955838644, "bench": null, "bin": null, "bus": "yes", "description": null, "highway": "bus_stop", "lit": null, "name": "Seventh + Scio Church", "operator": "AAATA", "public_transport": "platform", "ref": null, "shelter": null, "tactile_paving": null, "network": "AAATA", "network:wikidata": "Q4766233", "brand": null, "phone:aaata": null, "ref:aaata": null, "ref:umich": null, "route_ref:aaata": null, "website:aaata": null, "website:aaata:maps": null, "website:umich:map": null, "website:umich:routes": null, "wheelchair": null, "check_date:shelter": null, "note": null, "passenger_information_display": null, "network:wikipedia": null, "alt_name": null, "local_ref": null, "ref:signed": null, "operator:wikidata": null, "operator:wikipedia": null, "mapillary": null, "route_ref": null, "survey:date": null, "covered": null, "arrival_times:description": null, "phone": null, "surface": null, "website": null, "website:map": null, "wheelchair:description": null, "departures_board": null, "source": null, "source:date": null, "check_date:bench": null, "smoothness": null, "description:arrival_times": null, "check_date": null, "check_date:lit": null, "check_date:tactile_paving": null, "fixme": null, "paving_stones:material": null, "sign": null, "railway": null, "railway:ref": null, "train": null }, "geometry": { "type": "Point", "coordinates": [ -83.7605684, 42.2568495 ] } },
{ "type": "Feature", "properties": { "index": 127, "element": "node", "id": 4801814626, "bench": null, "bin": null, "bus": "yes", "description": null, "highway": "bus_stop", "lit": null, "name": "E - Maple north of Tudor", "operator": null, "public_transport": "platform", "ref": null, "shelter": null, "tactile_paving": null, "network": "AAATA", "network:wikidata": "Q4766233", "brand": null, "phone:aaata": null, "ref:aaata": null, "ref:umich": null, "route_ref:aaata": null, "website:aaata": null, "website:aaata:maps": null, "website:umich:map": null, "website:umich:routes": null, "wheelchair": null, "check_date:shelter": null, "note": null, "passenger_information_display": null, "network:wikipedia": null, "alt_name": null, "local_ref": null, "ref:signed": null, "operator:wikidata": null, "operator:wikipedia": null, "mapillary": null, "route_ref": null, "survey:date": null, "covered": null, "arrival_times:description": null, "phone": null, "surface": null, "website": null, "website:map": null, "wheelchair:description": null, "departures_board": null, "source": null, "source:date": null, "check_date:bench": null, "smoothness": null, "description:arrival_times": null, "check_date": null, "check_date:lit": null, "check_date:tactile_paving": null, "fixme": null, "paving_stones:material": null, "sign": null, "railway": null, "railway:ref": null, "train": null }, "geometry": { "type": "Point", "coordinates": [ -83.7783301, 42.2575436 ] } },
{ "type": "Feature", "properties": { "index": 128, "element": "node", "id": 4801814625, "bench": null, "bin": null, "bus": "yes", "description": null, "highway": "bus_stop", "lit": null, "name": "E - Maple north of Dicken", "operator": null, "public_transport": "platform", "ref": null, "shelter": null, "tactile_paving": null, "network": "AAATA", "network:wikidata": "Q4766233", "brand": null, "phone:aaata": null, "ref:aaata": null, "ref:umich": null, "route_ref:aaata": null, "website:aaata": null, "website:aaata:maps": null, "website:umich:map": null, "website:umich:routes": null, "wheelchair": null, "check_date:shelter": null, "note": null, "passenger_information_display": null, "network:wikipedia": null, "alt_name": null, "local_ref": null, "ref:signed": null, "operator:wikidata": null, "operator:wikipedia": null, "mapillary": null, "route_ref": null, "survey:date": null, "covered": null, "arrival_times:description": null, "phone": null, "surface": null, "website": null, "website:map": null, "wheelchair:description": null, "departures_board": null, "source": null, "source:date": null, "check_date:bench": null, "smoothness": null, "description:arrival_times": null, "check_date": null, "check_date:lit": null, "check_date:tactile_paving": null, "fixme": null, "paving_stones:material": null, "sign": null, "railway": null, "railway:ref": null, "train": null }, "geometry": { "type": "Point", "coordinates": [ -83.7795102, 42.2601521 ] } },
{ "type": "Feature", "properties": { "index": 129, "element": "node", "id": 4955838642, "bench": "no", "bin": "no", "bus": "yes", "description": null, "highway": "bus_stop", "lit": null, "name": null, "operator": null, "public_transport": "platform", "ref": null, "shelter": "no", "tactile_paving": null, "network": "AAATA", "network:wikidata": "Q4766233", "brand": null, "phone:aaata": null, "ref:aaata": null, "ref:umich": null, "route_ref:aaata": null, "website:aaata": null, "website:aaata:maps": null, "website:umich:map": null, "website:umich:routes": null, "wheelchair": null, "check_date:shelter": null, "note": null, "passenger_information_display": null, "network:wikipedia": null, "alt_name": null, "local_ref": null, "ref:signed": null, "operator:wikidata": null, "operator:wikipedia": null, "mapillary": null, "route_ref": null, "survey:date": null, "covered": null, "arrival_times:description": null, "phone": null, "surface": null, "website": null, "website:map": null, "wheelchair:description": null, "departures_board": null, "source": null, "source:date": null, "check_date:bench": null, "smoothness": null, "description:arrival_times": null, "check_date": null, "check_date:lit": null, "check_date:tactile_paving": null, "fixme": null, "paving_stones:material": null, "sign": null, "railway": null, "railway:ref": null, "train": null }, "geometry": { "type": "Point", "coordinates": [ -83.7575375, 42.2620157 ] } },
{ "type": "Feature", "properties": { "index": 130, "element": "node", "id": 4763445632, "bench": "no", "bin": "no", "bus": "yes", "description": null, "highway": "bus_stop", "lit": null, "name": "E- Ann Arbor-Saline north of Fieldcrest", "operator": null, "public_transport": "platform", "ref": null, "shelter": "no", "tactile_paving": "no", "network": "AAATA", "network:wikidata": "Q4766233", "brand": null, "phone:aaata": null, "ref:aaata": null, "ref:umich": null, "route_ref:aaata": null, "website:aaata": null, "website:aaata:maps": null, "website:umich:map": null, "website:umich:routes": null, "wheelchair": null, "check_date:shelter": null, "note": null, "passenger_information_display": null, "network:wikipedia": null, "alt_name": null, "local_ref": null, "ref:signed": "no", "operator:wikidata": null, "operator:wikipedia": null, "mapillary": null, "route_ref": null, "survey:date": null, "covered": null, "arrival_times:description": null, "phone": null, "surface": null, "website": null, "website:map": null, "wheelchair:description": null, "departures_board": null, "source": null, "source:date": null, "check_date:bench": null, "smoothness": null, "description:arrival_times": null, "check_date": null, "check_date:lit": null, "check_date:tactile_paving": null, "fixme": null, "paving_stones:material": null, "sign": null, "railway": null, "railway:ref": null, "train": null }, "geometry": { "type": "Point", "coordinates": [ -83.7545285, 42.2526086 ] } },
{ "type": "Feature", "properties": { "index": 131, "element": "node", "id": 4763445646, "bench": "no", "bin": "no", "bus": "yes", "description": null, "highway": "bus_stop", "lit": null, "name": "W - Ann Arbor-Saline south of Village Oaks", "operator": null, "public_transport": "platform", "ref": null, "shelter": "no", "tactile_paving": "no", "network": "AAATA", "network:wikidata": "Q4766233", "brand": null, "phone:aaata": null, "ref:aaata": null, "ref:umich": null, "route_ref:aaata": null, "website:aaata": null, "website:aaata:maps": null, "website:umich:map": null, "website:umich:routes": null, "wheelchair": null, "check_date:shelter": null, "note": null, "passenger_information_display": null, "network:wikipedia": null, "alt_name": null, "local_ref": null, "ref:signed": "no", "operator:wikidata": null, "operator:wikipedia": null, "mapillary": null, "route_ref": null, "survey:date": null, "covered": null, "arrival_times:description": null, "phone": null, "surface": null, "website": null, "website:map": null, "wheelchair:description": null, "departures_board": null, "source": null, "source:date": null, "check_date:bench": null, "smoothness": null, "description:arrival_times": null, "check_date": null, "check_date:lit": null, "check_date:tactile_paving": null, "fixme": null, "paving_stones:material": null, "sign": null, "railway": null, "railway:ref": null, "train": null }, "geometry": { "type": "Point", "coordinates": [ -83.7543367, 42.2530013 ] } },
{ "type": "Feature", "properties": { "index": 132, "element": "node", "id": 4448577328, "bench": "no", "bin": null, "bus": "yes", "description": null, "highway": "bus_stop", "lit": null, "name": "#24", "operator": "Ann Arbor Area Transit Authority", "public_transport": "platform", "ref": null, "shelter": "no", "tactile_paving": null, "network": "AAATA", "network:wikidata": "Q4766233", "brand": null, "phone:aaata": null, "ref:aaata": null, "ref:umich": null, "route_ref:aaata": null, "website:aaata": null, "website:aaata:maps": null, "website:umich:map": null, "website:umich:routes": null, "wheelchair": null, "check_date:shelter": null, "note": null, "passenger_information_display": null, "network:wikipedia": null, "alt_name": null, "local_ref": null, "ref:signed": null, "operator:wikidata": null, "operator:wikipedia": null, "mapillary": null, "route_ref": null, "survey:date": null, "covered": null, "arrival_times:description": null, "phone": null, "surface": null, "website": null, "website:map": null, "wheelchair:description": null, "departures_board": null, "source": "GPS", "source:date": "2016-10-14", "check_date:bench": null, "smoothness": null, "description:arrival_times": null, "check_date": null, "check_date:lit": null, "check_date:tactile_paving": null, "fixme": null, "paving_stones:material": null, "sign": null, "railway": null, "railway:ref": null, "train": null }, "geometry": { "type": "Point", "coordinates": [ -83.7506164, 42.2542249 ] } },
{ "type": "Feature", "properties": { "index": 133, "element": "node", "id": 4448577329, "bench": "no", "bin": null, "bus": "yes", "description": null, "highway": "bus_stop", "lit": null, "name": "#24", "operator": "Ann Arbor Area Transit Authority", "public_transport": "platform", "ref": null, "shelter": "no", "tactile_paving": null, "network": "AAATA", "network:wikidata": "Q4766233", "brand": null, "phone:aaata": null, "ref:aaata": null, "ref:umich": null, "route_ref:aaata": null, "website:aaata": null, "website:aaata:maps": null, "website:umich:map": null, "website:umich:routes": null, "wheelchair": null, "check_date:shelter": null, "note": null, "passenger_information_display": null, "network:wikipedia": null, "alt_name": null, "local_ref": null, "ref:signed": null, "operator:wikidata": null, "operator:wikipedia": null, "mapillary": null, "route_ref": null, "survey:date": null, "covered": null, "arrival_times:description": null, "phone": null, "surface": null, "website": null, "website:map": null, "wheelchair:description": null, "departures_board": null, "source": "GPS", "source:date": "2016-10-14", "check_date:bench": null, "smoothness": null, "description:arrival_times": null, "check_date": null, "check_date:lit": null, "check_date:tactile_paving": null, "fixme": null, "paving_stones:material": null, "sign": null, "railway": null, "railway:ref": null, "train": null }, "geometry": { "type": "Point", "coordinates": [ -83.7502959, 42.2542785 ] } },
{ "type": "Feature", "properties": { "index": 134, "element": "node", "id": 4763445633, "bench": "no", "bin": "no", "bus": "yes", "description": null, "highway": "bus_stop", "lit": null, "name": "E - Ann Arbor-Saline north of Fieldcrest", "operator": null, "public_transport": "platform", "ref": null, "shelter": "no", "tactile_paving": "no", "network": "AAATA", "network:wikidata": "Q4766233", "brand": null, "phone:aaata": null, "ref:aaata": null, "ref:umich": null, "route_ref:aaata": null, "website:aaata": null, "website:aaata:maps": null, "website:umich:map": null, "website:umich:routes": null, "wheelchair": null, "check_date:shelter": null, "note": null, "passenger_information_display": null, "network:wikipedia": null, "alt_name": null, "local_ref": null, "ref:signed": "no", "operator:wikidata": null, "operator:wikipedia": null, "mapillary": null, "route_ref": null, "survey:date": null, "covered": null, "arrival_times:description": null, "phone": null, "surface": null, "website": null, "website:map": null, "wheelchair:description": null, "departures_board": null, "source": null, "source:date": null, "check_date:bench": null, "smoothness": null, "description:arrival_times": null, "check_date": null, "check_date:lit": null, "check_date:tactile_paving": null, "fixme": null, "paving_stones:material": null, "sign": null, "railway": null, "railway:ref": null, "train": null }, "geometry": { "type": "Point", "coordinates": [ -83.7523123, 42.2543115 ] } },
{ "type": "Feature", "properties": { "index": 135, "element": "node", "id": 4763445645, "bench": "no", "bin": "no", "bus": "yes", "description": null, "highway": "bus_stop", "lit": null, "name": "W - Ann Arbor-Saline south of Main", "operator": null, "public_transport": "platform", "ref": null, "shelter": "no", "tactile_paving": "no", "network": "AAATA", "network:wikidata": "Q4766233", "brand": null, "phone:aaata": null, "ref:aaata": null, "ref:umich": null, "route_ref:aaata": null, "website:aaata": null, "website:aaata:maps": null, "website:umich:map": null, "website:umich:routes": null, "wheelchair": null, "check_date:shelter": null, "note": null, "passenger_information_display": null, "network:wikipedia": null, "alt_name": null, "local_ref": null, "ref:signed": "no", "operator:wikidata": null, "operator:wikipedia": null, "mapillary": null, "route_ref": null, "survey:date": null, "covered": null, "arrival_times:description": null, "phone": null, "surface": null, "website": null, "website:map": null, "wheelchair:description": null, "departures_board": null, "source": null, "source:date": null, "check_date:bench": null, "smoothness": null, "description:arrival_times": null, "check_date": null, "check_date:lit": null, "check_date:tactile_paving": null, "fixme": null, "paving_stones:material": null, "sign": null, "railway": null, "railway:ref": null, "train": null }, "geometry": { "type": "Point", "coordinates": [ -83.7516585, 42.2550198 ] } },
{ "type": "Feature", "properties": { "index": 136, "element": "node", "id": 4955838640, "bench": "no", "bin": "no", "bus": "yes", "description": null, "highway": "bus_stop", "lit": "no", "name": "Seventh + Pioneer High School", "operator": "AAATA", "public_transport": "platform", "ref": "2033", "shelter": "no", "tactile_paving": null, "network": "AAATA", "network:wikidata": "Q4766233", "brand": null, "phone:aaata": null, "ref:aaata": null, "ref:umich": null, "route_ref:aaata": null, "website:aaata": null, "website:aaata:maps": null, "website:umich:map": null, "website:umich:routes": null, "wheelchair": null, "check_date:shelter": null, "note": null, "passenger_information_display": "no", "network:wikipedia": "en:Ann Arbor Area Transportation Authority", "alt_name": null, "local_ref": null, "ref:signed": null, "operator:wikidata": null, "operator:wikipedia": null, "mapillary": null, "route_ref": null, "survey:date": null, "covered": null, "arrival_times:description": null, "phone": null, "surface": null, "website": null, "website:map": null, "wheelchair:description": null, "departures_board": null, "source": null, "source:date": null, "check_date:bench": null, "smoothness": null, "description:arrival_times": null, "check_date": null, "check_date:lit": null, "check_date:tactile_paving": null, "fixme": null, "paving_stones:material": null, "sign": null, "railway": null, "railway:ref": null, "train": null }, "geometry": { "type": "Point", "coordinates": [ -83.7572237, 42.2621043 ] } },
{ "type": "Feature", "properties": { "index": 137, "element": "node", "id": 2232359606, "bench": null, "bin": null, "bus": "yes", "description": null, "highway": "bus_stop", "lit": null, "name": "Pioneer High School", "operator": null, "public_transport": "platform", "ref": null, "shelter": null, "tactile_paving": null, "network": "AAATA", "network:wikidata": "Q4766233", "brand": null, "phone:aaata": null, "ref:aaata": null, "ref:umich": null, "route_ref:aaata": null, "website:aaata": null, "website:aaata:maps": null, "website:umich:map": null, "website:umich:routes": null, "wheelchair": null, "check_date:shelter": null, "note": null, "passenger_information_display": null, "network:wikipedia": null, "alt_name": null, "local_ref": null, "ref:signed": null, "operator:wikidata": null, "operator:wikipedia": null, "mapillary": null, "route_ref": null, "survey:date": null, "covered": null, "arrival_times:description": null, "phone": null, "surface": null, "website": null, "website:map": null, "wheelchair:description": null, "departures_board": null, "source": null, "source:date": null, "check_date:bench": null, "smoothness": null, "description:arrival_times": null, "check_date": null, "check_date:lit": null, "check_date:tactile_paving": null, "fixme": null, "paving_stones:material": null, "sign": null, "railway": null, "railway:ref": null, "train": null }, "geometry": { "type": "Point", "coordinates": [ -83.7506208, 42.2621878 ] } },
{ "type": "Feature", "properties": { "index": 138, "element": "node", "id": 4763445644, "bench": null, "bin": null, "bus": "yes", "description": null, "highway": "bus_stop", "lit": null, "name": "W - Main south of Berkeley", "operator": null, "public_transport": "platform", "ref": null, "shelter": null, "tactile_paving": null, "network": "AAATA", "network:wikidata": "Q4766233", "brand": null, "phone:aaata": null, "ref:aaata": null, "ref:umich": null, "route_ref:aaata": null, "website:aaata": null, "website:aaata:maps": null, "website:umich:map": null, "website:umich:routes": null, "wheelchair": null, "check_date:shelter": null, "note": null, "passenger_information_display": null, "network:wikipedia": null, "alt_name": null, "local_ref": null, "ref:signed": null, "operator:wikidata": null, "operator:wikipedia": null, "mapillary": null, "route_ref": null, "survey:date": null, "covered": null, "arrival_times:description": null, "phone": null, "surface": null, "website": null, "website:map": null, "wheelchair:description": null, "departures_board": null, "source": null, "source:date": null, "check_date:bench": null, "smoothness": null, "description:arrival_times": null, "check_date": null, "check_date:lit": null, "check_date:tactile_paving": null, "fixme": null, "paving_stones:material": null, "sign": null, "railway": null, "railway:ref": null, "train": null }, "geometry": { "type": "Point", "coordinates": [ -83.750363, 42.265602 ] } },
{ "type": "Feature", "properties": { "index": 139, "element": "node", "id": 4763445634, "bench": "no", "bin": null, "bus": "yes", "description": null, "highway": "bus_stop", "lit": "no", "name": "Michigan Stadium", "operator": "AAATA", "public_transport": "platform", "ref": "659", "shelter": "no", "tactile_paving": null, "network": "AAATA", "network:wikidata": "Q4766233", "brand": null, "phone:aaata": null, "ref:aaata": null, "ref:umich": null, "route_ref:aaata": null, "website:aaata": null, "website:aaata:maps": null, "website:umich:map": null, "website:umich:routes": null, "wheelchair": null, "check_date:shelter": null, "note": null, "passenger_information_display": "no", "network:wikipedia": "en:Ann Arbor Area Transportation Authority", "alt_name": null, "local_ref": null, "ref:signed": null, "operator:wikidata": null, "operator:wikipedia": null, "mapillary": null, "route_ref": null, "survey:date": null, "covered": null, "arrival_times:description": null, "phone": null, "surface": null, "website": null, "website:map": null, "wheelchair:description": null, "departures_board": null, "source": null, "source:date": null, "check_date:bench": null, "smoothness": null, "description:arrival_times": null, "check_date": null, "check_date:lit": null, "check_date:tactile_paving": null, "fixme": null, "paving_stones:material": null, "sign": null, "railway": null, "railway:ref": null, "train": null }, "geometry": { "type": "Point", "coordinates": [ -83.7501726, 42.2658623 ] } },
{ "type": "Feature", "properties": { "index": 140, "element": "node", "id": 4801814624, "bench": null, "bin": null, "bus": "yes", "description": null, "highway": "bus_stop", "lit": null, "name": "E - Maple north of Keystone", "operator": null, "public_transport": "platform", "ref": null, "shelter": null, "tactile_paving": null, "network": "AAATA", "network:wikidata": "Q4766233", "brand": null, "phone:aaata": null, "ref:aaata": null, "ref:umich": null, "route_ref:aaata": null, "website:aaata": null, "website:aaata:maps": null, "website:umich:map": null, "website:umich:routes": null, "wheelchair": null, "check_date:shelter": null, "note": null, "passenger_information_display": null, "network:wikipedia": null, "alt_name": null, "local_ref": null, "ref:signed": null, "operator:wikidata": null, "operator:wikipedia": null, "mapillary": null, "route_ref": null, "survey:date": null, "covered": null, "arrival_times:description": null, "phone": null, "surface": null, "website": null, "website:map": null, "wheelchair:description": null, "departures_board": null, "source": null, "source:date": null, "check_date:bench": null, "smoothness": null, "description:arrival_times": null, "check_date": null, "check_date:lit": null, "check_date:tactile_paving": null, "fixme": null, "paving_stones:material": null, "sign": null, "railway": null, "railway:ref": null, "train": null }, "geometry": { "type": "Point", "coordinates": [ -83.7795773, 42.262425 ] } },
{ "type": "Feature", "properties": { "index": 141, "element": "node", "id": 4801812218, "bench": null, "bin": null, "bus": "yes", "description": null, "highway": "bus_stop", "lit": null, "name": "S - Statdium east of Greenview", "operator": null, "public_transport": "platform", "ref": null, "shelter": null, "tactile_paving": null, "network": "AAATA", "network:wikidata": "Q4766233", "brand": null, "phone:aaata": null, "ref:aaata": null, "ref:umich": null, "route_ref:aaata": null, "website:aaata": null, "website:aaata:maps": null, "website:umich:map": null, "website:umich:routes": null, "wheelchair": null, "check_date:shelter": null, "note": null, "passenger_information_display": null, "network:wikipedia": null, "alt_name": null, "local_ref": null, "ref:signed": null, "operator:wikidata": null, "operator:wikipedia": null, "mapillary": null, "route_ref": null, "survey:date": null, "covered": null, "arrival_times:description": null, "phone": null, "surface": null, "website": null, "website:map": null, "wheelchair:description": null, "departures_board": null, "source": null, "source:date": null, "check_date:bench": null, "smoothness": null, "description:arrival_times": null, "check_date": null, "check_date:lit": null, "check_date:tactile_paving": null, "fixme": null, "paving_stones:material": null, "sign": null, "railway": null, "railway:ref": null, "train": null }, "geometry": { "type": "Point", "coordinates": [ -83.7636235, 42.2637788 ] } },
{ "type": "Feature", "properties": { "index": 142, "element": "node", "id": 4801812217, "bench": null, "bin": null, "bus": "yes", "description": null, "highway": "bus_stop", "lit": null, "name": "S - Stadium east of Maywood", "operator": null, "public_transport": "platform", "ref": null, "shelter": null, "tactile_paving": null, "network": "AAATA", "network:wikidata": "Q4766233", "brand": null, "phone:aaata": null, "ref:aaata": null, "ref:umich": null, "route_ref:aaata": null, "website:aaata": null, "website:aaata:maps": null, "website:umich:map": null, "website:umich:routes": null, "wheelchair": null, "check_date:shelter": null, "note": null, "passenger_information_display": null, "network:wikipedia": null, "alt_name": null, "local_ref": null, "ref:signed": null, "operator:wikidata": null, "operator:wikipedia": null, "mapillary": null, "route_ref": null, "survey:date": null, "covered": null, "arrival_times:description": null, "phone": null, "surface": null, "website": null, "website:map": null, "wheelchair:description": null, "departures_board": null, "source": null, "source:date": null, "check_date:bench": null, "smoothness": null, "description:arrival_times": null, "check_date": null, "check_date:lit": null, "check_date:tactile_paving": null, "fixme": null, "paving_stones:material": null, "sign": null, "railway": null, "railway:ref": null, "train": null }, "geometry": { "type": "Point", "coordinates": [ -83.7657416, 42.2637858 ] } },
{ "type": "Feature", "properties": { "index": 143, "element": "node", "id": 4937713117, "bench": "no", "bin": "no", "bus": "yes", "description": null, "highway": "bus_stop", "lit": "no", "name": "Franklin + Seventh", "operator": null, "public_transport": "platform", "ref": "893", "shelter": "no", "tactile_paving": "no", "network": "AAATA", "network:wikidata": "Q4766233", "brand": null, "phone:aaata": null, "ref:aaata": null, "ref:umich": null, "route_ref:aaata": null, "website:aaata": null, "website:aaata:maps": null, "website:umich:map": null, "website:umich:routes": null, "wheelchair": null, "check_date:shelter": null, "note": null, "passenger_information_display": null, "network:wikipedia": null, "alt_name": null, "local_ref": null, "ref:signed": null, "operator:wikidata": null, "operator:wikipedia": null, "mapillary": null, "route_ref": null, "survey:date": null, "covered": null, "arrival_times:description": null, "phone": null, "surface": null, "website": null, "website:map": null, "wheelchair:description": null, "departures_board": null, "source": null, "source:date": null, "check_date:bench": null, "smoothness": null, "description:arrival_times": null, "check_date": null, "check_date:lit": null, "check_date:tactile_paving": null, "fixme": null, "paving_stones:material": null, "sign": null, "railway": null, "railway:ref": null, "train": null }, "geometry": { "type": "Point", "coordinates": [ -83.7583203, 42.2653552 ] } },
{ "type": "Feature", "properties": { "index": 144, "element": "node", "id": 3129806831, "bench": null, "bin": null, "bus": "yes", "description": null, "highway": "bus_stop", "lit": null, "name": "N- Pauline at Maple", "operator": "AAATA", "public_transport": "platform", "ref": null, "shelter": "no", "tactile_paving": null, "network": "AAATA", "network:wikidata": "Q4766233", "brand": null, "phone:aaata": null, "ref:aaata": null, "ref:umich": null, "route_ref:aaata": null, "website:aaata": null, "website:aaata:maps": null, "website:umich:map": null, "website:umich:routes": null, "wheelchair": null, "check_date:shelter": null, "note": null, "passenger_information_display": null, "network:wikipedia": null, "alt_name": null, "local_ref": null, "ref:signed": null, "operator:wikidata": null, "operator:wikipedia": null, "mapillary": null, "route_ref": null, "survey:date": null, "covered": null, "arrival_times:description": null, "phone": null, "surface": null, "website": null, "website:map": null, "wheelchair:description": null, "departures_board": null, "source": null, "source:date": null, "check_date:bench": null, "smoothness": null, "description:arrival_times": null, "check_date": null, "check_date:lit": null, "check_date:tactile_paving": null, "fixme": null, "paving_stones:material": null, "sign": null, "railway": null, "railway:ref": null, "train": null }, "geometry": { "type": "Point", "coordinates": [ -83.7793584, 42.2654924 ] } },
{ "type": "Feature", "properties": { "index": 145, "element": "node", "id": 4937713087, "bench": "no", "bin": "no", "bus": "yes", "description": null, "highway": "bus_stop", "lit": "no", "name": null, "operator": null, "public_transport": "platform", "ref": "875", "shelter": "no", "tactile_paving": "no", "network": "AAATA", "network:wikidata": "Q4766233", "brand": null, "phone:aaata": null, "ref:aaata": null, "ref:umich": null, "route_ref:aaata": null, "website:aaata": null, "website:aaata:maps": null, "website:umich:map": null, "website:umich:routes": null, "wheelchair": null, "check_date:shelter": null, "note": null, "passenger_information_display": null, "network:wikipedia": null, "alt_name": null, "local_ref": null, "ref:signed": null, "operator:wikidata": null, "operator:wikipedia": null, "mapillary": null, "route_ref": null, "survey:date": null, "covered": null, "arrival_times:description": null, "phone": null, "surface": null, "website": null, "website:map": null, "wheelchair:description": null, "departures_board": null, "source": null, "source:date": null, "check_date:bench": null, "smoothness": null, "description:arrival_times": null, "check_date": null, "check_date:lit": null, "check_date:tactile_paving": null, "fixme": null, "paving_stones:material": null, "sign": null, "railway": null, "railway:ref": null, "train": null }, "geometry": { "type": "Point", "coordinates": [ -83.7582935, 42.2660836 ] } },
{ "type": "Feature", "properties": { "index": 146, "element": "node", "id": 4801814621, "bench": null, "bin": null, "bus": "yes", "description": null, "highway": "bus_stop", "lit": null, "name": "S - Pauline west of Pauline Ct", "operator": null, "public_transport": "platform", "ref": null, "shelter": null, "tactile_paving": null, "network": "AAATA", "network:wikidata": "Q4766233", "brand": null, "phone:aaata": null, "ref:aaata": null, "ref:umich": null, "route_ref:aaata": null, "website:aaata": null, "website:aaata:maps": null, "website:umich:map": null, "website:umich:routes": null, "wheelchair": null, "check_date:shelter": null, "note": null, "passenger_information_display": null, "network:wikipedia": null, "alt_name": null, "local_ref": null, "ref:signed": null, "operator:wikidata": null, "operator:wikipedia": null, "mapillary": null, "route_ref": null, "survey:date": null, "covered": null, "arrival_times:description": null, "phone": null, "surface": null, "website": null, "website:map": null, "wheelchair:description": null, "departures_board": null, "source": null, "source:date": null, "check_date:bench": null, "smoothness": null, "description:arrival_times": null, "check_date": null, "check_date:lit": null, "check_date:tactile_paving": null, "fixme": null, "paving_stones:material": null, "sign": null, "railway": null, "railway:ref": null, "train": null }, "geometry": { "type": "Point", "coordinates": [ -83.7764445, 42.2667264 ] } },
{ "type": "Feature", "properties": { "index": 147, "element": "node", "id": 4801812219, "bench": null, "bin": null, "bus": "yes", "description": null, "highway": "bus_stop", "lit": null, "name": "W - Stadium south of Pauline", "operator": null, "public_transport": "platform", "ref": null, "shelter": null, "tactile_paving": null, "network": "AAATA", "network:wikidata": "Q4766233", "brand": null, "phone:aaata": null, "ref:aaata": null, "ref:umich": null, "route_ref:aaata": null, "website:aaata": null, "website:aaata:maps": null, "website:umich:map": null, "website:umich:routes": null, "wheelchair": null, "check_date:shelter": null, "note": null, "passenger_information_display": null, "network:wikipedia": null, "alt_name": null, "local_ref": null, "ref:signed": null, "operator:wikidata": null, "operator:wikipedia": null, "mapillary": null, "route_ref": null, "survey:date": null, "covered": null, "arrival_times:description": null, "phone": null, "surface": null, "website": null, "website:map": null, "wheelchair:description": null, "departures_board": null, "source": null, "source:date": null, "check_date:bench": null, "smoothness": null, "description:arrival_times": null, "check_date": null, "check_date:lit": null, "check_date:tactile_paving": null, "fixme": null, "paving_stones:material": null, "sign": null, "railway": null, "railway:ref": null, "train": null }, "geometry": { "type": "Point", "coordinates": [ -83.7710921, 42.2676415 ] } },
{ "type": "Feature", "properties": { "index": 148, "element": "node", "id": 4801812220, "bench": null, "bin": null, "bus": "yes", "description": null, "highway": "bus_stop", "lit": null, "name": "S - Pauline west of Stadium", "operator": null, "public_transport": "platform", "ref": null, "shelter": null, "tactile_paving": null, "network": "AAATA", "network:wikidata": "Q4766233", "brand": null, "phone:aaata": null, "ref:aaata": null, "ref:umich": null, "route_ref:aaata": null, "website:aaata": null, "website:aaata:maps": null, "website:umich:map": null, "website:umich:routes": null, "wheelchair": null, "check_date:shelter": null, "note": null, "passenger_information_display": null, "network:wikipedia": null, "alt_name": null, "local_ref": null, "ref:signed": null, "operator:wikidata": null, "operator:wikipedia": null, "mapillary": null, "route_ref": null, "survey:date": null, "covered": null, "arrival_times:description": null, "phone": null, "surface": null, "website": null, "website:map": null, "wheelchair:description": null, "departures_board": null, "source": null, "source:date": null, "check_date:bench": null, "smoothness": null, "description:arrival_times": null, "check_date": null, "check_date:lit": null, "check_date:tactile_paving": null, "fixme": null, "paving_stones:material": null, "sign": null, "railway": null, "railway:ref": null, "train": null }, "geometry": { "type": "Point", "coordinates": [ -83.7743362, 42.2678915 ] } },
{ "type": "Feature", "properties": { "index": 149, "element": "node", "id": 4959186997, "bench": "yes", "bin": null, "bus": "yes", "description": null, "highway": "bus_stop", "lit": null, "name": "Virnankay + Pauline", "operator": null, "public_transport": "platform", "ref": null, "shelter": "yes", "tactile_paving": null, "network": "AAATA", "network:wikidata": "Q4766233", "brand": null, "phone:aaata": null, "ref:aaata": null, "ref:umich": null, "route_ref:aaata": null, "website:aaata": null, "website:aaata:maps": null, "website:umich:map": null, "website:umich:routes": null, "wheelchair": null, "check_date:shelter": null, "note": null, "passenger_information_display": null, "network:wikipedia": null, "alt_name": null, "local_ref": null, "ref:signed": null, "operator:wikidata": null, "operator:wikipedia": null, "mapillary": null, "route_ref": null, "survey:date": null, "covered": null, "arrival_times:description": null, "phone": null, "surface": null, "website": null, "website:map": null, "wheelchair:description": null, "departures_board": null, "source": null, "source:date": null, "check_date:bench": null, "smoothness": null, "description:arrival_times": null, "check_date": null, "check_date:lit": null, "check_date:tactile_paving": null, "fixme": null, "paving_stones:material": null, "sign": null, "railway": null, "railway:ref": null, "train": null }, "geometry": { "type": "Point", "coordinates": [ -83.7703539, 42.2679552 ] } },
{ "type": "Feature", "properties": { "index": 150, "element": "node", "id": 4763445643, "bench": "no", "bin": "no", "bus": "yes", "description": null, "highway": "bus_stop", "lit": null, "name": "W - Main south of Keech", "operator": null, "public_transport": "platform", "ref": null, "shelter": "no", "tactile_paving": "no", "network": "AAATA", "network:wikidata": "Q4766233", "brand": null, "phone:aaata": null, "ref:aaata": null, "ref:umich": null, "route_ref:aaata": null, "website:aaata": null, "website:aaata:maps": null, "website:umich:map": null, "website:umich:routes": null, "wheelchair": null, "check_date:shelter": null, "note": null, "passenger_information_display": null, "network:wikipedia": null, "alt_name": null, "local_ref": null, "ref:signed": null, "operator:wikidata": null, "operator:wikipedia": null, "mapillary": null, "route_ref": null, "survey:date": null, "covered": null, "arrival_times:description": null, "phone": null, "surface": null, "website": null, "website:map": null, "wheelchair:description": null, "departures_board": null, "source": null, "source:date": null, "check_date:bench": null, "smoothness": null, "description:arrival_times": null, "check_date": null, "check_date:lit": null, "check_date:tactile_paving": null, "fixme": null, "paving_stones:material": null, "sign": null, "railway": null, "railway:ref": null, "train": null }, "geometry": { "type": "Point", "coordinates": [ -83.7503912, 42.2672999 ] } },
{ "type": "Feature", "properties": { "index": 151, "element": "node", "id": 4763445635, "bench": "no", "bin": "no", "bus": "yes", "description": null, "highway": "bus_stop", "lit": "no", "name": "Main + Keech", "operator": "AAATA", "public_transport": "platform", "ref": "1863", "shelter": "no", "tactile_paving": "no", "network": "AAATA", "network:wikidata": "Q4766233", "brand": null, "phone:aaata": null, "ref:aaata": null, "ref:umich": null, "route_ref:aaata": null, "website:aaata": null, "website:aaata:maps": null, "website:umich:map": null, "website:umich:routes": null, "wheelchair": null, "check_date:shelter": null, "note": null, "passenger_information_display": "no", "network:wikipedia": "en:Ann Arbor Area Transportation Authority", "alt_name": null, "local_ref": null, "ref:signed": null, "operator:wikidata": null, "operator:wikipedia": null, "mapillary": null, "route_ref": null, "survey:date": null, "covered": null, "arrival_times:description": null, "phone": null, "surface": null, "website": null, "website:map": null, "wheelchair:description": null, "departures_board": null, "source": null, "source:date": null, "check_date:bench": null, "smoothness": null, "description:arrival_times": null, "check_date": null, "check_date:lit": null, "check_date:tactile_paving": null, "fixme": null, "paving_stones:material": null, "sign": null, "railway": null, "railway:ref": null, "train": null }, "geometry": { "type": "Point", "coordinates": [ -83.7502061, 42.2674304 ] } },
{ "type": "Feature", "properties": { "index": 152, "element": "node", "id": 4850881640, "bench": "no", "bin": "no", "bus": "yes", "description": null, "highway": "bus_stop", "lit": "no", "name": "Allmendinger Park", "operator": null, "public_transport": "platform", "ref": "691", "shelter": "no", "tactile_paving": "no", "network": "AAATA", "network:wikidata": "Q4766233", "brand": null, "phone:aaata": null, "ref:aaata": null, "ref:umich": null, "route_ref:aaata": null, "website:aaata": null, "website:aaata:maps": null, "website:umich:map": null, "website:umich:routes": null, "wheelchair": null, "check_date:shelter": null, "note": null, "passenger_information_display": null, "network:wikipedia": null, "alt_name": null, "local_ref": null, "ref:signed": null, "operator:wikidata": null, "operator:wikipedia": null, "mapillary": null, "route_ref": null, "survey:date": null, "covered": null, "arrival_times:description": null, "phone": null, "surface": null, "website": null, "website:map": null, "wheelchair:description": null, "departures_board": null, "source": null, "source:date": null, "check_date:bench": null, "smoothness": null, "description:arrival_times": null, "check_date": null, "check_date:lit": null, "check_date:tactile_paving": null, "fixme": null, "paving_stones:material": null, "sign": null, "railway": null, "railway:ref": null, "train": null }, "geometry": { "type": "Point", "coordinates": [ -83.7544484, 42.2684066 ] } },
{ "type": "Feature", "properties": { "index": 153, "element": "node", "id": 4850881641, "bench": "no", "bin": "no", "bus": "yes", "description": null, "highway": "bus_stop", "lit": "no", "name": "Allmendinger Park", "operator": null, "public_transport": "platform", "ref": "666", "shelter": "no", "tactile_paving": "no", "network": "AAATA", "network:wikidata": "Q4766233", "brand": null, "phone:aaata": null, "ref:aaata": null, "ref:umich": null, "route_ref:aaata": null, "website:aaata": null, "website:aaata:maps": null, "website:umich:map": null, "website:umich:routes": null, "wheelchair": null, "check_date:shelter": null, "note": null, "passenger_information_display": null, "network:wikipedia": null, "alt_name": null, "local_ref": null, "ref:signed": null, "operator:wikidata": null, "operator:wikipedia": null, "mapillary": null, "route_ref": null, "survey:date": null, "covered": null, "arrival_times:description": null, "phone": null, "surface": null, "website": null, "website:map": null, "wheelchair:description": null, "departures_board": null, "source": null, "source:date": null, "check_date:bench": null, "smoothness": null, "description:arrival_times": null, "check_date": null, "check_date:lit": null, "check_date:tactile_paving": null, "fixme": null, "paving_stones:material": null, "sign": null, "railway": null, "railway:ref": null, "train": null }, "geometry": { "type": "Point", "coordinates": [ -83.754087, 42.2685648 ] } },
{ "type": "Feature", "properties": { "index": 154, "element": "node", "id": 4850881642, "bench": "no", "bin": "yes", "bus": "yes", "description": null, "highway": "bus_stop", "lit": "no", "name": "Pauline + Main", "operator": null, "public_transport": "platform", "ref": "665", "shelter": "no", "tactile_paving": "no", "network": "AAATA", "network:wikidata": "Q4766233", "brand": null, "phone:aaata": null, "ref:aaata": null, "ref:umich": null, "route_ref:aaata": null, "website:aaata": null, "website:aaata:maps": null, "website:umich:map": null, "website:umich:routes": null, "wheelchair": null, "check_date:shelter": null, "note": null, "passenger_information_display": null, "network:wikipedia": null, "alt_name": null, "local_ref": null, "ref:signed": null, "operator:wikidata": null, "operator:wikipedia": null, "mapillary": null, "route_ref": null, "survey:date": null, "covered": null, "arrival_times:description": null, "phone": null, "surface": null, "website": null, "website:map": null, "wheelchair:description": null, "departures_board": null, "source": null, "source:date": null, "check_date:bench": null, "smoothness": null, "description:arrival_times": null, "check_date": null, "check_date:lit": null, "check_date:tactile_paving": null, "fixme": null, "paving_stones:material": null, "sign": null, "railway": null, "railway:ref": null, "train": null }, "geometry": { "type": "Point", "coordinates": [ -83.750694, 42.2686472 ] } },
{ "type": "Feature", "properties": { "index": 155, "element": "node", "id": 4922554324, "bench": "no", "bin": "no", "bus": "yes", "description": null, "highway": "bus_stop", "lit": "no", "name": "Institute of Continuing Legal Education", "operator": null, "public_transport": "platform", "ref": "S005", "shelter": "no", "tactile_paving": "no", "network": null, "network:wikidata": null, "brand": null, "phone:aaata": null, "ref:aaata": null, "ref:umich": null, "route_ref:aaata": null, "website:aaata": null, "website:aaata:maps": null, "website:umich:map": null, "website:umich:routes": null, "wheelchair": null, "check_date:shelter": "2025-08-27", "note": null, "passenger_information_display": null, "network:wikipedia": null, "alt_name": null, "local_ref": null, "ref:signed": null, "operator:wikidata": null, "operator:wikipedia": null, "mapillary": null, "route_ref": null, "survey:date": null, "covered": null, "arrival_times:description": null, "phone": null, "surface": null, "website": null, "website:map": null, "wheelchair:description": null, "departures_board": null, "source": null, "source:date": null, "check_date:bench": null, "smoothness": null, "description:arrival_times": null, "check_date": null, "check_date:lit": null, "check_date:tactile_paving": null, "fixme": null, "paving_stones:material": null, "sign": null, "railway": null, "railway:ref": null, "train": null }, "geometry": { "type": "Point", "coordinates": [ -83.747582, 42.268742 ] } },
{ "type": "Feature", "properties": { "index": 156, "element": "node", "id": 4922554208, "bench": "no", "bin": "no", "bus": "yes", "description": null, "highway": "bus_stop", "lit": null, "name": "Greene/Hoover", "operator": null, "public_transport": "platform", "ref": "S006", "shelter": "no", "tactile_paving": null, "network": null, "network:wikidata": null, "brand": null, "phone:aaata": null, "ref:aaata": null, "ref:umich": null, "route_ref:aaata": null, "website:aaata": null, "website:aaata:maps": null, "website:umich:map": null, "website:umich:routes": null, "wheelchair": null, "check_date:shelter": null, "note": null, "passenger_information_display": null, "network:wikipedia": null, "alt_name": null, "local_ref": null, "ref:signed": null, "operator:wikidata": null, "operator:wikipedia": null, "mapillary": null, "route_ref": null, "survey:date": null, "covered": null, "arrival_times:description": null, "phone": null, "surface": null, "website": null, "website:map": null, "wheelchair:description": null, "departures_board": null, "source": null, "source:date": null, "check_date:bench": null, "smoothness": null, "description:arrival_times": null, "check_date": null, "check_date:lit": null, "check_date:tactile_paving": null, "fixme": null, "paving_stones:material": null, "sign": null, "railway": null, "railway:ref": null, "train": null }, "geometry": { "type": "Point", "coordinates": [ -83.7473835, 42.2693047 ] } },
{ "type": "Feature", "properties": { "index": 157, "element": "node", "id": 4763445636, "bench": "no", "bin": null, "bus": "yes", "description": null, "highway": "bus_stop", "lit": "no", "name": "Main + Hoover", "operator": "AAATA", "public_transport": "platform", "ref": "660", "shelter": "no", "tactile_paving": null, "network": "AAATA", "network:wikidata": "Q4766233", "brand": null, "phone:aaata": null, "ref:aaata": null, "ref:umich": null, "route_ref:aaata": null, "website:aaata": null, "website:aaata:maps": null, "website:umich:map": null, "website:umich:routes": null, "wheelchair": null, "check_date:shelter": null, "note": null, "passenger_information_display": "no", "network:wikipedia": "en:Ann Arbor Area Transportation Authority", "alt_name": null, "local_ref": null, "ref:signed": null, "operator:wikidata": null, "operator:wikipedia": null, "mapillary": null, "route_ref": null, "survey:date": null, "covered": null, "arrival_times:description": null, "phone": null, "surface": null, "website": null, "website:map": null, "wheelchair:description": null, "departures_board": null, "source": null, "source:date": null, "check_date:bench": null, "smoothness": null, "description:arrival_times": null, "check_date": null, "check_date:lit": null, "check_date:tactile_paving": null, "fixme": null, "paving_stones:material": null, "sign": null, "railway": null, "railway:ref": null, "train": null }, "geometry": { "type": "Point", "coordinates": [ -83.7500706, 42.2697537 ] } },
{ "type": "Feature", "properties": { "index": 158, "element": "node", "id": 4763445638, "bench": null, "bin": null, "bus": "yes", "description": null, "highway": "bus_stop", "lit": null, "name": "W - Main south of Davis", "operator": null, "public_transport": "platform", "ref": null, "shelter": null, "tactile_paving": null, "network": "AAATA", "network:wikidata": "Q4766233", "brand": null, "phone:aaata": null, "ref:aaata": null, "ref:umich": null, "route_ref:aaata": null, "website:aaata": null, "website:aaata:maps": null, "website:umich:map": null, "website:umich:routes": null, "wheelchair": null, "check_date:shelter": null, "note": null, "passenger_information_display": null, "network:wikipedia": null, "alt_name": null, "local_ref": null, "ref:signed": null, "operator:wikidata": null, "operator:wikipedia": null, "mapillary": null, "route_ref": null, "survey:date": null, "covered": null, "arrival_times:description": null, "phone": null, "surface": null, "website": null, "website:map": null, "wheelchair:description": null, "departures_board": null, "source": null, "source:date": null, "check_date:bench": null, "smoothness": null, "description:arrival_times": null, "check_date": null, "check_date:lit": null, "check_date:tactile_paving": null, "fixme": null, "paving_stones:material": null, "sign": null, "railway": null, "railway:ref": null, "train": null }, "geometry": { "type": "Point", "coordinates": [ -83.7502537, 42.2699868 ] } },
{ "type": "Feature", "properties": { "index": 159, "element": "node", "id": 4763445637, "bench": "no", "bin": "no", "bus": "yes", "description": null, "highway": "bus_stop", "lit": "no", "name": "Main + Hill", "operator": "AAATA", "public_transport": "platform", "ref": "661", "shelter": "no", "tactile_paving": "no", "network": "AAATA", "network:wikidata": "Q4766233", "brand": null, "phone:aaata": null, "ref:aaata": null, "ref:umich": null, "route_ref:aaata": null, "website:aaata": null, "website:aaata:maps": null, "website:umich:map": null, "website:umich:routes": null, "wheelchair": null, "check_date:shelter": null, "note": null, "passenger_information_display": "no", "network:wikipedia": "en:Ann Arbor Area Transportation Authority", "alt_name": null, "local_ref": null, "ref:signed": null, "operator:wikidata": null, "operator:wikipedia": null, "mapillary": null, "route_ref": null, "survey:date": null, "covered": null, "arrival_times:description": null, "phone": null, "surface": null, "website": null, "website:map": null, "wheelchair:description": null, "departures_board": null, "source": null, "source:date": null, "check_date:bench": null, "smoothness": null, "description:arrival_times": null, "check_date": null, "check_date:lit": null, "check_date:tactile_paving": null, "fixme": null, "paving_stones:material": null, "sign": null, "railway": null, "railway:ref": null, "train": null }, "geometry": { "type": "Point", "coordinates": [ -83.7495825, 42.2720123 ] } },
{ "type": "Feature", "properties": { "index": 160, "element": "node", "id": 3129806832, "bench": null, "bin": null, "bus": "yes", "description": null, "highway": "bus_stop", "lit": null, "name": "N - Pauline west of Stadium", "operator": "AAATA", "public_transport": "platform", "ref": null, "shelter": "yes", "tactile_paving": null, "network": "AAATA", "network:wikidata": "Q4766233", "brand": null, "phone:aaata": null, "ref:aaata": null, "ref:umich": null, "route_ref:aaata": null, "website:aaata": null, "website:aaata:maps": null, "website:umich:map": null, "website:umich:routes": null, "wheelchair": null, "check_date:shelter": null, "note": null, "passenger_information_display": null, "network:wikipedia": null, "alt_name": null, "local_ref": null, "ref:signed": null, "operator:wikidata": null, "operator:wikipedia": null, "mapillary": null, "route_ref": null, "survey:date": null, "covered": null, "arrival_times:description": null, "phone": null, "surface": null, "website": null, "website:map": null, "wheelchair:description": null, "departures_board": null, "source": null, "source:date": null, "check_date:bench": null, "smoothness": null, "description:arrival_times": null, "check_date": null, "check_date:lit": null, "check_date:tactile_paving": null, "fixme": null, "paving_stones:material": null, "sign": null, "railway": null, "railway:ref": null, "train": null }, "geometry": { "type": "Point", "coordinates": [ -83.7745197, 42.2680053 ] } },
{ "type": "Feature", "properties": { "index": 161, "element": "node", "id": 4778895910, "bench": "no", "bin": "no", "bus": "yes", "description": null, "highway": "bus_stop", "lit": null, "name": "W - Seventh south of Pauline", "operator": null, "public_transport": "platform", "ref": null, "shelter": "no", "tactile_paving": "no", "network": "AAATA", "network:wikidata": "Q4766233", "brand": null, "phone:aaata": null, "ref:aaata": null, "ref:umich": null, "route_ref:aaata": null, "website:aaata": null, "website:aaata:maps": null, "website:umich:map": null, "website:umich:routes": null, "wheelchair": null, "check_date:shelter": null, "note": null, "passenger_information_display": null, "network:wikipedia": null, "alt_name": null, "local_ref": null, "ref:signed": null, "operator:wikidata": null, "operator:wikipedia": null, "mapillary": null, "route_ref": null, "survey:date": null, "covered": null, "arrival_times:description": null, "phone": null, "surface": null, "website": null, "website:map": null, "wheelchair:description": null, "departures_board": null, "source": null, "source:date": null, "check_date:bench": null, "smoothness": null, "description:arrival_times": null, "check_date": null, "check_date:lit": null, "check_date:tactile_paving": null, "fixme": null, "paving_stones:material": null, "sign": null, "railway": null, "railway:ref": null, "train": null }, "geometry": { "type": "Point", "coordinates": [ -83.7583493, 42.2681492 ] } },
{ "type": "Feature", "properties": { "index": 162, "element": "node", "id": 4921098466, "bench": "no", "bin": null, "bus": "yes", "description": null, "highway": "bus_stop", "lit": null, "name": "Pauline + Meadowbrook", "operator": "AAATA", "public_transport": "platform", "ref": "688", "shelter": "no", "tactile_paving": null, "network": "AAATA", "network:wikidata": "Q4766233", "brand": null, "phone:aaata": null, "ref:aaata": null, "ref:umich": null, "route_ref:aaata": null, "website:aaata": null, "website:aaata:maps": null, "website:umich:map": null, "website:umich:routes": null, "wheelchair": null, "check_date:shelter": null, "note": null, "passenger_information_display": null, "network:wikipedia": null, "alt_name": null, "local_ref": null, "ref:signed": null, "operator:wikidata": null, "operator:wikipedia": null, "mapillary": null, "route_ref": null, "survey:date": null, "covered": null, "arrival_times:description": null, "phone": null, "surface": null, "website": null, "website:map": null, "wheelchair:description": null, "departures_board": null, "source": null, "source:date": null, "check_date:bench": null, "smoothness": null, "description:arrival_times": null, "check_date": null, "check_date:lit": null, "check_date:tactile_paving": null, "fixme": null, "paving_stones:material": null, "sign": null, "railway": null, "railway:ref": null, "train": null }, "geometry": { "type": "Point", "coordinates": [ -83.7639969, 42.2681916 ] } },
{ "type": "Feature", "properties": { "index": 163, "element": "node", "id": 4921098465, "bench": "no", "bin": null, "bus": "yes", "description": null, "highway": "bus_stop", "lit": null, "name": "Pauline + Meadowbrook", "operator": "ATAAA", "public_transport": "platform", "ref": "669", "shelter": "no", "tactile_paving": null, "network": "AAATA", "network:wikidata": "Q4766233", "brand": null, "phone:aaata": null, "ref:aaata": null, "ref:umich": null, "route_ref:aaata": null, "website:aaata": null, "website:aaata:maps": null, "website:umich:map": null, "website:umich:routes": null, "wheelchair": null, "check_date:shelter": null, "note": null, "passenger_information_display": null, "network:wikipedia": null, "alt_name": null, "local_ref": null, "ref:signed": null, "operator:wikidata": null, "operator:wikipedia": null, "mapillary": null, "route_ref": null, "survey:date": null, "covered": null, "arrival_times:description": null, "phone": null, "surface": null, "website": null, "website:map": null, "wheelchair:description": null, "departures_board": null, "source": null, "source:date": null, "check_date:bench": null, "smoothness": null, "description:arrival_times": null, "check_date": null, "check_date:lit": null, "check_date:tactile_paving": null, "fixme": null, "paving_stones:material": null, "sign": null, "railway": null, "railway:ref": null, "train": null }, "geometry": { "type": "Point", "coordinates": [ -83.764418, 42.2683057 ] } },
{ "type": "Feature", "properties": { "index": 164, "element": "node", "id": 4801812216, "bench": "no", "bin": "no", "bus": "yes", "description": null, "highway": "bus_stop", "lit": "no", "name": "E - Seventh north of Pauline", "operator": null, "public_transport": "platform", "ref": "996-0400", "shelter": "no", "tactile_paving": "no", "network": "AAATA", "network:wikidata": "Q4766233", "brand": null, "phone:aaata": null, "ref:aaata": null, "ref:umich": null, "route_ref:aaata": null, "website:aaata": null, "website:aaata:maps": null, "website:umich:map": null, "website:umich:routes": null, "wheelchair": null, "check_date:shelter": null, "note": null, "passenger_information_display": null, "network:wikipedia": null, "alt_name": null, "local_ref": null, "ref:signed": null, "operator:wikidata": null, "operator:wikipedia": null, "mapillary": null, "route_ref": null, "survey:date": null, "covered": null, "arrival_times:description": null, "phone": null, "surface": null, "website": null, "website:map": null, "wheelchair:description": null, "departures_board": null, "source": null, "source:date": null, "check_date:bench": null, "smoothness": null, "description:arrival_times": null, "check_date": null, "check_date:lit": null, "check_date:tactile_paving": null, "fixme": null, "paving_stones:material": null, "sign": null, "railway": null, "railway:ref": null, "train": null }, "geometry": { "type": "Point", "coordinates": [ -83.7582073, 42.268683 ] } },
{ "type": "Feature", "properties": { "index": 165, "element": "node", "id": 3129806830, "bench": null, "bin": null, "bus": "yes", "description": null, "highway": "bus_stop", "lit": null, "name": "E- S Maple north of Pauline", "operator": "AATA", "public_transport": "platform", "ref": null, "shelter": "yes", "tactile_paving": null, "network": "AAATA", "network:wikidata": "Q4766233", "brand": null, "phone:aaata": null, "ref:aaata": null, "ref:umich": null, "route_ref:aaata": null, "website:aaata": null, "website:aaata:maps": null, "website:umich:map": null, "website:umich:routes": null, "wheelchair": null, "check_date:shelter": null, "note": null, "passenger_information_display": null, "network:wikipedia": null, "alt_name": null, "local_ref": null, "ref:signed": null, "operator:wikidata": null, "operator:wikipedia": null, "mapillary": null, "route_ref": null, "survey:date": null, "covered": null, "arrival_times:description": null, "phone": null, "surface": null, "website": null, "website:map": null, "wheelchair:description": null, "departures_board": null, "source": null, "source:date": null, "check_date:bench": null, "smoothness": null, "description:arrival_times": null, "check_date": null, "check_date:lit": null, "check_date:tactile_paving": null, "fixme": null, "paving_stones:material": null, "sign": null, "railway": null, "railway:ref": null, "train": null }, "geometry": { "type": "Point", "coordinates": [ -83.7797554, 42.2692557 ] } },
{ "type": "Feature", "properties": { "index": 166, "element": "node", "id": 4801812215, "bench": "no", "bin": "no", "bus": "yes", "description": null, "highway": "bus_stop", "lit": "no", "name": "E - Seventh north of Davis", "operator": null, "public_transport": "platform", "ref": "895", "shelter": "no", "tactile_paving": "no", "network": "AAATA", "network:wikidata": "Q4766233", "brand": null, "phone:aaata": null, "ref:aaata": null, "ref:umich": null, "route_ref:aaata": null, "website:aaata": null, "website:aaata:maps": null, "website:umich:map": null, "website:umich:routes": null, "wheelchair": null, "check_date:shelter": null, "note": null, "passenger_information_display": null, "network:wikipedia": null, "alt_name": null, "local_ref": null, "ref:signed": null, "operator:wikidata": null, "operator:wikipedia": null, "mapillary": null, "route_ref": null, "survey:date": null, "covered": null, "arrival_times:description": null, "phone": null, "surface": null, "website": null, "website:map": null, "wheelchair:description": null, "departures_board": null, "source": null, "source:date": null, "check_date:bench": null, "smoothness": null, "description:arrival_times": null, "check_date": null, "check_date:lit": null, "check_date:tactile_paving": null, "fixme": null, "paving_stones:material": null, "sign": null, "railway": null, "railway:ref": null, "train": null }, "geometry": { "type": "Point", "coordinates": [ -83.7582502, 42.270521 ] } },
{ "type": "Feature", "properties": { "index": 167, "element": "node", "id": 5799783991, "bench": "no", "bin": null, "bus": "yes", "description": null, "highway": "bus_stop", "lit": "no", "name": "Liberty + Liberty Pointe", "operator": "AAATA", "public_transport": "platform", "ref": "2070", "shelter": "no", "tactile_paving": null, "network": "AAATA", "network:wikidata": "Q4766233", "brand": null, "phone:aaata": null, "ref:aaata": null, "ref:umich": null, "route_ref:aaata": null, "website:aaata": null, "website:aaata:maps": null, "website:umich:map": null, "website:umich:routes": null, "wheelchair": null, "check_date:shelter": null, "note": null, "passenger_information_display": "no", "network:wikipedia": null, "alt_name": null, "local_ref": null, "ref:signed": null, "operator:wikidata": null, "operator:wikipedia": null, "mapillary": null, "route_ref": null, "survey:date": null, "covered": null, "arrival_times:description": null, "phone": null, "surface": null, "website": null, "website:map": null, "wheelchair:description": null, "departures_board": null, "source": null, "source:date": null, "check_date:bench": null, "smoothness": null, "description:arrival_times": null, "check_date": null, "check_date:lit": null, "check_date:tactile_paving": null, "fixme": null, "paving_stones:material": null, "sign": null, "railway": null, "railway:ref": null, "train": null }, "geometry": { "type": "Point", "coordinates": [ -83.7865786, 42.2727782 ] } },
{ "type": "Feature", "properties": { "index": 168, "element": "node", "id": 4782001572, "bench": "no", "bin": "no", "bus": "yes", "description": null, "highway": "bus_stop", "lit": "no", "name": "E- Seventh north of Princeton", "operator": null, "public_transport": "platform", "ref": "896", "shelter": "no", "tactile_paving": "no", "network": "AAATA", "network:wikidata": "Q4766233", "brand": null, "phone:aaata": null, "ref:aaata": null, "ref:umich": null, "route_ref:aaata": null, "website:aaata": null, "website:aaata:maps": null, "website:umich:map": null, "website:umich:routes": null, "wheelchair": null, "check_date:shelter": null, "note": null, "passenger_information_display": null, "network:wikipedia": null, "alt_name": null, "local_ref": null, "ref:signed": null, "operator:wikidata": null, "operator:wikipedia": null, "mapillary": null, "route_ref": null, "survey:date": null, "covered": null, "arrival_times:description": null, "phone": null, "surface": null, "website": null, "website:map": null, "wheelchair:description": null, "departures_board": null, "source": null, "source:date": null, "check_date:bench": null, "smoothness": null, "description:arrival_times": null, "check_date": null, "check_date:lit": null, "check_date:tactile_paving": null, "fixme": null, "paving_stones:material": null, "sign": null, "railway": null, "railway:ref": null, "train": null }, "geometry": { "type": "Point", "coordinates": [ -83.7583278, 42.2730201 ] } },
{ "type": "Feature", "properties": { "index": 169, "element": "node", "id": 4949768099, "bench": "no", "bin": null, "bus": "yes", "description": null, "highway": "bus_stop", "lit": null, "name": null, "operator": null, "public_transport": "platform", "ref": null, "shelter": "no", "tactile_paving": null, "network": "AAATA", "network:wikidata": "Q4766233", "brand": null, "phone:aaata": null, "ref:aaata": null, "ref:umich": null, "route_ref:aaata": null, "website:aaata": null, "website:aaata:maps": null, "website:umich:map": null, "website:umich:routes": null, "wheelchair": null, "check_date:shelter": null, "note": null, "passenger_information_display": null, "network:wikipedia": null, "alt_name": null, "local_ref": null, "ref:signed": null, "operator:wikidata": null, "operator:wikipedia": null, "mapillary": null, "route_ref": null, "survey:date": null, "covered": null, "arrival_times:description": null, "phone": null, "surface": null, "website": null, "website:map": null, "wheelchair:description": null, "departures_board": null, "source": null, "source:date": null, "check_date:bench": null, "smoothness": null, "description:arrival_times": null, "check_date": null, "check_date:lit": null, "check_date:tactile_paving": null, "fixme": null, "paving_stones:material": null, "sign": null, "railway": null, "railway:ref": null, "train": null }, "geometry": { "type": "Point", "coordinates": [ -83.7584807, 42.2732419 ] } },
{ "type": "Feature", "properties": { "index": 170, "element": "node", "id": 4763164354, "bench": "no", "bin": "yes", "bus": "yes", "description": null, "highway": "bus_stop", "lit": null, "name": "W Main south of Mosley", "operator": null, "public_transport": "platform", "ref": null, "shelter": "no", "tactile_paving": "no", "network": "AAATA", "network:wikidata": "Q4766233", "brand": null, "phone:aaata": null, "ref:aaata": null, "ref:umich": null, "route_ref:aaata": null, "website:aaata": null, "website:aaata:maps": null, "website:umich:map": null, "website:umich:routes": null, "wheelchair": null, "check_date:shelter": null, "note": null, "passenger_information_display": null, "network:wikipedia": null, "alt_name": null, "local_ref": null, "ref:signed": null, "operator:wikidata": null, "operator:wikipedia": null, "mapillary": null, "route_ref": null, "survey:date": null, "covered": null, "arrival_times:description": null, "phone": null, "surface": null, "website": null, "website:map": null, "wheelchair:description": null, "departures_board": null, "source": null, "source:date": null, "check_date:bench": null, "smoothness": null, "description:arrival_times": null, "check_date": null, "check_date:lit": null, "check_date:tactile_paving": null, "fixme": null, "paving_stones:material": null, "sign": null, "railway": null, "railway:ref": null, "train": null }, "geometry": { "type": "Point", "coordinates": [ -83.7496367, 42.2724687 ] } },
{ "type": "Feature", "properties": { "index": 171, "element": "node", "id": 3908834959, "bench": null, "bin": null, "bus": "yes", "description": null, "highway": "bus_stop", "lit": null, "name": "S - Madison west of Sixth", "operator": null, "public_transport": "platform", "ref": "15", "shelter": null, "tactile_paving": null, "network": "AAATA", "network:wikidata": "Q4766233", "brand": null, "phone:aaata": null, "ref:aaata": null, "ref:umich": null, "route_ref:aaata": null, "website:aaata": null, "website:aaata:maps": null, "website:umich:map": null, "website:umich:routes": null, "wheelchair": null, "check_date:shelter": null, "note": "897", "passenger_information_display": null, "network:wikipedia": null, "alt_name": null, "local_ref": null, "ref:signed": null, "operator:wikidata": null, "operator:wikipedia": null, "mapillary": null, "route_ref": null, "survey:date": null, "covered": null, "arrival_times:description": null, "phone": null, "surface": null, "website": null, "website:map": null, "wheelchair:description": null, "departures_board": null, "source": null, "source:date": null, "check_date:bench": null, "smoothness": null, "description:arrival_times": null, "check_date": null, "check_date:lit": null, "check_date:tactile_paving": null, "fixme": null, "paving_stones:material": null, "sign": null, "railway": null, "railway:ref": null, "train": null }, "geometry": { "type": "Point", "coordinates": [ -83.7575325, 42.2738767 ] } },
{ "type": "Feature", "properties": { "index": 172, "element": "node", "id": 3908834960, "bench": "no", "bin": "yes", "bus": "yes", "description": null, "highway": "bus_stop", "lit": "no", "name": "S - Madison west of Fourth", "operator": null, "public_transport": "platform", "ref": "15", "shelter": "no", "tactile_paving": "yes", "network": null, "network:wikidata": null, "brand": null, "phone:aaata": null, "ref:aaata": null, "ref:umich": null, "route_ref:aaata": null, "website:aaata": null, "website:aaata:maps": null, "website:umich:map": null, "website:umich:routes": null, "wheelchair": null, "check_date:shelter": null, "note": "898", "passenger_information_display": null, "network:wikipedia": null, "alt_name": null, "local_ref": null, "ref:signed": null, "operator:wikidata": null, "operator:wikipedia": null, "mapillary": null, "route_ref": null, "survey:date": null, "covered": null, "arrival_times:description": null, "phone": null, "surface": null, "website": null, "website:map": null, "wheelchair:description": null, "departures_board": null, "source": null, "source:date": null, "check_date:bench": null, "smoothness": null, "description:arrival_times": null, "check_date": null, "check_date:lit": null, "check_date:tactile_paving": null, "fixme": null, "paving_stones:material": null, "sign": null, "railway": null, "railway:ref": null, "train": null }, "geometry": { "type": "Point", "coordinates": [ -83.7548231, 42.2739159 ] } },
{ "type": "Feature", "properties": { "index": 173, "element": "node", "id": 4763445642, "bench": "no", "bin": "no", "bus": "yes", "description": null, "highway": "bus_stop", "lit": null, "name": "W - Main south of Madison", "operator": null, "public_transport": "platform", "ref": null, "shelter": "no", "tactile_paving": "no", "network": "AAATA", "network:wikidata": "Q4766233", "brand": null, "phone:aaata": null, "ref:aaata": null, "ref:umich": null, "route_ref:aaata": null, "website:aaata": null, "website:aaata:maps": null, "website:umich:map": null, "website:umich:routes": null, "wheelchair": null, "check_date:shelter": null, "note": null, "passenger_information_display": null, "network:wikipedia": null, "alt_name": null, "local_ref": null, "ref:signed": null, "operator:wikidata": null, "operator:wikipedia": null, "mapillary": null, "route_ref": null, "survey:date": null, "covered": null, "arrival_times:description": null, "phone": null, "surface": null, "website": null, "website:map": null, "wheelchair:description": null, "departures_board": null, "source": null, "source:date": null, "check_date:bench": null, "smoothness": null, "description:arrival_times": null, "check_date": null, "check_date:lit": null, "check_date:tactile_paving": null, "fixme": null, "paving_stones:material": null, "sign": null, "railway": null, "railway:ref": null, "train": null }, "geometry": { "type": "Point", "coordinates": [ -83.7491533, 42.2739484 ] } },
{ "type": "Feature", "properties": { "index": 174, "element": "node", "id": 4783793739, "bench": "no", "bin": "no", "bus": "yes", "description": null, "highway": "bus_stop", "lit": null, "name": "S - Madison west of First", "operator": null, "public_transport": "platform", "ref": null, "shelter": "no", "tactile_paving": "no", "network": "AAATA", "network:wikidata": "Q4766233", "brand": null, "phone:aaata": null, "ref:aaata": null, "ref:umich": null, "route_ref:aaata": null, "website:aaata": null, "website:aaata:maps": null, "website:umich:map": null, "website:umich:routes": null, "wheelchair": null, "check_date:shelter": null, "note": null, "passenger_information_display": null, "network:wikipedia": null, "alt_name": null, "local_ref": null, "ref:signed": null, "operator:wikidata": null, "operator:wikipedia": null, "mapillary": null, "route_ref": null, "survey:date": null, "covered": null, "arrival_times:description": null, "phone": null, "surface": null, "website": null, "website:map": null, "wheelchair:description": null, "departures_board": null, "source": null, "source:date": null, "check_date:bench": null, "smoothness": null, "description:arrival_times": null, "check_date": null, "check_date:lit": null, "check_date:tactile_paving": null, "fixme": null, "paving_stones:material": null, "sign": null, "railway": null, "railway:ref": null, "train": null }, "geometry": { "type": "Point", "coordinates": [ -83.7511916, 42.2739839 ] } },
{ "type": "Feature", "properties": { "index": 175, "element": "node", "id": 3908834961, "bench": null, "bin": null, "bus": "yes", "description": null, "highway": "bus_stop", "lit": null, "name": "N - Madison west of Sixth", "operator": null, "public_transport": "platform", "ref": "15", "shelter": null, "tactile_paving": null, "network": "AAATA", "network:wikidata": "Q4766233", "brand": null, "phone:aaata": null, "ref:aaata": null, "ref:umich": null, "route_ref:aaata": null, "website:aaata": null, "website:aaata:maps": null, "website:umich:map": null, "website:umich:routes": null, "wheelchair": null, "check_date:shelter": null, "note": "871", "passenger_information_display": null, "network:wikipedia": null, "alt_name": null, "local_ref": null, "ref:signed": null, "operator:wikidata": null, "operator:wikipedia": null, "mapillary": null, "route_ref": null, "survey:date": null, "covered": null, "arrival_times:description": null, "phone": null, "surface": null, "website": null, "website:map": null, "wheelchair:description": null, "departures_board": null, "source": null, "source:date": null, "check_date:bench": null, "smoothness": null, "description:arrival_times": null, "check_date": null, "check_date:lit": null, "check_date:tactile_paving": null, "fixme": null, "paving_stones:material": null, "sign": null, "railway": null, "railway:ref": null, "train": null }, "geometry": { "type": "Point", "coordinates": [ -83.757527, 42.273988 ] } },
{ "type": "Feature", "properties": { "index": 176, "element": "node", "id": 5800073635, "bench": "no", "bin": "no", "bus": "yes", "description": null, "highway": "bus_stop", "lit": "no", "name": "Madison + Rail Road Tracks", "operator": "AAATA", "public_transport": "platform", "ref": "2167", "shelter": "no", "tactile_paving": "no", "network": "AAATA", "network:wikidata": "Q4766233", "brand": null, "phone:aaata": null, "ref:aaata": null, "ref:umich": null, "route_ref:aaata": null, "website:aaata": null, "website:aaata:maps": null, "website:umich:map": null, "website:umich:routes": null, "wheelchair": null, "check_date:shelter": "2025-03-11", "note": null, "passenger_information_display": "no", "network:wikipedia": "en:Ann Arbor Area Transportation Authority", "alt_name": null, "local_ref": null, "ref:signed": null, "operator:wikidata": null, "operator:wikipedia": null, "mapillary": null, "route_ref": null, "survey:date": null, "covered": null, "arrival_times:description": null, "phone": null, "surface": null, "website": null, "website:map": null, "wheelchair:description": null, "departures_board": null, "source": null, "source:date": null, "check_date:bench": null, "smoothness": null, "description:arrival_times": null, "check_date": null, "check_date:lit": null, "check_date:tactile_paving": null, "fixme": null, "paving_stones:material": null, "sign": null, "railway": null, "railway:ref": null, "train": null }, "geometry": { "type": "Point", "coordinates": [ -83.7484568, 42.2739898 ] } },
{ "type": "Feature", "properties": { "index": 177, "element": "node", "id": 3908834962, "bench": "no", "bin": "no", "bus": "yes", "description": null, "highway": "bus_stop", "lit": "no", "name": "N - Madison west of Fourth", "operator": null, "public_transport": "platform", "ref": "15", "shelter": "no", "tactile_paving": "no", "network": null, "network:wikidata": null, "brand": null, "phone:aaata": null, "ref:aaata": null, "ref:umich": null, "route_ref:aaata": null, "website:aaata": null, "website:aaata:maps": null, "website:umich:map": null, "website:umich:routes": null, "wheelchair": null, "check_date:shelter": null, "note": "870", "passenger_information_display": null, "network:wikipedia": null, "alt_name": null, "local_ref": null, "ref:signed": null, "operator:wikidata": null, "operator:wikipedia": null, "mapillary": null, "route_ref": null, "survey:date": null, "covered": null, "arrival_times:description": null, "phone": null, "surface": null, "website": null, "website:map": null, "wheelchair:description": null, "departures_board": null, "source": null, "source:date": null, "check_date:bench": null, "smoothness": null, "description:arrival_times": null, "check_date": null, "check_date:lit": null, "check_date:tactile_paving": null, "fixme": null, "paving_stones:material": null, "sign": null, "railway": null, "railway:ref": null, "train": null }, "geometry": { "type": "Point", "coordinates": [ -83.75495, 42.2740382 ] } },
{ "type": "Feature", "properties": { "index": 178, "element": "node", "id": 4783793738, "bench": "no", "bin": "no", "bus": "yes", "description": null, "highway": "bus_stop", "lit": null, "name": "N - Madison at First", "operator": null, "public_transport": "platform", "ref": null, "shelter": "no", "tactile_paving": "no", "network": "AAATA", "network:wikidata": "Q4766233", "brand": null, "phone:aaata": null, "ref:aaata": null, "ref:umich": null, "route_ref:aaata": null, "website:aaata": null, "website:aaata:maps": null, "website:umich:map": null, "website:umich:routes": null, "wheelchair": null, "check_date:shelter": null, "note": null, "passenger_information_display": null, "network:wikipedia": null, "alt_name": null, "local_ref": null, "ref:signed": null, "operator:wikidata": null, "operator:wikipedia": null, "mapillary": null, "route_ref": null, "survey:date": null, "covered": null, "arrival_times:description": null, "phone": null, "surface": null, "website": null, "website:map": null, "wheelchair:description": null, "departures_board": null, "source": null, "source:date": null, "check_date:bench": null, "smoothness": null, "description:arrival_times": null, "check_date": null, "check_date:lit": null, "check_date:tactile_paving": null, "fixme": null, "paving_stones:material": null, "sign": null, "railway": null, "railway:ref": null, "train": null }, "geometry": { "type": "Point", "coordinates": [ -83.750926, 42.274106 ] } },
{ "type": "Feature", "properties": { "index": 179, "element": "node", "id": 4763445639, "bench": null, "bin": null, "bus": "yes", "description": null, "highway": "bus_stop", "lit": null, "name": "E - Main north of Madison", "operator": null, "public_transport": "platform", "ref": null, "shelter": null, "tactile_paving": null, "network": "AAATA", "network:wikidata": "Q4766233", "brand": null, "phone:aaata": null, "ref:aaata": null, "ref:umich": null, "route_ref:aaata": null, "website:aaata": null, "website:aaata:maps": null, "website:umich:map": null, "website:umich:routes": null, "wheelchair": null, "check_date:shelter": null, "note": null, "passenger_information_display": null, "network:wikipedia": null, "alt_name": null, "local_ref": null, "ref:signed": null, "operator:wikidata": null, "operator:wikipedia": null, "mapillary": null, "route_ref": null, "survey:date": null, "covered": null, "arrival_times:description": null, "phone": null, "surface": null, "website": null, "website:map": null, "wheelchair:description": null, "departures_board": null, "source": null, "source:date": null, "check_date:bench": null, "smoothness": null, "description:arrival_times": null, "check_date": null, "check_date:lit": null, "check_date:tactile_paving": null, "fixme": null, "paving_stones:material": null, "sign": null, "railway": null, "railway:ref": null, "train": null }, "geometry": { "type": "Point", "coordinates": [ -83.748804, 42.2744961 ] } },
{ "type": "Feature", "properties": { "index": 180, "element": "node", "id": 4439086121, "bench": "no", "bin": null, "bus": "yes", "description": null, "highway": "bus_stop", "lit": "no", "name": "Liberty + Maple", "operator": "AAATA", "public_transport": "platform", "ref": "2034", "shelter": "no", "tactile_paving": null, "network": "AAATA", "network:wikidata": "Q4766233", "brand": null, "phone:aaata": null, "ref:aaata": null, "ref:umich": null, "route_ref:aaata": null, "website:aaata": null, "website:aaata:maps": null, "website:umich:map": null, "website:umich:routes": null, "wheelchair": null, "check_date:shelter": null, "note": null, "passenger_information_display": "no", "network:wikipedia": null, "alt_name": null, "local_ref": null, "ref:signed": null, "operator:wikidata": null, "operator:wikipedia": null, "mapillary": null, "route_ref": null, "survey:date": null, "covered": null, "arrival_times:description": null, "phone": null, "surface": null, "website": null, "website:map": null, "wheelchair:description": null, "departures_board": null, "source": "GPS", "source:date": null, "check_date:bench": null, "smoothness": null, "description:arrival_times": null, "check_date": null, "check_date:lit": null, "check_date:tactile_paving": null, "fixme": null, "paving_stones:material": null, "sign": null, "railway": null, "railway:ref": null, "train": null }, "geometry": { "type": "Point", "coordinates": [ -83.7805232, 42.2734556 ] } },
{ "type": "Feature", "properties": { "index": 181, "element": "node", "id": 4438533903, "bench": "no", "bin": null, "bus": "yes", "description": null, "highway": "bus_stop", "lit": null, "name": "Liberty + Maple", "operator": "AAATA", "public_transport": "platform", "ref": "1565", "shelter": "no", "tactile_paving": null, "network": "AAATA", "network:wikidata": "Q4766233", "brand": null, "phone:aaata": null, "ref:aaata": null, "ref:umich": null, "route_ref:aaata": null, "website:aaata": null, "website:aaata:maps": null, "website:umich:map": null, "website:umich:routes": null, "wheelchair": null, "check_date:shelter": null, "note": null, "passenger_information_display": null, "network:wikipedia": null, "alt_name": null, "local_ref": null, "ref:signed": null, "operator:wikidata": null, "operator:wikipedia": null, "mapillary": null, "route_ref": null, "survey:date": null, "covered": null, "arrival_times:description": null, "phone": null, "surface": null, "website": null, "website:map": null, "wheelchair:description": null, "departures_board": null, "source": "GPS", "source:date": null, "check_date:bench": null, "smoothness": null, "description:arrival_times": null, "check_date": null, "check_date:lit": null, "check_date:tactile_paving": null, "fixme": null, "paving_stones:material": null, "sign": null, "railway": null, "railway:ref": null, "train": null }, "geometry": { "type": "Point", "coordinates": [ -83.7794608, 42.2735047 ] } },
{ "type": "Feature", "properties": { "index": 182, "element": "node", "id": 4439086120, "bench": null, "bin": null, "bus": "yes", "description": null, "highway": "bus_stop", "lit": null, "name": "#28, 32", "operator": null, "public_transport": "platform", "ref": "28,32", "shelter": null, "tactile_paving": null, "network": null, "network:wikidata": null, "brand": null, "phone:aaata": null, "ref:aaata": null, "ref:umich": null, "route_ref:aaata": null, "website:aaata": null, "website:aaata:maps": null, "website:umich:map": null, "website:umich:routes": null, "wheelchair": null, "check_date:shelter": null, "note": null, "passenger_information_display": null, "network:wikipedia": null, "alt_name": null, "local_ref": null, "ref:signed": null, "operator:wikidata": null, "operator:wikipedia": null, "mapillary": null, "route_ref": null, "survey:date": null, "covered": null, "arrival_times:description": null, "phone": null, "surface": null, "website": null, "website:map": null, "wheelchair:description": null, "departures_board": null, "source": "GPS", "source:date": null, "check_date:bench": null, "smoothness": null, "description:arrival_times": null, "check_date": null, "check_date:lit": null, "check_date:tactile_paving": null, "fixme": null, "paving_stones:material": null, "sign": null, "railway": null, "railway:ref": null, "train": null }, "geometry": { "type": "Point", "coordinates": [ -83.7799224, 42.2737742 ] } },
{ "type": "Feature", "properties": { "index": 183, "element": "node", "id": 4437933856, "bench": "no", "bin": "no", "bus": "yes", "description": null, "highway": "bus_stop", "lit": "no", "name": "Liberty + Stadium", "operator": "AAATA", "public_transport": "platform", "ref": "2149", "shelter": "no", "tactile_paving": "no", "network": "AAATA", "network:wikidata": "Q4766233", "brand": null, "phone:aaata": null, "ref:aaata": null, "ref:umich": null, "route_ref:aaata": null, "website:aaata": null, "website:aaata:maps": null, "website:umich:map": null, "website:umich:routes": null, "wheelchair": null, "check_date:shelter": null, "note": null, "passenger_information_display": "no", "network:wikipedia": null, "alt_name": null, "local_ref": null, "ref:signed": null, "operator:wikidata": null, "operator:wikipedia": null, "mapillary": null, "route_ref": null, "survey:date": null, "covered": null, "arrival_times:description": null, "phone": null, "surface": null, "website": null, "website:map": null, "wheelchair:description": null, "departures_board": null, "source": null, "source:date": null, "check_date:bench": null, "smoothness": null, "description:arrival_times": null, "check_date": null, "check_date:lit": null, "check_date:tactile_paving": null, "fixme": null, "paving_stones:material": null, "sign": null, "railway": null, "railway:ref": null, "train": null }, "geometry": { "type": "Point", "coordinates": [ -83.7774679, 42.2741168 ] } },
{ "type": "Feature", "properties": { "index": 184, "element": "node", "id": 5799783990, "bench": "no", "bin": "no", "bus": "yes", "description": null, "highway": "bus_stop", "lit": "no", "name": "Liberty + Burwood", "operator": "AAATA", "public_transport": "platform", "ref": "1723", "shelter": "no", "tactile_paving": "no", "network": "AAATA", "network:wikidata": "Q4766233", "brand": null, "phone:aaata": null, "ref:aaata": null, "ref:umich": null, "route_ref:aaata": null, "website:aaata": null, "website:aaata:maps": null, "website:umich:map": null, "website:umich:routes": null, "wheelchair": null, "check_date:shelter": null, "note": null, "passenger_information_display": "no", "network:wikipedia": null, "alt_name": null, "local_ref": null, "ref:signed": null, "operator:wikidata": null, "operator:wikipedia": null, "mapillary": null, "route_ref": null, "survey:date": null, "covered": null, "arrival_times:description": null, "phone": null, "surface": null, "website": null, "website:map": null, "wheelchair:description": null, "departures_board": null, "source": null, "source:date": null, "check_date:bench": null, "smoothness": null, "description:arrival_times": null, "check_date": null, "check_date:lit": null, "check_date:tactile_paving": null, "fixme": null, "paving_stones:material": null, "sign": null, "railway": null, "railway:ref": null, "train": null }, "geometry": { "type": "Point", "coordinates": [ -83.7750491, 42.2746033 ] } },
{ "type": "Feature", "properties": { "index": 185, "element": "node", "id": 5799783989, "bench": "no", "bin": null, "bus": "yes", "description": null, "highway": "bus_stop", "lit": "no", "name": "Liberty + Dartmoor", "operator": "AAATA", "public_transport": "platform", "ref": "757", "shelter": "no", "tactile_paving": null, "network": "AAATA", "network:wikidata": "Q4766233", "brand": null, "phone:aaata": null, "ref:aaata": null, "ref:umich": null, "route_ref:aaata": null, "website:aaata": null, "website:aaata:maps": null, "website:umich:map": null, "website:umich:routes": null, "wheelchair": null, "check_date:shelter": null, "note": null, "passenger_information_display": "no", "network:wikipedia": null, "alt_name": null, "local_ref": null, "ref:signed": null, "operator:wikidata": null, "operator:wikipedia": null, "mapillary": null, "route_ref": null, "survey:date": null, "covered": null, "arrival_times:description": null, "phone": null, "surface": null, "website": null, "website:map": null, "wheelchair:description": null, "departures_board": null, "source": null, "source:date": null, "check_date:bench": null, "smoothness": null, "description:arrival_times": null, "check_date": null, "check_date:lit": null, "check_date:tactile_paving": null, "fixme": null, "paving_stones:material": null, "sign": null, "railway": null, "railway:ref": null, "train": null }, "geometry": { "type": "Point", "coordinates": [ -83.7716117, 42.2753116 ] } },
{ "type": "Feature", "properties": { "index": 186, "element": "node", "id": 5799783988, "bench": "no", "bin": "no", "bus": "yes", "description": null, "highway": "bus_stop", "lit": "no", "name": "Liberty + Virginia Park", "operator": "AAATA", "public_transport": "platform", "ref": "756", "shelter": "no", "tactile_paving": "no", "network": "AAATA", "network:wikidata": "Q4766233", "brand": null, "phone:aaata": null, "ref:aaata": null, "ref:umich": null, "route_ref:aaata": null, "website:aaata": null, "website:aaata:maps": null, "website:umich:map": null, "website:umich:routes": null, "wheelchair": null, "check_date:shelter": null, "note": null, "passenger_information_display": "no", "network:wikipedia": null, "alt_name": null, "local_ref": null, "ref:signed": null, "operator:wikidata": null, "operator:wikipedia": null, "mapillary": null, "route_ref": null, "survey:date": null, "covered": null, "arrival_times:description": null, "phone": null, "surface": null, "website": null, "website:map": null, "wheelchair:description": null, "departures_board": null, "source": null, "source:date": null, "check_date:bench": null, "smoothness": null, "description:arrival_times": null, "check_date": null, "check_date:lit": null, "check_date:tactile_paving": null, "fixme": null, "paving_stones:material": null, "sign": null, "railway": null, "railway:ref": null, "train": null }, "geometry": { "type": "Point", "coordinates": [ -83.7666679, 42.2763343 ] } },
{ "type": "Feature", "properties": { "index": 187, "element": "node", "id": 5799783987, "bench": "no", "bin": "no", "bus": "yes", "description": null, "highway": "bus_stop", "lit": "no", "name": "Liberty + Soule", "operator": "AAATA", "public_transport": "platform", "ref": "2233", "shelter": "no", "tactile_paving": "no", "network": "AAATA", "network:wikidata": "Q4766233", "brand": null, "phone:aaata": null, "ref:aaata": null, "ref:umich": null, "route_ref:aaata": null, "website:aaata": null, "website:aaata:maps": null, "website:umich:map": null, "website:umich:routes": null, "wheelchair": null, "check_date:shelter": "2023-07-25", "note": null, "passenger_information_display": "no", "network:wikipedia": null, "alt_name": null, "local_ref": null, "ref:signed": null, "operator:wikidata": null, "operator:wikipedia": null, "mapillary": null, "route_ref": null, "survey:date": null, "covered": null, "arrival_times:description": null, "phone": null, "surface": null, "website": null, "website:map": null, "wheelchair:description": null, "departures_board": null, "source": null, "source:date": null, "check_date:bench": null, "smoothness": null, "description:arrival_times": null, "check_date": null, "check_date:lit": null, "check_date:tactile_paving": null, "fixme": null, "paving_stones:material": null, "sign": null, "railway": null, "railway:ref": null, "train": null }, "geometry": { "type": "Point", "coordinates": [ -83.7641585, 42.2768565 ] } },
{ "type": "Feature", "properties": { "index": 188, "element": "node", "id": 5799783986, "bench": "no", "bin": "no", "bus": "yes", "description": null, "highway": "bus_stop", "lit": "no", "name": "Liberty + Eberwhite", "operator": "AAATA", "public_transport": "platform", "ref": "574", "shelter": "no", "tactile_paving": "no", "network": "AAATA", "network:wikidata": "Q4766233", "brand": null, "phone:aaata": null, "ref:aaata": null, "ref:umich": null, "route_ref:aaata": null, "website:aaata": null, "website:aaata:maps": null, "website:umich:map": null, "website:umich:routes": null, "wheelchair": null, "check_date:shelter": null, "note": null, "passenger_information_display": "no", "network:wikipedia": null, "alt_name": null, "local_ref": null, "ref:signed": null, "operator:wikidata": null, "operator:wikipedia": null, "mapillary": null, "route_ref": null, "survey:date": null, "covered": null, "arrival_times:description": null, "phone": null, "surface": null, "website": null, "website:map": null, "wheelchair:description": null, "departures_board": null, "source": null, "source:date": null, "check_date:bench": null, "smoothness": null, "description:arrival_times": null, "check_date": null, "check_date:lit": null, "check_date:tactile_paving": null, "fixme": null, "paving_stones:material": null, "sign": null, "railway": null, "railway:ref": null, "train": null }, "geometry": { "type": "Point", "coordinates": [ -83.7617834, 42.2773536 ] } },
{ "type": "Feature", "properties": { "index": 189, "element": "node", "id": 3908834958, "bench": "no", "bin": null, "bus": "yes", "description": null, "highway": "bus_stop", "lit": "no", "name": "Liberty + Seventh", "operator": "AAATA", "public_transport": "platform", "ref": "753", "shelter": "no", "tactile_paving": null, "network": "AAATA", "network:wikidata": "Q4766233", "brand": null, "phone:aaata": null, "ref:aaata": null, "ref:umich": null, "route_ref:aaata": null, "website:aaata": null, "website:aaata:maps": null, "website:umich:map": null, "website:umich:routes": null, "wheelchair": null, "check_date:shelter": null, "note": null, "passenger_information_display": "no", "network:wikipedia": null, "alt_name": null, "local_ref": null, "ref:signed": null, "operator:wikidata": null, "operator:wikipedia": null, "mapillary": null, "route_ref": null, "survey:date": null, "covered": null, "arrival_times:description": null, "phone": null, "surface": null, "website": null, "website:map": null, "wheelchair:description": null, "departures_board": null, "source": null, "source:date": null, "check_date:bench": null, "smoothness": null, "description:arrival_times": null, "check_date": null, "check_date:lit": null, "check_date:tactile_paving": null, "fixme": null, "paving_stones:material": null, "sign": null, "railway": null, "railway:ref": null, "train": null }, "geometry": { "type": "Point", "coordinates": [ -83.759641, 42.277811 ] } },
{ "type": "Feature", "properties": { "index": 190, "element": "node", "id": 9566963528, "bench": "no", "bin": "no", "bus": "yes", "description": null, "highway": "bus_stop", "lit": "yes", "name": "Thompson + William (towards BTC)", "operator": null, "public_transport": "platform", "ref": "490", "shelter": "no", "tactile_paving": "no", "network": "AAATA", "network:wikidata": "Q4766233", "brand": null, "phone:aaata": null, "ref:aaata": null, "ref:umich": null, "route_ref:aaata": null, "website:aaata": null, "website:aaata:maps": null, "website:umich:map": null, "website:umich:routes": null, "wheelchair": null, "check_date:shelter": null, "note": "Track buses at https://www.theride.org/maps-schedules/track-bus or text \"AAATA 490\" to 41411", "passenger_information_display": null, "network:wikipedia": "en:Ann Arbor Area Transportation Authority", "alt_name": null, "local_ref": null, "ref:signed": null, "operator:wikidata": null, "operator:wikipedia": null, "mapillary": null, "route_ref": null, "survey:date": null, "covered": null, "arrival_times:description": null, "phone": null, "surface": null, "website": null, "website:map": null, "wheelchair:description": null, "departures_board": null, "source": null, "source:date": null, "check_date:bench": null, "smoothness": null, "description:arrival_times": null, "check_date": null, "check_date:lit": null, "check_date:tactile_paving": null, "fixme": null, "paving_stones:material": null, "sign": null, "railway": null, "railway:ref": null, "train": null }, "geometry": { "type": "Point", "coordinates": [ -83.7431119, 42.2772038 ] } },
{ "type": "Feature", "properties": { "index": 191, "element": "node", "id": 3196300834, "bench": "no", "bin": "yes", "bus": "yes", "description": null, "highway": "bus_stop", "lit": "yes", "name": "State + William", "operator": "AAATA", "public_transport": "platform", "ref": "380", "shelter": "no", "tactile_paving": "no", "network": "AAATA", "network:wikidata": "Q4766233", "brand": null, "phone:aaata": null, "ref:aaata": null, "ref:umich": null, "route_ref:aaata": null, "website:aaata": null, "website:aaata:maps": null, "website:umich:map": null, "website:umich:routes": null, "wheelchair": null, "check_date:shelter": null, "note": null, "passenger_information_display": null, "network:wikipedia": "en:Ann Arbor Area Transportation Authority", "alt_name": null, "local_ref": null, "ref:signed": null, "operator:wikidata": null, "operator:wikipedia": null, "mapillary": null, "route_ref": null, "survey:date": null, "covered": null, "arrival_times:description": null, "phone": null, "surface": null, "website": null, "website:map": null, "wheelchair:description": null, "departures_board": null, "source": null, "source:date": null, "check_date:bench": null, "smoothness": null, "description:arrival_times": null, "check_date": null, "check_date:lit": null, "check_date:tactile_paving": null, "fixme": null, "paving_stones:material": null, "sign": null, "railway": null, "railway:ref": null, "train": null }, "geometry": { "type": "Point", "coordinates": [ -83.7408665, 42.2774083 ] } },
{ "type": "Feature", "properties": { "index": 192, "element": "node", "id": 4958401107, "bench": "no", "bin": "no", "bus": "yes", "description": null, "highway": "bus_stop", "lit": "no", "name": "Thompson + WIlliam (towards YTC)", "operator": "AAATA", "public_transport": "platform", "ref": "379", "shelter": "no", "tactile_paving": "no", "network": "AAATA", "network:wikidata": "Q4766233", "brand": null, "phone:aaata": null, "ref:aaata": null, "ref:umich": null, "route_ref:aaata": null, "website:aaata": null, "website:aaata:maps": null, "website:umich:map": null, "website:umich:routes": null, "wheelchair": null, "check_date:shelter": null, "note": "Blue Bus stop C222\n\nTrack buses at https://www.theride.org/maps-schedules/track-bus or text \"AAATA 379\" to 41411", "passenger_information_display": null, "network:wikipedia": "en:Ann Arbor Area Transportation Authority", "alt_name": null, "local_ref": null, "ref:signed": "no", "operator:wikidata": null, "operator:wikipedia": null, "mapillary": null, "route_ref": null, "survey:date": null, "covered": null, "arrival_times:description": null, "phone": null, "surface": null, "website": null, "website:map": null, "wheelchair:description": null, "departures_board": null, "source": null, "source:date": null, "check_date:bench": null, "smoothness": null, "description:arrival_times": null, "check_date": null, "check_date:lit": null, "check_date:tactile_paving": null, "fixme": null, "paving_stones:material": null, "sign": null, "railway": null, "railway:ref": null, "train": null }, "geometry": { "type": "Point", "coordinates": [ -83.7433024, 42.2775743 ] } },
{ "type": "Feature", "properties": { "index": 193, "element": "node", "id": 4958401110, "bench": "no", "bin": "no", "bus": "yes", "description": null, "highway": "bus_stop", "lit": null, "name": "William + Thompson", "operator": "AAATA", "public_transport": "platform", "ref": null, "shelter": "no", "tactile_paving": "no", "network": "AAATA", "network:wikidata": "Q4766233", "brand": null, "phone:aaata": null, "ref:aaata": null, "ref:umich": null, "route_ref:aaata": null, "website:aaata": null, "website:aaata:maps": null, "website:umich:map": null, "website:umich:routes": null, "wheelchair": null, "check_date:shelter": null, "note": null, "passenger_information_display": null, "network:wikipedia": "en:Ann Arbor Area Transportation Authority", "alt_name": null, "local_ref": null, "ref:signed": null, "operator:wikidata": null, "operator:wikipedia": null, "mapillary": null, "route_ref": null, "survey:date": null, "covered": null, "arrival_times:description": null, "phone": null, "surface": null, "website": null, "website:map": null, "wheelchair:description": null, "departures_board": null, "source": null, "source:date": null, "check_date:bench": null, "smoothness": null, "description:arrival_times": null, "check_date": null, "check_date:lit": null, "check_date:tactile_paving": null, "fixme": null, "paving_stones:material": null, "sign": null, "railway": null, "railway:ref": null, "train": null }, "geometry": { "type": "Point", "coordinates": [ -83.7430086, 42.2777661 ] } },
{ "type": "Feature", "properties": { "index": 194, "element": "node", "id": 4958401063, "bench": "no", "bin": "no", "bus": "yes", "description": null, "highway": "bus_stop", "lit": "no", "name": "William east of Division", "operator": "AAATA", "public_transport": "platform", "ref": "2259", "shelter": "no", "tactile_paving": "yes", "network": "AAATA", "network:wikidata": "Q4766233", "brand": null, "phone:aaata": null, "ref:aaata": null, "ref:umich": null, "route_ref:aaata": null, "website:aaata": null, "website:aaata:maps": null, "website:umich:map": null, "website:umich:routes": null, "wheelchair": null, "check_date:shelter": null, "note": null, "passenger_information_display": null, "network:wikipedia": null, "alt_name": null, "local_ref": null, "ref:signed": null, "operator:wikidata": null, "operator:wikipedia": null, "mapillary": null, "route_ref": null, "survey:date": null, "covered": null, "arrival_times:description": null, "phone": null, "surface": null, "website": null, "website:map": null, "wheelchair:description": null, "departures_board": null, "source": null, "source:date": null, "check_date:bench": null, "smoothness": null, "description:arrival_times": null, "check_date": null, "check_date:lit": null, "check_date:tactile_paving": null, "fixme": null, "paving_stones:material": null, "sign": null, "railway": null, "railway:ref": null, "train": null }, "geometry": { "type": "Point", "coordinates": [ -83.7438499, 42.2778616 ] } },
{ "type": "Feature", "properties": { "index": 195, "element": "node", "id": 4958401111, "bench": "no", "bin": null, "bus": "yes", "description": null, "highway": "bus_stop", "lit": null, "name": "William + Maynard", "operator": null, "public_transport": "platform", "ref": "489", "shelter": "no", "tactile_paving": null, "network": null, "network:wikidata": null, "brand": null, "phone:aaata": null, "ref:aaata": null, "ref:umich": null, "route_ref:aaata": null, "website:aaata": null, "website:aaata:maps": null, "website:umich:map": null, "website:umich:routes": null, "wheelchair": null, "check_date:shelter": null, "note": null, "passenger_information_display": null, "network:wikipedia": null, "alt_name": null, "local_ref": null, "ref:signed": null, "operator:wikidata": null, "operator:wikipedia": null, "mapillary": null, "route_ref": null, "survey:date": null, "covered": null, "arrival_times:description": null, "phone": null, "surface": null, "website": null, "website:map": null, "wheelchair:description": null, "departures_board": null, "source": null, "source:date": null, "check_date:bench": null, "smoothness": null, "description:arrival_times": null, "check_date": null, "check_date:lit": null, "check_date:tactile_paving": null, "fixme": null, "paving_stones:material": null, "sign": null, "railway": null, "railway:ref": null, "train": null }, "geometry": { "type": "Point", "coordinates": [ -83.7418352, 42.2779042 ] } },
{ "type": "Feature", "properties": { "index": 196, "element": "node", "id": 10834307633, "bench": "no", "bin": "no", "bus": "yes", "description": null, "highway": "bus_stop", "lit": null, "name": "South 5th Avenue & East Williams Street", "operator": "MichiganFlyer", "public_transport": "platform", "ref": null, "shelter": "yes", "tactile_paving": "no", "network": "AAATA", "network:wikidata": "Q4766233", "brand": null, "phone:aaata": null, "ref:aaata": null, "ref:umich": null, "route_ref:aaata": null, "website:aaata": null, "website:aaata:maps": null, "website:umich:map": null, "website:umich:routes": null, "wheelchair": null, "check_date:shelter": null, "note": null, "passenger_information_display": "no", "network:wikipedia": null, "alt_name": null, "local_ref": null, "ref:signed": null, "operator:wikidata": null, "operator:wikipedia": null, "mapillary": null, "route_ref": null, "survey:date": null, "covered": null, "arrival_times:description": null, "phone": null, "surface": null, "website": null, "website:map": null, "wheelchair:description": null, "departures_board": null, "source": null, "source:date": null, "check_date:bench": null, "smoothness": null, "description:arrival_times": null, "check_date": null, "check_date:lit": null, "check_date:tactile_paving": null, "fixme": null, "paving_stones:material": null, "sign": null, "railway": null, "railway:ref": null, "train": null }, "geometry": { "type": "Point", "coordinates": [ -83.7462989, 42.2780277 ] } },
{ "type": "Feature", "properties": { "index": 197, "element": "node", "id": 12481097166, "bench": "yes", "bin": null, "bus": "yes", "description": null, "highway": "bus_stop", "lit": null, "name": "Michigan Flyer Boarding Point", "operator": null, "public_transport": "platform", "ref": null, "shelter": "yes", "tactile_paving": null, "network": null, "network:wikidata": null, "brand": null, "phone:aaata": null, "ref:aaata": null, "ref:umich": null, "route_ref:aaata": null, "website:aaata": null, "website:aaata:maps": null, "website:umich:map": null, "website:umich:routes": null, "wheelchair": null, "check_date:shelter": null, "note": null, "passenger_information_display": null, "network:wikipedia": null, "alt_name": null, "local_ref": null, "ref:signed": null, "operator:wikidata": null, "operator:wikipedia": null, "mapillary": null, "route_ref": null, "survey:date": null, "covered": null, "arrival_times:description": null, "phone": null, "surface": null, "website": null, "website:map": null, "wheelchair:description": null, "departures_board": null, "source": null, "source:date": null, "check_date:bench": null, "smoothness": null, "description:arrival_times": null, "check_date": null, "check_date:lit": null, "check_date:tactile_paving": null, "fixme": null, "paving_stones:material": null, "sign": null, "railway": null, "railway:ref": null, "train": null }, "geometry": { "type": "Point", "coordinates": [ -83.7462982, 42.2780862 ] } },
{ "type": "Feature", "properties": { "index": 198, "element": "node", "id": 9866288240, "bench": "no", "bin": "yes", "bus": "yes", "description": null, "highway": "bus_stop", "lit": "yes", "name": "BTC - Fourth Ave Stop 1", "operator": "AAATA", "public_transport": "platform", "ref": "145", "shelter": "no", "tactile_paving": "no", "network": "AAATA", "network:wikidata": "Q4766233", "brand": null, "phone:aaata": null, "ref:aaata": null, "ref:umich": null, "route_ref:aaata": null, "website:aaata": null, "website:aaata:maps": null, "website:umich:map": null, "website:umich:routes": null, "wheelchair": null, "check_date:shelter": null, "note": "This platform used for boarding of buses 4 and 23, as part of the Blake Transit Center.", "passenger_information_display": null, "network:wikipedia": null, "alt_name": null, "local_ref": null, "ref:signed": null, "operator:wikidata": null, "operator:wikipedia": null, "mapillary": null, "route_ref": null, "survey:date": null, "covered": null, "arrival_times:description": null, "phone": null, "surface": null, "website": null, "website:map": null, "wheelchair:description": null, "departures_board": null, "source": null, "source:date": null, "check_date:bench": null, "smoothness": null, "description:arrival_times": null, "check_date": null, "check_date:lit": null, "check_date:tactile_paving": null, "fixme": null, "paving_stones:material": null, "sign": null, "railway": null, "railway:ref": null, "train": null }, "geometry": { "type": "Point", "coordinates": [ -83.7473211, 42.2781925 ] } },
{ "type": "Feature", "properties": { "index": 199, "element": "node", "id": 2758637979, "bench": "no", "bin": "no", "bus": "yes", "description": null, "highway": "bus_stop", "lit": "yes", "name": "State + N University", "operator": "AAATA", "public_transport": "platform", "ref": "573", "shelter": "no", "tactile_paving": "no", "network": "AAATA", "network:wikidata": "Q4766233", "brand": null, "phone:aaata": null, "ref:aaata": null, "ref:umich": null, "route_ref:aaata": null, "website:aaata": null, "website:aaata:maps": null, "website:umich:map": null, "website:umich:routes": null, "wheelchair": null, "check_date:shelter": null, "note": null, "passenger_information_display": null, "network:wikipedia": "en:Ann Arbor Area Transportation Authority", "alt_name": null, "local_ref": null, "ref:signed": null, "operator:wikidata": null, "operator:wikipedia": null, "mapillary": null, "route_ref": null, "survey:date": null, "covered": null, "arrival_times:description": null, "phone": null, "surface": null, "website": null, "website:map": null, "wheelchair:description": null, "departures_board": null, "source": null, "source:date": null, "check_date:bench": null, "smoothness": null, "description:arrival_times": null, "check_date": null, "check_date:lit": null, "check_date:tactile_paving": null, "fixme": null, "paving_stones:material": null, "sign": null, "railway": null, "railway:ref": null, "train": null }, "geometry": { "type": "Point", "coordinates": [ -83.7406715, 42.2783434 ] } },
{ "type": "Feature", "properties": { "index": 200, "element": "node", "id": 5177408626, "bench": null, "bin": null, "bus": "yes", "description": null, "highway": "bus_stop", "lit": null, "name": "Ellsworth + Jonathan", "operator": null, "public_transport": "platform", "ref": "402", "shelter": null, "tactile_paving": null, "network": "AAATA", "network:wikidata": "Q4766233", "brand": null, "phone:aaata": null, "ref:aaata": null, "ref:umich": null, "route_ref:aaata": null, "website:aaata": null, "website:aaata:maps": null, "website:umich:map": null, "website:umich:routes": null, "wheelchair": null, "check_date:shelter": null, "note": "Track buses at https://www.theride.org/maps-schedules/track-bus or text \"AAATA 402\" to 41411", "passenger_information_display": null, "network:wikipedia": "en:Ann Arbor Area Transportation Authority", "alt_name": null, "local_ref": null, "ref:signed": null, "operator:wikidata": null, "operator:wikipedia": null, "mapillary": null, "route_ref": null, "survey:date": null, "covered": null, "arrival_times:description": null, "phone": null, "surface": null, "website": null, "website:map": null, "wheelchair:description": null, "departures_board": null, "source": null, "source:date": null, "check_date:bench": null, "smoothness": null, "description:arrival_times": null, "check_date": null, "check_date:lit": null, "check_date:tactile_paving": null, "fixme": null, "paving_stones:material": null, "sign": null, "railway": null, "railway:ref": null, "train": null }, "geometry": { "type": "Point", "coordinates": [ -83.7105786, 42.2299587 ] } },
{ "type": "Feature", "properties": { "index": 201, "element": "node", "id": 9566963520, "bench": null, "bin": null, "bus": "yes", "description": null, "highway": "bus_stop", "lit": null, "name": "Ellsworth + Shadowood (towards BTC)", "operator": null, "public_transport": "platform", "ref": "468", "shelter": null, "tactile_paving": null, "network": "AAATA", "network:wikidata": "Q4766233", "brand": null, "phone:aaata": null, "ref:aaata": null, "ref:umich": null, "route_ref:aaata": null, "website:aaata": null, "website:aaata:maps": null, "website:umich:map": null, "website:umich:routes": null, "wheelchair": null, "check_date:shelter": null, "note": "Track buses at https://www.theride.org/maps-schedules/track-bus or text \"AAATA 468\" to 41411", "passenger_information_display": null, "network:wikipedia": "en:Ann Arbor Area Transportation Authority", "alt_name": null, "local_ref": null, "ref:signed": null, "operator:wikidata": null, "operator:wikipedia": null, "mapillary": null, "route_ref": null, "survey:date": null, "covered": null, "arrival_times:description": null, "phone": null, "surface": null, "website": null, "website:map": null, "wheelchair:description": null, "departures_board": null, "source": null, "source:date": null, "check_date:bench": null, "smoothness": null, "description:arrival_times": null, "check_date": null, "check_date:lit": null, "check_date:tactile_paving": null, "fixme": null, "paving_stones:material": null, "sign": null, "railway": null, "railway:ref": null, "train": null }, "geometry": { "type": "Point", "coordinates": [ -83.7142338, 42.2300194 ] } },
{ "type": "Feature", "properties": { "index": 202, "element": "node", "id": 5177408625, "bench": "yes", "bin": "yes", "bus": "yes", "description": null, "highway": "bus_stop", "lit": null, "name": "Ellsworth + Braeburn (towards YTC)", "operator": null, "public_transport": "platform", "ref": "403", "shelter": "yes", "tactile_paving": "no", "network": "AAATA", "network:wikidata": "Q4766233", "brand": null, "phone:aaata": null, "ref:aaata": null, "ref:umich": null, "route_ref:aaata": null, "website:aaata": null, "website:aaata:maps": null, "website:umich:map": null, "website:umich:routes": null, "wheelchair": null, "check_date:shelter": "2022-02-21", "note": "Track buses at https://www.theride.org/maps-schedules/track-bus or text \"AAATA 403\" to 41411", "passenger_information_display": null, "network:wikipedia": "en:Ann Arbor Area Transportation Authority", "alt_name": null, "local_ref": null, "ref:signed": null, "operator:wikidata": null, "operator:wikipedia": null, "mapillary": null, "route_ref": null, "survey:date": null, "covered": null, "arrival_times:description": null, "phone": null, "surface": null, "website": null, "website:map": null, "wheelchair:description": null, "departures_board": null, "source": null, "source:date": null, "check_date:bench": null, "smoothness": null, "description:arrival_times": null, "check_date": null, "check_date:lit": null, "check_date:tactile_paving": null, "fixme": null, "paving_stones:material": null, "sign": null, "railway": null, "railway:ref": null, "train": null }, "geometry": { "type": "Point", "coordinates": [ -83.7068349, 42.2300903 ] } },
{ "type": "Feature", "properties": { "index": 203, "element": "node", "id": 9566963519, "bench": null, "bin": null, "bus": "yes", "description": null, "highway": "bus_stop", "lit": null, "name": "Ellsworth + Jonathan (towards BTC)", "operator": null, "public_transport": "platform", "ref": "467", "shelter": "yes", "tactile_paving": null, "network": "AAATA", "network:wikidata": "Q4766233", "brand": null, "phone:aaata": null, "ref:aaata": null, "ref:umich": null, "route_ref:aaata": null, "website:aaata": null, "website:aaata:maps": null, "website:umich:map": null, "website:umich:routes": null, "wheelchair": null, "check_date:shelter": null, "note": "Track buses at https://www.theride.org/maps-schedules/track-bus or text \"AAATA 467\" to 41411", "passenger_information_display": null, "network:wikipedia": "en:Ann Arbor Area Transportation Authority", "alt_name": null, "local_ref": null, "ref:signed": null, "operator:wikidata": null, "operator:wikipedia": null, "mapillary": null, "route_ref": null, "survey:date": null, "covered": null, "arrival_times:description": null, "phone": null, "surface": null, "website": null, "website:map": null, "wheelchair:description": null, "departures_board": null, "source": null, "source:date": null, "check_date:bench": null, "smoothness": null, "description:arrival_times": null, "check_date": null, "check_date:lit": null, "check_date:tactile_paving": null, "fixme": null, "paving_stones:material": null, "sign": null, "railway": null, "railway:ref": null, "train": null }, "geometry": { "type": "Point", "coordinates": [ -83.7106941, 42.2301265 ] } },
{ "type": "Feature", "properties": { "index": 204, "element": "node", "id": 5939844873, "bench": "yes", "bin": "yes", "bus": "yes", "description": null, "highway": "bus_stop", "lit": "no", "name": "Ellsworth + Braeburn (towards BTC)", "operator": null, "public_transport": "platform", "ref": "466", "shelter": "yes", "tactile_paving": "no", "network": "AAATA", "network:wikidata": "Q4766233", "brand": null, "phone:aaata": null, "ref:aaata": null, "ref:umich": null, "route_ref:aaata": null, "website:aaata": null, "website:aaata:maps": null, "website:umich:map": null, "website:umich:routes": null, "wheelchair": null, "check_date:shelter": null, "note": "Track buses at https://www.theride.org/maps-schedules/track-bus or text \"AAATA 466\" to 41411", "passenger_information_display": null, "network:wikipedia": "en:Ann Arbor Area Transportation Authority", "alt_name": null, "local_ref": null, "ref:signed": null, "operator:wikidata": null, "operator:wikipedia": null, "mapillary": null, "route_ref": null, "survey:date": null, "covered": null, "arrival_times:description": null, "phone": null, "surface": null, "website": null, "website:map": null, "wheelchair:description": null, "departures_board": null, "source": null, "source:date": null, "check_date:bench": null, "smoothness": null, "description:arrival_times": null, "check_date": null, "check_date:lit": null, "check_date:tactile_paving": null, "fixme": null, "paving_stones:material": null, "sign": null, "railway": null, "railway:ref": null, "train": null }, "geometry": { "type": "Point", "coordinates": [ -83.7069641, 42.2302687 ] } },
{ "type": "Feature", "properties": { "index": 205, "element": "node", "id": 3509089943, "bench": "yes", "bin": "no", "bus": "yes", "description": "This bus stop is served by route 67. Send text to 41411 with: AAATA 600 for arrival times at this stop.", "highway": "bus_stop", "lit": "yes", "name": "AAATA 600", "operator": "Ann Arbor Area Transportation Authority", "public_transport": "platform", "ref": "600", "shelter": "yes", "tactile_paving": "no", "network": "AAATA", "network:wikidata": "Q4766233", "brand": "The Ride", "phone:aaata": null, "ref:aaata": null, "ref:umich": null, "route_ref:aaata": "67", "website:aaata": null, "website:aaata:maps": null, "website:umich:map": null, "website:umich:routes": null, "wheelchair": "yes", "check_date:shelter": "2025-03-08", "note": null, "passenger_information_display": null, "network:wikipedia": null, "alt_name": null, "local_ref": null, "ref:signed": null, "operator:wikidata": null, "operator:wikipedia": null, "mapillary": null, "route_ref": "67", "survey:date": null, "covered": null, "arrival_times:description": null, "phone": "+1-734-996-0400", "surface": "concrete", "website": "https://www.theride.org", "website:map": "https://www.theride.org/maps-schedules/track-bus", "wheelchair:description": null, "departures_board": null, "source": null, "source:date": null, "check_date:bench": "2025-03-08", "smoothness": null, "description:arrival_times": null, "check_date": null, "check_date:lit": null, "check_date:tactile_paving": null, "fixme": null, "paving_stones:material": null, "sign": null, "railway": null, "railway:ref": null, "train": null }, "geometry": { "type": "Point", "coordinates": [ -83.7116587, 42.2446255 ] } },
{ "type": "Feature", "properties": { "index": 206, "element": "node", "id": 3509089951, "bench": "no", "bin": "no", "bus": "yes", "description": "This bus stop is served by route 67. Send text to 41411 with: AAATA 601 for arrival times at this stop.", "highway": "bus_stop", "lit": "yes", "name": "AAATA 601", "operator": "Ann Arbor Area Transportation Authority", "public_transport": "platform", "ref": "601", "shelter": "no", "tactile_paving": "no", "network": "AAATA", "network:wikidata": "Q4766233", "brand": "The Ride", "phone:aaata": null, "ref:aaata": null, "ref:umich": null, "route_ref:aaata": "67", "website:aaata": null, "website:aaata:maps": null, "website:umich:map": null, "website:umich:routes": null, "wheelchair": "no", "check_date:shelter": "2025-03-08", "note": null, "passenger_information_display": null, "network:wikipedia": null, "alt_name": null, "local_ref": null, "ref:signed": null, "operator:wikidata": null, "operator:wikipedia": null, "mapillary": null, "route_ref": "67", "survey:date": null, "covered": "no", "arrival_times:description": null, "phone": "+1-734-996-0400", "surface": "grass", "website": "https://www.theride.org", "website:map": "https://www.theride.org/maps-schedules/track-bus", "wheelchair:description": "The bus stop is in a grassy area with no paved path directly to the curb.", "departures_board": null, "source": null, "source:date": null, "check_date:bench": null, "smoothness": null, "description:arrival_times": null, "check_date": null, "check_date:lit": null, "check_date:tactile_paving": null, "fixme": null, "paving_stones:material": null, "sign": null, "railway": null, "railway:ref": null, "train": null }, "geometry": { "type": "Point", "coordinates": [ -83.7081668, 42.2447363 ] } },
{ "type": "Feature", "properties": { "index": 207, "element": "node", "id": 3509111948, "bench": "no", "bin": "no", "bus": "yes", "description": "This bus stop is served by route 67. Send text to 41411 with: AAATA 602 for arrival times at this stop.", "highway": "bus_stop", "lit": "yes", "name": "AAATA 602", "operator": "Ann Arbor Area Transportation Authority", "public_transport": "platform", "ref": "602", "shelter": "no", "tactile_paving": "no", "network": "AAATA", "network:wikidata": "Q4766233", "brand": "The Ride", "phone:aaata": null, "ref:aaata": null, "ref:umich": null, "route_ref:aaata": "67", "website:aaata": null, "website:aaata:maps": null, "website:umich:map": null, "website:umich:routes": null, "wheelchair": "no", "check_date:shelter": "2025-03-08", "note": null, "passenger_information_display": null, "network:wikipedia": null, "alt_name": null, "local_ref": null, "ref:signed": null, "operator:wikidata": null, "operator:wikipedia": null, "mapillary": null, "route_ref": "67", "survey:date": null, "covered": "no", "arrival_times:description": null, "phone": "+1-734-996-0400", "surface": "grass", "website": "https://www.theride.org", "website:map": "https://www.theride.org/maps-schedules/track-bus", "wheelchair:description": "The bus stop is in a grassy area with no paved path directly to the curb.", "departures_board": null, "source": null, "source:date": null, "check_date:bench": null, "smoothness": null, "description:arrival_times": null, "check_date": null, "check_date:lit": null, "check_date:tactile_paving": null, "fixme": null, "paving_stones:material": null, "sign": null, "railway": null, "railway:ref": null, "train": null }, "geometry": { "type": "Point", "coordinates": [ -83.703381, 42.244884 ] } },
{ "type": "Feature", "properties": { "index": 208, "element": "node", "id": 3509089934, "bench": "no", "bin": "no", "bus": "yes", "description": "This bus stop is served by route 67. Send text to 41411 with: AAATA 647 for arrival times at this stop.", "highway": "bus_stop", "lit": "yes", "name": "AAATA 647", "operator": "Ann Arbor Area Transportation Authority", "public_transport": "platform", "ref": "647", "shelter": "no", "tactile_paving": null, "network": "AAATA", "network:wikidata": "Q4766233", "brand": "The Ride", "phone:aaata": null, "ref:aaata": null, "ref:umich": null, "route_ref:aaata": "67", "website:aaata": null, "website:aaata:maps": null, "website:umich:map": null, "website:umich:routes": null, "wheelchair": "no", "check_date:shelter": null, "note": null, "passenger_information_display": null, "network:wikipedia": null, "alt_name": null, "local_ref": null, "ref:signed": null, "operator:wikidata": null, "operator:wikipedia": null, "mapillary": null, "route_ref": "67", "survey:date": null, "covered": "no", "arrival_times:description": null, "phone": "+1-734-996-0400", "surface": "grass", "website": "https://www.theride.org", "website:map": "https://www.theride.org/maps-schedules/track-bus", "wheelchair:description": "The bus stop is in a grassy area with no paved path directly to the curb.", "departures_board": null, "source": null, "source:date": null, "check_date:bench": null, "smoothness": null, "description:arrival_times": null, "check_date": null, "check_date:lit": null, "check_date:tactile_paving": null, "fixme": null, "paving_stones:material": null, "sign": null, "railway": null, "railway:ref": null, "train": null }, "geometry": { "type": "Point", "coordinates": [ -83.7118328, 42.2448966 ] } },
{ "type": "Feature", "properties": { "index": 209, "element": "node", "id": 3509089935, "bench": "no", "bin": "no", "bus": "yes", "description": "This bus stop is served by route 67. Send text to 41411 with: AAATA 645 for arrival times at this stop.", "highway": "bus_stop", "lit": "yes", "name": "AAATA 645", "operator": "Ann Arbor Area Transportation Authority", "public_transport": "platform", "ref": "645", "shelter": "no", "tactile_paving": null, "network": "AAATA", "network:wikidata": "Q4766233", "brand": "The Ride", "phone:aaata": null, "ref:aaata": null, "ref:umich": null, "route_ref:aaata": "67", "website:aaata": null, "website:aaata:maps": null, "website:umich:map": null, "website:umich:routes": null, "wheelchair": "no", "check_date:shelter": null, "note": null, "passenger_information_display": null, "network:wikipedia": null, "alt_name": null, "local_ref": null, "ref:signed": null, "operator:wikidata": null, "operator:wikipedia": null, "mapillary": null, "route_ref": "67", "survey:date": null, "covered": "no", "arrival_times:description": null, "phone": "+1-734-996-0400", "surface": "grass", "website": "https://www.theride.org", "website:map": "https://www.theride.org/maps-schedules/track-bus", "wheelchair:description": "The bus stop is in a grassy area with no paved path directly to the curb.", "departures_board": null, "source": null, "source:date": null, "check_date:bench": null, "smoothness": null, "description:arrival_times": null, "check_date": null, "check_date:lit": null, "check_date:tactile_paving": null, "fixme": null, "paving_stones:material": null, "sign": null, "railway": null, "railway:ref": null, "train": null }, "geometry": { "type": "Point", "coordinates": [ -83.7052804, 42.2450237 ] } },
{ "type": "Feature", "properties": { "index": 210, "element": "node", "id": 9566963517, "bench": "no", "bin": "no", "bus": "yes", "description": null, "highway": "bus_stop", "lit": "no", "name": "Platt + Ellsworth (towards YTC)", "operator": null, "public_transport": "platform", "ref": "1465", "shelter": "no", "tactile_paving": "no", "network": "AAATA", "network:wikidata": "Q4766233", "brand": null, "phone:aaata": null, "ref:aaata": null, "ref:umich": null, "route_ref:aaata": null, "website:aaata": null, "website:aaata:maps": null, "website:umich:map": null, "website:umich:routes": null, "wheelchair": null, "check_date:shelter": null, "note": "Track bus by visiting https://www.theride.org/maps-schedules/track-bus or text \"AAATA 1465\" to 41411", "passenger_information_display": null, "network:wikipedia": "en:Ann Arbor Area Transportation Authority", "alt_name": null, "local_ref": null, "ref:signed": null, "operator:wikidata": null, "operator:wikipedia": null, "mapillary": null, "route_ref": null, "survey:date": null, "covered": null, "arrival_times:description": null, "phone": null, "surface": null, "website": null, "website:map": null, "wheelchair:description": null, "departures_board": null, "source": null, "source:date": null, "check_date:bench": null, "smoothness": null, "description:arrival_times": null, "check_date": null, "check_date:lit": null, "check_date:tactile_paving": null, "fixme": null, "paving_stones:material": null, "sign": null, "railway": null, "railway:ref": null, "train": null }, "geometry": { "type": "Point", "coordinates": [ -83.6996093, 42.2307993 ] } },
{ "type": "Feature", "properties": { "index": 211, "element": "node", "id": 5246241618, "bench": "no", "bin": "no", "bus": "yes", "description": null, "highway": "bus_stop", "lit": "no", "name": "Platt + Williamsburg (towards Ann Arbor)", "operator": "AAATA", "public_transport": "platform", "ref": "463", "shelter": "no", "tactile_paving": "no", "network": "AAATA", "network:wikidata": "Q4766233", "brand": null, "phone:aaata": null, "ref:aaata": null, "ref:umich": null, "route_ref:aaata": null, "website:aaata": null, "website:aaata:maps": null, "website:umich:map": null, "website:umich:routes": null, "wheelchair": null, "check_date:shelter": null, "note": "Track buses at https://www.theride.org/maps-schedules/track-bus\nOr text \"AAATA 463\" to 41411", "passenger_information_display": null, "network:wikipedia": "en:Ann Arbor Area Transportation Authority", "alt_name": null, "local_ref": null, "ref:signed": "no", "operator:wikidata": null, "operator:wikipedia": null, "mapillary": null, "route_ref": null, "survey:date": null, "covered": null, "arrival_times:description": null, "phone": null, "surface": null, "website": null, "website:map": null, "wheelchair:description": null, "departures_board": "no", "source": null, "source:date": null, "check_date:bench": null, "smoothness": null, "description:arrival_times": null, "check_date": null, "check_date:lit": null, "check_date:tactile_paving": null, "fixme": null, "paving_stones:material": null, "sign": null, "railway": null, "railway:ref": null, "train": null }, "geometry": { "type": "Point", "coordinates": [ -83.7000395, 42.2357513 ] } },
{ "type": "Feature", "properties": { "index": 212, "element": "node", "id": 5246241617, "bench": "yes", "bin": "yes", "bus": "yes", "description": null, "highway": "bus_stop", "lit": "yes", "name": "Platt + Williamsburg (towards Ypsilanti)", "operator": "AAATA", "public_transport": "platform", "ref": "406", "shelter": "yes", "tactile_paving": "no", "network": "AAATA", "network:wikidata": "Q4766233", "brand": null, "phone:aaata": null, "ref:aaata": null, "ref:umich": null, "route_ref:aaata": null, "website:aaata": null, "website:aaata:maps": null, "website:umich:map": null, "website:umich:routes": null, "wheelchair": "yes", "check_date:shelter": null, "note": "Track buses at https://www.theride.org/maps-schedules/track-bus\nOr text \"AAATA 406\" to 41411", "passenger_information_display": null, "network:wikipedia": "en:Ann Arbor Area Transportation Authority", "alt_name": null, "local_ref": null, "ref:signed": "no", "operator:wikidata": null, "operator:wikipedia": null, "mapillary": null, "route_ref": null, "survey:date": null, "covered": null, "arrival_times:description": null, "phone": null, "surface": null, "website": null, "website:map": null, "wheelchair:description": null, "departures_board": "no", "source": null, "source:date": null, "check_date:bench": null, "smoothness": null, "description:arrival_times": null, "check_date": null, "check_date:lit": null, "check_date:tactile_paving": null, "fixme": null, "paving_stones:material": null, "sign": null, "railway": null, "railway:ref": null, "train": null }, "geometry": { "type": "Point", "coordinates": [ -83.6998303, 42.2359241 ] } },
{ "type": "Feature", "properties": { "index": 213, "element": "node", "id": 5246288811, "bench": "no", "bin": "no", "bus": "yes", "description": null, "highway": "bus_stop", "lit": "no", "name": "Platt + Verle (towards Ann Arbor)", "operator": null, "public_transport": "platform", "ref": "462", "shelter": "no", "tactile_paving": "no", "network": "AAATA", "network:wikidata": "Q4766233", "brand": null, "phone:aaata": null, "ref:aaata": null, "ref:umich": null, "route_ref:aaata": null, "website:aaata": null, "website:aaata:maps": null, "website:umich:map": null, "website:umich:routes": null, "wheelchair": null, "check_date:shelter": null, "note": "Track buses at https://www.theride.org/maps-schedules/track-bus\nOr text \"AAATA 462\" to 41411", "passenger_information_display": null, "network:wikipedia": "en:Ann Arbor Area Transportation Authority", "alt_name": null, "local_ref": null, "ref:signed": "no", "operator:wikidata": null, "operator:wikipedia": null, "mapillary": null, "route_ref": null, "survey:date": null, "covered": null, "arrival_times:description": null, "phone": null, "surface": null, "website": null, "website:map": null, "wheelchair:description": null, "departures_board": "no", "source": null, "source:date": null, "check_date:bench": null, "smoothness": null, "description:arrival_times": null, "check_date": null, "check_date:lit": null, "check_date:tactile_paving": null, "fixme": null, "paving_stones:material": null, "sign": null, "railway": null, "railway:ref": null, "train": null }, "geometry": { "type": "Point", "coordinates": [ -83.7001294, 42.2385781 ] } },
{ "type": "Feature", "properties": { "index": 214, "element": "node", "id": 5246288812, "bench": "no", "bin": "no", "bus": "yes", "description": null, "highway": "bus_stop", "lit": "yes", "name": "Platt + Verle (towards Ypsilanti)", "operator": "AAATA", "public_transport": "platform", "ref": "407", "shelter": "no", "tactile_paving": "no", "network": "AAATA", "network:wikidata": "Q4766233", "brand": null, "phone:aaata": null, "ref:aaata": null, "ref:umich": null, "route_ref:aaata": null, "website:aaata": null, "website:aaata:maps": null, "website:umich:map": null, "website:umich:routes": null, "wheelchair": null, "check_date:shelter": "2021-12-13", "note": "Track buses at https://www.theride.org/maps-schedules/track-bus\nOr text \"AAATA 407\" to 41411", "passenger_information_display": null, "network:wikipedia": "en:Ann Arbor Area Transportation Authority", "alt_name": null, "local_ref": null, "ref:signed": null, "operator:wikidata": null, "operator:wikipedia": null, "mapillary": null, "route_ref": null, "survey:date": null, "covered": null, "arrival_times:description": null, "phone": null, "surface": null, "website": null, "website:map": null, "wheelchair:description": null, "departures_board": "no", "source": null, "source:date": null, "check_date:bench": null, "smoothness": null, "description:arrival_times": null, "check_date": null, "check_date:lit": null, "check_date:tactile_paving": null, "fixme": null, "paving_stones:material": null, "sign": null, "railway": null, "railway:ref": null, "train": null }, "geometry": { "type": "Point", "coordinates": [ -83.699955, 42.2388541 ] } },
{ "type": "Feature", "properties": { "index": 215, "element": "node", "id": 5246288813, "bench": "no", "bin": "no", "bus": "yes", "description": null, "highway": "bus_stop", "lit": null, "name": "Platt & Redwood (towards Ann Arbor)", "operator": null, "public_transport": "platform", "ref": "461", "shelter": "no", "tactile_paving": "no", "network": "AAATA", "network:wikidata": "Q4766233", "brand": null, "phone:aaata": null, "ref:aaata": null, "ref:umich": null, "route_ref:aaata": null, "website:aaata": null, "website:aaata:maps": null, "website:umich:map": null, "website:umich:routes": null, "wheelchair": null, "check_date:shelter": "2022-01-04", "note": "Track buses at https://www.theride.org/maps-schedules/track-bus\nOr text \"AAATA 461\" to 41411", "passenger_information_display": null, "network:wikipedia": "en:Ann Arbor Area Transportation Authority", "alt_name": null, "local_ref": null, "ref:signed": null, "operator:wikidata": null, "operator:wikipedia": null, "mapillary": null, "route_ref": null, "survey:date": null, "covered": null, "arrival_times:description": null, "phone": null, "surface": null, "website": null, "website:map": null, "wheelchair:description": null, "departures_board": "no", "source": null, "source:date": null, "check_date:bench": null, "smoothness": null, "description:arrival_times": null, "check_date": null, "check_date:lit": null, "check_date:tactile_paving": null, "fixme": null, "paving_stones:material": null, "sign": null, "railway": null, "railway:ref": null, "train": null }, "geometry": { "type": "Point", "coordinates": [ -83.7001509, 42.2419797 ] } },
{ "type": "Feature", "properties": { "index": 216, "element": "node", "id": 5246312651, "bench": "yes", "bin": "yes", "bus": "yes", "description": null, "highway": "bus_stop", "lit": "no", "name": "Platt & Redwood (towards Ypsilanti)", "operator": null, "public_transport": "platform", "ref": "408", "shelter": "yes", "tactile_paving": "no", "network": "AAATA", "network:wikidata": "Q4766233", "brand": null, "phone:aaata": null, "ref:aaata": null, "ref:umich": null, "route_ref:aaata": null, "website:aaata": null, "website:aaata:maps": null, "website:umich:map": null, "website:umich:routes": null, "wheelchair": null, "check_date:shelter": null, "note": "Track buses at https://www.theride.org/maps-schedules/track-bus\nOr text \"AAATA 408\" to 41411", "passenger_information_display": null, "network:wikipedia": "en:Ann Arbor Area Transportation Authority", "alt_name": null, "local_ref": null, "ref:signed": null, "operator:wikidata": null, "operator:wikipedia": null, "mapillary": "552625472808468", "route_ref": "5A;5B", "survey:date": "2019-02-09", "covered": null, "arrival_times:description": null, "phone": null, "surface": null, "website": null, "website:map": null, "wheelchair:description": null, "departures_board": "no", "source": null, "source:date": null, "check_date:bench": null, "smoothness": null, "description:arrival_times": null, "check_date": null, "check_date:lit": null, "check_date:tactile_paving": null, "fixme": null, "paving_stones:material": null, "sign": null, "railway": null, "railway:ref": null, "train": null }, "geometry": { "type": "Point", "coordinates": [ -83.699951, 42.2423967 ] } },
{ "type": "Feature", "properties": { "index": 217, "element": "node", "id": 3509111941, "bench": "yes", "bin": "no", "bus": "yes", "description": "This bus stop is served by route 5. Send text to 41411 with: AAATA 460 for arrival times at this stop.", "highway": "bus_stop", "lit": "yes", "name": "Packard + Platt (toward Ann Arbor)", "operator": "Ann Arbor Area Transportation Authority", "public_transport": "platform", "ref": "460", "shelter": "no", "tactile_paving": "no", "network": "AAATA", "network:wikidata": "Q4766233", "brand": "The Ride", "phone:aaata": null, "ref:aaata": null, "ref:umich": null, "route_ref:aaata": "5", "website:aaata": null, "website:aaata:maps": null, "website:umich:map": null, "website:umich:routes": null, "wheelchair": "yes", "check_date:shelter": null, "note": null, "passenger_information_display": null, "network:wikipedia": "en:Ann Arbor Area Transportation Authority", "alt_name": "AAATA 460", "local_ref": null, "ref:signed": null, "operator:wikidata": null, "operator:wikipedia": null, "mapillary": null, "route_ref": "5", "survey:date": null, "covered": "no", "arrival_times:description": null, "phone": "+1-734-996-0400", "surface": "concrete", "website": "https://www.theride.org", "website:map": "https://www.theride.org/maps-schedules/track-bus", "wheelchair:description": null, "departures_board": null, "source": null, "source:date": null, "check_date:bench": null, "smoothness": null, "description:arrival_times": null, "check_date": null, "check_date:lit": null, "check_date:tactile_paving": null, "fixme": null, "paving_stones:material": null, "sign": null, "railway": null, "railway:ref": null, "train": null }, "geometry": { "type": "Point", "coordinates": [ -83.7002735, 42.2444899 ] } },
{ "type": "Feature", "properties": { "index": 218, "element": "node", "id": 3509089946, "bench": "no", "bin": "no", "bus": "yes", "description": "This bus stop is served by route 5. Send text to 41411 with: AAATA 409 for arrival times at this stop.", "highway": "bus_stop", "lit": "yes", "name": "Packard + Platt (towards YTC)", "operator": "Ann Arbor Area Transportation Authority", "public_transport": "platform", "ref": "409", "shelter": "no", "tactile_paving": "no", "network": "AAATA", "network:wikidata": "Q4766233", "brand": "The Ride", "phone:aaata": null, "ref:aaata": null, "ref:umich": null, "route_ref:aaata": "5", "website:aaata": null, "website:aaata:maps": null, "website:umich:map": null, "website:umich:routes": null, "wheelchair": "no", "check_date:shelter": "2025-03-08", "note": null, "passenger_information_display": null, "network:wikipedia": "en:Ann Arbor Area Transportation Authority", "alt_name": "AAATA 409", "local_ref": null, "ref:signed": null, "operator:wikidata": null, "operator:wikipedia": null, "mapillary": null, "route_ref": "5", "survey:date": null, "covered": "no", "arrival_times:description": null, "phone": "+1-734-996-0400", "surface": "grass", "website": "https://www.theride.org", "website:map": "https://www.theride.org/maps-schedules/track-bus", "wheelchair:description": "The bus stop is in a grassy area with no paved path directly to the curb.", "departures_board": "no", "source": null, "source:date": null, "check_date:bench": null, "smoothness": null, "description:arrival_times": null, "check_date": null, "check_date:lit": null, "check_date:tactile_paving": null, "fixme": null, "paving_stones:material": null, "sign": null, "railway": null, "railway:ref": null, "train": null }, "geometry": { "type": "Point", "coordinates": [ -83.6991459, 42.244994 ] } },
{ "type": "Feature", "properties": { "index": 219, "element": "node", "id": 3509089937, "bench": "no", "bin": "no", "bus": "yes", "description": null, "highway": "bus_stop", "lit": "no", "name": "Packard + Fernwood (towards Ypsilanti)", "operator": null, "public_transport": "platform", "ref": "410", "shelter": "no", "tactile_paving": "no", "network": "AAATA", "network:wikidata": "Q4766233", "brand": null, "phone:aaata": null, "ref:aaata": null, "ref:umich": null, "route_ref:aaata": null, "website:aaata": null, "website:aaata:maps": null, "website:umich:map": null, "website:umich:routes": null, "wheelchair": null, "check_date:shelter": "2021-12-04", "note": "Track buses at https://www.theride.org/maps-schedules/track-bus\nOr text \"AAATA 410\" to 41411", "passenger_information_display": null, "network:wikipedia": "en:Ann Arbor Area Transportation Authority", "alt_name": null, "local_ref": null, "ref:signed": null, "operator:wikidata": null, "operator:wikipedia": null, "mapillary": null, "route_ref": null, "survey:date": null, "covered": null, "arrival_times:description": null, "phone": null, "surface": null, "website": null, "website:map": null, "wheelchair:description": null, "departures_board": "no", "source": "GPS", "source:date": "2017-01-01", "check_date:bench": null, "smoothness": null, "description:arrival_times": null, "check_date": null, "check_date:lit": null, "check_date:tactile_paving": null, "fixme": null, "paving_stones:material": null, "sign": null, "railway": null, "railway:ref": null, "train": null }, "geometry": { "type": "Point", "coordinates": [ -83.6942647, 42.2450749 ] } },
{ "type": "Feature", "properties": { "index": 220, "element": "node", "id": 3509111942, "bench": "no", "bin": "no", "bus": "yes", "description": null, "highway": "bus_stop", "lit": "no", "name": "Packard + Charing Cross (towards Ypsilanti)", "operator": null, "public_transport": "platform", "ref": "412", "shelter": "no", "tactile_paving": "no", "network": "AAATA", "network:wikidata": "Q4766233", "brand": null, "phone:aaata": null, "ref:aaata": null, "ref:umich": null, "route_ref:aaata": null, "website:aaata": null, "website:aaata:maps": null, "website:umich:map": null, "website:umich:routes": null, "wheelchair": null, "check_date:shelter": null, "note": "Track buses at https://www.theride.org/maps-schedules/track-bus\nOr text \"AAATA 412\" to 41411", "passenger_information_display": null, "network:wikipedia": "en:Ann Arbor Area Transportation Authority", "alt_name": null, "local_ref": null, "ref:signed": null, "operator:wikidata": null, "operator:wikipedia": null, "mapillary": null, "route_ref": null, "survey:date": null, "covered": null, "arrival_times:description": null, "phone": null, "surface": null, "website": null, "website:map": null, "wheelchair:description": null, "departures_board": "no", "source": null, "source:date": null, "check_date:bench": null, "smoothness": null, "description:arrival_times": null, "check_date": null, "check_date:lit": null, "check_date:tactile_paving": null, "fixme": null, "paving_stones:material": null, "sign": null, "railway": null, "railway:ref": null, "train": null }, "geometry": { "type": "Point", "coordinates": [ -83.689927, 42.245124 ] } },
{ "type": "Feature", "properties": { "index": 221, "element": "node", "id": 3509089947, "bench": "no", "bin": "no", "bus": "yes", "description": "This bus stop is served by route 67. Send text to 41411 with: AAATA 644 for arrival times at this stop.", "highway": "bus_stop", "lit": "yes", "name": "AAATA 644", "operator": "Ann Arbor Area Transportation Authority", "public_transport": "platform", "ref": "644", "shelter": "no", "tactile_paving": null, "network": "AAATA", "network:wikidata": "Q4766233", "brand": "The Ride", "phone:aaata": null, "ref:aaata": null, "ref:umich": null, "route_ref:aaata": "67", "website:aaata": null, "website:aaata:maps": null, "website:umich:map": null, "website:umich:routes": null, "wheelchair": "yes", "check_date:shelter": null, "note": null, "passenger_information_display": null, "network:wikipedia": null, "alt_name": null, "local_ref": null, "ref:signed": null, "operator:wikidata": null, "operator:wikipedia": null, "mapillary": null, "route_ref": "67", "survey:date": null, "covered": "no", "arrival_times:description": null, "phone": "+1-734-996-0400", "surface": "concrete", "website": "https://www.theride.org", "website:map": "https://www.theride.org/maps-schedules/track-bus", "wheelchair:description": null, "departures_board": null, "source": null, "source:date": null, "check_date:bench": null, "smoothness": null, "description:arrival_times": null, "check_date": null, "check_date:lit": null, "check_date:tactile_paving": null, "fixme": null, "paving_stones:material": null, "sign": null, "railway": null, "railway:ref": null, "train": null }, "geometry": { "type": "Point", "coordinates": [ -83.7009321, 42.2451422 ] } },
{ "type": "Feature", "properties": { "index": 222, "element": "node", "id": 3509089932, "bench": "no", "bin": "no", "bus": "yes", "description": null, "highway": "bus_stop", "lit": "yes", "name": "Packard + Bellwood (towards Ann Arbor)", "operator": null, "public_transport": "platform", "ref": "459", "shelter": "no", "tactile_paving": "no", "network": "AAATA", "network:wikidata": "Q4766233", "brand": null, "phone:aaata": null, "ref:aaata": null, "ref:umich": null, "route_ref:aaata": null, "website:aaata": null, "website:aaata:maps": null, "website:umich:map": null, "website:umich:routes": null, "wheelchair": null, "check_date:shelter": null, "note": "Track buses at https://www.theride.org/maps-schedules/track-bus\nOr text \"AAATA 459\" to 41411", "passenger_information_display": null, "network:wikipedia": "en:Ann Arbor Area Transportation Authority", "alt_name": null, "local_ref": null, "ref:signed": null, "operator:wikidata": null, "operator:wikipedia": null, "mapillary": null, "route_ref": null, "survey:date": "2015-05-02", "covered": null, "arrival_times:description": null, "phone": null, "surface": null, "website": null, "website:map": null, "wheelchair:description": null, "departures_board": "no", "source": null, "source:date": null, "check_date:bench": null, "smoothness": null, "description:arrival_times": null, "check_date": null, "check_date:lit": null, "check_date:tactile_paving": null, "fixme": null, "paving_stones:material": null, "sign": null, "railway": null, "railway:ref": null, "train": null }, "geometry": { "type": "Point", "coordinates": [ -83.696569, 42.24524 ] } },
{ "type": "Feature", "properties": { "index": 223, "element": "node", "id": 3509089938, "bench": "no", "bin": "no", "bus": "yes", "description": null, "highway": "bus_stop", "lit": "no", "name": "Packard + Fernwood (towards Ann Arbor)", "operator": null, "public_transport": "platform", "ref": "458", "shelter": "no", "tactile_paving": "no", "network": "AAATA", "network:wikidata": "Q4766233", "brand": null, "phone:aaata": null, "ref:aaata": null, "ref:umich": null, "route_ref:aaata": null, "website:aaata": null, "website:aaata:maps": null, "website:umich:map": null, "website:umich:routes": null, "wheelchair": null, "check_date:shelter": "2021-12-04", "note": "Track buses at https://www.theride.org/maps-schedules/track-bus\nOr text \"AAATA 458\" to 41411", "passenger_information_display": null, "network:wikipedia": "en:Ann Arbor Area Transportation Authority", "alt_name": null, "local_ref": null, "ref:signed": null, "operator:wikidata": null, "operator:wikipedia": null, "mapillary": null, "route_ref": null, "survey:date": null, "covered": null, "arrival_times:description": null, "phone": null, "surface": null, "website": null, "website:map": null, "wheelchair:description": null, "departures_board": "no", "source": "GPS", "source:date": "2017-01-01", "check_date:bench": null, "smoothness": null, "description:arrival_times": null, "check_date": null, "check_date:lit": null, "check_date:tactile_paving": null, "fixme": null, "paving_stones:material": null, "sign": null, "railway": null, "railway:ref": null, "train": null }, "geometry": { "type": "Point", "coordinates": [ -83.694125, 42.245273 ] } },
{ "type": "Feature", "properties": { "index": 224, "element": "node", "id": 3509111943, "bench": null, "bin": null, "bus": "yes", "description": null, "highway": "bus_stop", "lit": null, "name": "Packard + Burton (towards Ypsilanti)", "operator": null, "public_transport": "platform", "ref": "413", "shelter": null, "tactile_paving": null, "network": "AAATA", "network:wikidata": "Q4766233", "brand": null, "phone:aaata": null, "ref:aaata": null, "ref:umich": null, "route_ref:aaata": null, "website:aaata": null, "website:aaata:maps": null, "website:umich:map": null, "website:umich:routes": null, "wheelchair": null, "check_date:shelter": null, "note": "Track buses at https://www.theride.org/maps-schedules/track-bus Or text \"AAATA 413\" to 41411", "passenger_information_display": null, "network:wikipedia": "en:Ann Arbor Area Transportation Authority", "alt_name": null, "local_ref": null, "ref:signed": null, "operator:wikidata": null, "operator:wikipedia": null, "mapillary": null, "route_ref": null, "survey:date": null, "covered": null, "arrival_times:description": null, "phone": null, "surface": null, "website": null, "website:map": null, "wheelchair:description": null, "departures_board": null, "source": null, "source:date": null, "check_date:bench": null, "smoothness": null, "description:arrival_times": null, "check_date": null, "check_date:lit": null, "check_date:tactile_paving": null, "fixme": null, "paving_stones:material": null, "sign": null, "railway": null, "railway:ref": null, "train": null }, "geometry": { "type": "Point", "coordinates": [ -83.6846694, 42.2453504 ] } },
{ "type": "Feature", "properties": { "index": 225, "element": "node", "id": 3509111945, "bench": "no", "bin": "no", "bus": "yes", "description": null, "highway": "bus_stop", "lit": "no", "name": "Packard + Brandywine (towards Ann Arbor)", "operator": null, "public_transport": "platform", "ref": "457", "shelter": "no", "tactile_paving": "no", "network": "AAATA", "network:wikidata": "Q4766233", "brand": null, "phone:aaata": null, "ref:aaata": null, "ref:umich": null, "route_ref:aaata": null, "website:aaata": null, "website:aaata:maps": null, "website:umich:map": null, "website:umich:routes": null, "wheelchair": null, "check_date:shelter": null, "note": "Track buses at https://www.theride.org/maps-schedules/track-bus\nOr text \"AAATA 457\" to 41411", "passenger_information_display": null, "network:wikipedia": "en:Ann Arbor Area Transportation Authority", "alt_name": null, "local_ref": null, "ref:signed": null, "operator:wikidata": null, "operator:wikipedia": null, "mapillary": null, "route_ref": null, "survey:date": null, "covered": null, "arrival_times:description": null, "phone": null, "surface": null, "website": null, "website:map": null, "wheelchair:description": null, "departures_board": "no", "source": null, "source:date": null, "check_date:bench": null, "smoothness": null, "description:arrival_times": null, "check_date": null, "check_date:lit": null, "check_date:tactile_paving": null, "fixme": null, "paving_stones:material": null, "sign": null, "railway": null, "railway:ref": null, "train": null }, "geometry": { "type": "Point", "coordinates": [ -83.690164, 42.245384 ] } },
{ "type": "Feature", "properties": { "index": 226, "element": "node", "id": 3509111946, "bench": null, "bin": null, "bus": "yes", "description": null, "highway": "bus_stop", "lit": null, "name": "Packard + Burton (towards Ann Arbor)", "operator": null, "public_transport": "platform", "ref": "456", "shelter": "no", "tactile_paving": null, "network": "AAATA", "network:wikidata": "Q4766233", "brand": null, "phone:aaata": null, "ref:aaata": null, "ref:umich": null, "route_ref:aaata": null, "website:aaata": null, "website:aaata:maps": null, "website:umich:map": null, "website:umich:routes": null, "wheelchair": null, "check_date:shelter": null, "note": "Track buses at https://www.theride.org/maps-schedules/track-bus Or text \"AAATA 456\" to 41411", "passenger_information_display": null, "network:wikipedia": "en:Ann Arbor Area Transportation Authority", "alt_name": null, "local_ref": null, "ref:signed": null, "operator:wikidata": null, "operator:wikipedia": null, "mapillary": null, "route_ref": null, "survey:date": null, "covered": null, "arrival_times:description": null, "phone": null, "surface": null, "website": null, "website:map": null, "wheelchair:description": null, "departures_board": "no", "source": null, "source:date": null, "check_date:bench": null, "smoothness": null, "description:arrival_times": null, "check_date": null, "check_date:lit": null, "check_date:tactile_paving": null, "fixme": null, "paving_stones:material": null, "sign": null, "railway": null, "railway:ref": null, "train": null }, "geometry": { "type": "Point", "coordinates": [ -83.6850378, 42.2455241 ] } },
{ "type": "Feature", "properties": { "index": 227, "element": "node", "id": 3908756607, "bench": "no", "bin": "no", "bus": "yes", "description": "This bus stop is served by route 67. Send text to 41411 with: AAATA 1862 for arrival times at this stop.", "highway": "bus_stop", "lit": "yes", "name": "AAATA 1862", "operator": "Ann Arbor Area Transportation Authority", "public_transport": "platform", "ref": "1862", "shelter": "no", "tactile_paving": "no", "network": "AAATA", "network:wikidata": "Q4766233", "brand": "The Ride", "phone:aaata": null, "ref:aaata": null, "ref:umich": null, "route_ref:aaata": "67", "website:aaata": null, "website:aaata:maps": null, "website:umich:map": null, "website:umich:routes": null, "wheelchair": "yes", "check_date:shelter": null, "note": null, "passenger_information_display": null, "network:wikipedia": null, "alt_name": null, "local_ref": null, "ref:signed": null, "operator:wikidata": null, "operator:wikipedia": null, "mapillary": null, "route_ref": "67", "survey:date": null, "covered": "no", "arrival_times:description": null, "phone": "+1-734-996-0400", "surface": "concrete", "website": "https://www.theride.org", "website:map": "https://www.theride.org/maps-schedules/track-bus", "wheelchair:description": null, "departures_board": null, "source": null, "source:date": null, "check_date:bench": null, "smoothness": null, "description:arrival_times": null, "check_date": null, "check_date:lit": null, "check_date:tactile_paving": null, "fixme": null, "paving_stones:material": null, "sign": null, "railway": null, "railway:ref": null, "train": null }, "geometry": { "type": "Point", "coordinates": [ -83.7002564, 42.2457599 ] } },
{ "type": "Feature", "properties": { "index": 228, "element": "node", "id": 3509111949, "bench": "no", "bin": "no", "bus": "yes", "description": "This bus stop is served by route 67. Send text to 41411 with: AAATA 603 for arrival times at this stop.", "highway": "bus_stop", "lit": "yes", "name": "AAATA 603", "operator": "Ann Arbor Area Transportation Authority", "public_transport": "platform", "ref": "603", "shelter": "no", "tactile_paving": "no", "network": "AAATA", "network:wikidata": "Q4766233", "brand": "The Ride", "phone:aaata": null, "ref:aaata": null, "ref:umich": null, "route_ref:aaata": "67", "website:aaata": null, "website:aaata:maps": null, "website:umich:map": null, "website:umich:routes": null, "wheelchair": "yes", "check_date:shelter": null, "note": null, "passenger_information_display": null, "network:wikipedia": null, "alt_name": null, "local_ref": null, "ref:signed": null, "operator:wikidata": null, "operator:wikipedia": null, "mapillary": null, "route_ref": "67", "survey:date": null, "covered": "no", "arrival_times:description": null, "phone": "+1-734-996-0400", "surface": "concrete", "website": "https://www.theride.org", "website:map": "https://www.theride.org/maps-schedules/track-bus", "wheelchair:description": null, "departures_board": null, "source": null, "source:date": null, "check_date:bench": null, "smoothness": null, "description:arrival_times": null, "check_date": null, "check_date:lit": null, "check_date:tactile_paving": null, "fixme": null, "paving_stones:material": null, "sign": null, "railway": null, "railway:ref": null, "train": null }, "geometry": { "type": "Point", "coordinates": [ -83.7000352, 42.2457654 ] } },
{ "type": "Feature", "properties": { "index": 229, "element": "node", "id": 3908756608, "bench": null, "bin": null, "bus": "yes", "description": null, "highway": "bus_stop", "lit": null, "name": "#7", "operator": null, "public_transport": "platform", "ref": "7", "shelter": null, "tactile_paving": null, "network": "AAATA", "network:wikidata": "Q4766233", "brand": null, "phone:aaata": null, "ref:aaata": null, "ref:umich": null, "route_ref:aaata": null, "website:aaata": null, "website:aaata:maps": null, "website:umich:map": null, "website:umich:routes": null, "wheelchair": null, "check_date:shelter": null, "note": "171", "passenger_information_display": null, "network:wikipedia": null, "alt_name": null, "local_ref": null, "ref:signed": null, "operator:wikidata": null, "operator:wikipedia": null, "mapillary": null, "route_ref": null, "survey:date": null, "covered": null, "arrival_times:description": null, "phone": null, "surface": null, "website": null, "website:map": null, "wheelchair:description": null, "departures_board": null, "source": null, "source:date": null, "check_date:bench": null, "smoothness": null, "description:arrival_times": null, "check_date": null, "check_date:lit": null, "check_date:tactile_paving": null, "fixme": null, "paving_stones:material": null, "sign": null, "railway": null, "railway:ref": null, "train": null }, "geometry": { "type": "Point", "coordinates": [ -83.7000735, 42.247625 ] } },
{ "type": "Feature", "properties": { "index": 230, "element": "node", "id": 3908756609, "bench": null, "bin": null, "bus": null, "description": null, "highway": "bus_stop", "lit": null, "name": "#7", "operator": null, "public_transport": null, "ref": "7", "shelter": "no", "tactile_paving": null, "network": null, "network:wikidata": null, "brand": null, "phone:aaata": null, "ref:aaata": null, "ref:umich": null, "route_ref:aaata": null, "website:aaata": null, "website:aaata:maps": null, "website:umich:map": null, "website:umich:routes": null, "wheelchair": null, "check_date:shelter": null, "note": "178", "passenger_information_display": null, "network:wikipedia": null, "alt_name": null, "local_ref": null, "ref:signed": null, "operator:wikidata": null, "operator:wikipedia": null, "mapillary": null, "route_ref": null, "survey:date": null, "covered": null, "arrival_times:description": null, "phone": null, "surface": null, "website": null, "website:map": null, "wheelchair:description": null, "departures_board": null, "source": null, "source:date": null, "check_date:bench": null, "smoothness": null, "description:arrival_times": null, "check_date": null, "check_date:lit": null, "check_date:tactile_paving": null, "fixme": null, "paving_stones:material": null, "sign": null, "railway": null, "railway:ref": null, "train": null }, "geometry": { "type": "Point", "coordinates": [ -83.7003735, 42.250646 ] } },
{ "type": "Feature", "properties": { "index": 231, "element": "node", "id": 3908756610, "bench": null, "bin": null, "bus": null, "description": null, "highway": "bus_stop", "lit": null, "name": "#7", "operator": null, "public_transport": null, "ref": "7", "shelter": "no", "tactile_paving": null, "network": null, "network:wikidata": null, "brand": null, "phone:aaata": null, "ref:aaata": null, "ref:umich": null, "route_ref:aaata": null, "website:aaata": null, "website:aaata:maps": null, "website:umich:map": null, "website:umich:routes": null, "wheelchair": null, "check_date:shelter": null, "note": "172", "passenger_information_display": null, "network:wikipedia": null, "alt_name": null, "local_ref": null, "ref:signed": null, "operator:wikidata": null, "operator:wikipedia": null, "mapillary": null, "route_ref": null, "survey:date": null, "covered": null, "arrival_times:description": null, "phone": null, "surface": null, "website": null, "website:map": null, "wheelchair:description": null, "departures_board": null, "source": null, "source:date": null, "check_date:bench": null, "smoothness": null, "description:arrival_times": null, "check_date": null, "check_date:lit": null, "check_date:tactile_paving": null, "fixme": null, "paving_stones:material": null, "sign": null, "railway": null, "railway:ref": null, "train": null }, "geometry": { "type": "Point", "coordinates": [ -83.7001405, 42.251189 ] } },
{ "type": "Feature", "properties": { "index": 232, "element": "node", "id": 3908756611, "bench": null, "bin": null, "bus": null, "description": null, "highway": "bus_stop", "lit": null, "name": "#7", "operator": null, "public_transport": null, "ref": "7", "shelter": null, "tactile_paving": null, "network": null, "network:wikidata": null, "brand": null, "phone:aaata": null, "ref:aaata": null, "ref:umich": null, "route_ref:aaata": null, "website:aaata": null, "website:aaata:maps": null, "website:umich:map": null, "website:umich:routes": null, "wheelchair": null, "check_date:shelter": null, "note": "177", "passenger_information_display": null, "network:wikipedia": null, "alt_name": null, "local_ref": null, "ref:signed": null, "operator:wikidata": null, "operator:wikipedia": null, "mapillary": null, "route_ref": null, "survey:date": null, "covered": null, "arrival_times:description": null, "phone": null, "surface": null, "website": null, "website:map": null, "wheelchair:description": null, "departures_board": null, "source": null, "source:date": null, "check_date:bench": null, "smoothness": null, "description:arrival_times": null, "check_date": null, "check_date:lit": null, "check_date:tactile_paving": null, "fixme": null, "paving_stones:material": null, "sign": null, "railway": null, "railway:ref": null, "train": null }, "geometry": { "type": "Point", "coordinates": [ -83.6993946, 42.2531387 ] } },
{ "type": "Feature", "properties": { "index": 233, "element": "node", "id": 3908756612, "bench": null, "bin": null, "bus": null, "description": null, "highway": "bus_stop", "lit": null, "name": "#7", "operator": null, "public_transport": null, "ref": "7", "shelter": null, "tactile_paving": null, "network": null, "network:wikidata": null, "brand": null, "phone:aaata": null, "ref:aaata": null, "ref:umich": null, "route_ref:aaata": null, "website:aaata": null, "website:aaata:maps": null, "website:umich:map": null, "website:umich:routes": null, "wheelchair": null, "check_date:shelter": null, "note": "176", "passenger_information_display": null, "network:wikipedia": null, "alt_name": null, "local_ref": null, "ref:signed": null, "operator:wikidata": null, "operator:wikipedia": null, "mapillary": null, "route_ref": null, "survey:date": null, "covered": null, "arrival_times:description": null, "phone": null, "surface": null, "website": null, "website:map": null, "wheelchair:description": null, "departures_board": null, "source": null, "source:date": null, "check_date:bench": null, "smoothness": null, "description:arrival_times": null, "check_date": null, "check_date:lit": null, "check_date:tactile_paving": null, "fixme": null, "paving_stones:material": null, "sign": null, "railway": null, "railway:ref": null, "train": null }, "geometry": { "type": "Point", "coordinates": [ -83.6980694, 42.2535532 ] } },
{ "type": "Feature", "properties": { "index": 234, "element": "node", "id": 9866288242, "bench": "yes", "bin": "yes", "bus": "yes", "description": "This bus stop is served by routes 4, 66, 67, and 104.", "highway": "bus_stop", "lit": "yes", "name": "Washtenaw + Pittsfield", "operator": "Ann Arbor Area Transportation Authority", "public_transport": "platform", "ref": "1899", "shelter": "yes", "tactile_paving": "no", "network": "AAATA", "network:wikidata": "Q4766233", "brand": "TheRide", "phone:aaata": null, "ref:aaata": "1899", "ref:umich": null, "route_ref:aaata": "4;66;67;104", "website:aaata": null, "website:aaata:maps": null, "website:umich:map": null, "website:umich:routes": null, "wheelchair": "yes", "check_date:shelter": null, "note": null, "passenger_information_display": null, "network:wikipedia": null, "alt_name": "AAATA 1899", "local_ref": null, "ref:signed": null, "operator:wikidata": null, "operator:wikipedia": null, "mapillary": null, "route_ref": "4;66;67;104", "survey:date": null, "covered": "no", "arrival_times:description": "Send text to 41411 with: AAATA 1899 for arrival times at this stop.", "phone": "+1-734-996-0400", "surface": "paving_stones", "website": "https://www.theride.org", "website:map": "https://www.theride.org/maps-schedules/track-bus", "wheelchair:description": null, "departures_board": null, "source": null, "source:date": null, "check_date:bench": null, "smoothness": null, "description:arrival_times": null, "check_date": null, "check_date:lit": null, "check_date:tactile_paving": null, "fixme": null, "paving_stones:material": "brick", "sign": null, "railway": null, "railway:ref": null, "train": null }, "geometry": { "type": "Point", "coordinates": [ -83.6902622, 42.2556098 ] } },
{ "type": "Feature", "properties": { "index": 235, "element": "node", "id": 3936436702, "bench": "yes", "bin": "yes", "bus": "yes", "description": "This bus stop is served by routes 4, 66, 67, and 104.", "highway": "bus_stop", "lit": "yes", "name": "Washtenaw + Pittsfield", "operator": "Ann Arbor Area Transportation Authority", "public_transport": "platform", "ref": "1883", "shelter": "yes", "tactile_paving": "no", "network": "AAATA", "network:wikidata": "Q4766233", "brand": "TheRide", "phone:aaata": null, "ref:aaata": "1883", "ref:umich": null, "route_ref:aaata": "4;66;67;104", "website:aaata": null, "website:aaata:maps": null, "website:umich:map": null, "website:umich:routes": null, "wheelchair": "yes", "check_date:shelter": null, "note": null, "passenger_information_display": null, "network:wikipedia": null, "alt_name": "AAATA 1883", "local_ref": null, "ref:signed": null, "operator:wikidata": null, "operator:wikipedia": null, "mapillary": null, "route_ref": "4;66;67;104", "survey:date": null, "covered": "no", "arrival_times:description": "Send text to 41411 with: AAATA 1883 for arrival times at this stop.", "phone": "+1-734-996-0400", "surface": "concrete", "website": "https://www.theride.org", "website:map": "https://www.theride.org/maps-schedules/track-bus", "wheelchair:description": null, "departures_board": null, "source": null, "source:date": null, "check_date:bench": null, "smoothness": null, "description:arrival_times": null, "check_date": null, "check_date:lit": null, "check_date:tactile_paving": null, "fixme": null, "paving_stones:material": null, "sign": null, "railway": null, "railway:ref": null, "train": null }, "geometry": { "type": "Point", "coordinates": [ -83.6896484, 42.2557745 ] } },
{ "type": "Feature", "properties": { "index": 236, "element": "node", "id": 3908756613, "bench": "no", "bin": "no", "bus": null, "description": "This bus stop is served by route 67.", "highway": "bus_stop", "lit": "yes", "name": "AAATA 638", "operator": "Ann Arbor Area Transportation Authority", "public_transport": "platform", "ref": "638", "shelter": "no", "tactile_paving": null, "network": "AAATA", "network:wikidata": null, "brand": "TheRide", "phone:aaata": null, "ref:aaata": "638", "ref:umich": null, "route_ref:aaata": "67", "website:aaata": null, "website:aaata:maps": null, "website:umich:map": null, "website:umich:routes": null, "wheelchair": "no", "check_date:shelter": null, "note": null, "passenger_information_display": null, "network:wikipedia": null, "alt_name": null, "local_ref": null, "ref:signed": null, "operator:wikidata": null, "operator:wikipedia": null, "mapillary": null, "route_ref": "67", "survey:date": null, "covered": "no", "arrival_times:description": "Send text to 41411 with: AAATA 638 for arrival times at this stop.", "phone": "+1-734-996-0400", "surface": "grass", "website": "https://www.theride.org", "website:map": "https://www.theride.org/maps-schedules/track-bus", "wheelchair:description": "This bus stop is located in a grassy area with the sidewalk about six feet from the curb. However a concrete driveway is close by.", "departures_board": null, "source": null, "source:date": null, "check_date:bench": null, "smoothness": null, "description:arrival_times": null, "check_date": null, "check_date:lit": null, "check_date:tactile_paving": null, "fixme": null, "paving_stones:material": null, "sign": null, "railway": null, "railway:ref": null, "train": null }, "geometry": { "type": "Point", "coordinates": [ -83.6960955, 42.2561314 ] } },
{ "type": "Feature", "properties": { "index": 237, "element": "node", "id": 4578713883, "bench": "no", "bin": "no", "bus": "yes", "description": null, "highway": "bus_stop", "lit": null, "name": "Washtenaw + Chalmers", "operator": "AAATA", "public_transport": "platform", "ref": "361", "shelter": "no", "tactile_paving": "no", "network": "AAATA", "network:wikidata": "Q4766233", "brand": null, "phone:aaata": null, "ref:aaata": null, "ref:umich": null, "route_ref:aaata": null, "website:aaata": null, "website:aaata:maps": null, "website:umich:map": null, "website:umich:routes": null, "wheelchair": null, "check_date:shelter": null, "note": "#4, 24, 66", "passenger_information_display": null, "network:wikipedia": "en:Ann Arbor Area Transportation Authority", "alt_name": null, "local_ref": null, "ref:signed": null, "operator:wikidata": null, "operator:wikipedia": null, "mapillary": null, "route_ref": null, "survey:date": null, "covered": null, "arrival_times:description": null, "phone": null, "surface": null, "website": null, "website:map": null, "wheelchair:description": null, "departures_board": null, "source": null, "source:date": null, "check_date:bench": null, "smoothness": null, "description:arrival_times": null, "check_date": null, "check_date:lit": null, "check_date:tactile_paving": null, "fixme": null, "paving_stones:material": null, "sign": null, "railway": null, "railway:ref": null, "train": null }, "geometry": { "type": "Point", "coordinates": [ -83.6927572, 42.256243 ] } },
{ "type": "Feature", "properties": { "index": 238, "element": "node", "id": 13706935744, "bench": "yes", "bin": "no", "bus": null, "description": "This bus stop is served by routes 4, 66, and 67.", "highway": "bus_stop", "lit": "yes", "name": "AAATA 333", "operator": "Ann Arbor Area Transportation Authority", "public_transport": "platform", "ref": "333", "shelter": "yes", "tactile_paving": "no", "network": "AAATA", "network:wikidata": null, "brand": "TheRide", "phone:aaata": null, "ref:aaata": "333", "ref:umich": null, "route_ref:aaata": "4;66;67", "website:aaata": null, "website:aaata:maps": null, "website:umich:map": null, "website:umich:routes": null, "wheelchair": "yes", "check_date:shelter": null, "note": null, "passenger_information_display": null, "network:wikipedia": null, "alt_name": null, "local_ref": null, "ref:signed": null, "operator:wikidata": null, "operator:wikipedia": null, "mapillary": null, "route_ref": "4;66;67", "survey:date": null, "covered": "no", "arrival_times:description": "Send text to 41411 with: AAATA 333 for arrival times at this stop.", "phone": "+1-734-996-0400", "surface": "concrete", "website": "https://www.theride.org", "website:map": "https://www.theride.org/maps-schedules/track-bus", "wheelchair:description": null, "departures_board": null, "source": null, "source:date": null, "check_date:bench": null, "smoothness": null, "description:arrival_times": null, "check_date": null, "check_date:lit": null, "check_date:tactile_paving": null, "fixme": null, "paving_stones:material": null, "sign": null, "railway": null, "railway:ref": null, "train": null }, "geometry": { "type": "Point", "coordinates": [ -83.6950748, 42.2564893 ] } },
{ "type": "Feature", "properties": { "index": 239, "element": "node", "id": 13621046179, "bench": "yes", "bin": "no", "bus": "yes", "description": "This bus stop is served by route 4.", "highway": "bus_stop", "lit": "yes", "name": "AAATA 362", "operator": "Ann Arbor Area Transportation Authority", "public_transport": "platform", "ref": "362", "shelter": "yes", "tactile_paving": null, "network": "AAATA", "network:wikidata": null, "brand": "TheRide", "phone:aaata": null, "ref:aaata": "362", "ref:umich": null, "route_ref:aaata": "4", "website:aaata": null, "website:aaata:maps": null, "website:umich:map": null, "website:umich:routes": null, "wheelchair": "yes", "check_date:shelter": null, "note": null, "passenger_information_display": null, "network:wikipedia": null, "alt_name": null, "local_ref": null, "ref:signed": null, "operator:wikidata": null, "operator:wikipedia": null, "mapillary": null, "route_ref": "4", "survey:date": null, "covered": "no", "arrival_times:description": "Send text to 41411 with: AAATA 362 for arrival times at this stop.", "phone": "+1-734-996-0400", "surface": "concrete", "website": "https://www.theride.org", "website:map": "https://www.theride.org/maps-schedules/track-bus", "wheelchair:description": null, "departures_board": null, "source": null, "source:date": null, "check_date:bench": null, "smoothness": null, "description:arrival_times": null, "check_date": null, "check_date:lit": null, "check_date:tactile_paving": null, "fixme": null, "paving_stones:material": null, "sign": null, "railway": null, "railway:ref": null, "train": null }, "geometry": { "type": "Point", "coordinates": [ -83.6973163, 42.2571984 ] } },
{ "type": "Feature", "properties": { "index": 240, "element": "node", "id": 4571064414, "bench": "no", "bin": null, "bus": null, "description": null, "highway": "bus_stop", "lit": null, "name": "#64", "operator": null, "public_transport": null, "ref": "64", "shelter": "no", "tactile_paving": null, "network": null, "network:wikidata": null, "brand": null, "phone:aaata": null, "ref:aaata": null, "ref:umich": null, "route_ref:aaata": null, "website:aaata": null, "website:aaata:maps": null, "website:umich:map": null, "website:umich:routes": null, "wheelchair": null, "check_date:shelter": null, "note": "332", "passenger_information_display": null, "network:wikipedia": null, "alt_name": null, "local_ref": null, "ref:signed": null, "operator:wikidata": null, "operator:wikipedia": null, "mapillary": null, "route_ref": null, "survey:date": null, "covered": null, "arrival_times:description": null, "phone": null, "surface": null, "website": null, "website:map": null, "wheelchair:description": null, "departures_board": null, "source": "GPS", "source:date": "2016-12-24", "check_date:bench": null, "smoothness": null, "description:arrival_times": null, "check_date": null, "check_date:lit": null, "check_date:tactile_paving": null, "fixme": null, "paving_stones:material": null, "sign": null, "railway": null, "railway:ref": null, "train": null }, "geometry": { "type": "Point", "coordinates": [ -83.7112409, 42.2566977 ] } },
{ "type": "Feature", "properties": { "index": 241, "element": "node", "id": 4571064413, "bench": "no", "bin": null, "bus": null, "description": null, "highway": "bus_stop", "lit": null, "name": "#64", "operator": null, "public_transport": null, "ref": "64", "shelter": "no", "tactile_paving": null, "network": null, "network:wikidata": null, "brand": null, "phone:aaata": null, "ref:aaata": null, "ref:umich": null, "route_ref:aaata": null, "website:aaata": null, "website:aaata:maps": null, "website:umich:map": null, "website:umich:routes": null, "wheelchair": null, "check_date:shelter": null, "note": "333", "passenger_information_display": null, "network:wikipedia": null, "alt_name": null, "local_ref": null, "ref:signed": null, "operator:wikidata": null, "operator:wikipedia": null, "mapillary": null, "route_ref": null, "survey:date": null, "covered": null, "arrival_times:description": null, "phone": null, "surface": null, "website": null, "website:map": null, "wheelchair:description": null, "departures_board": null, "source": "GPS", "source:date": "2016-12-24", "check_date:bench": null, "smoothness": null, "description:arrival_times": null, "check_date": null, "check_date:lit": null, "check_date:tactile_paving": null, "fixme": null, "paving_stones:material": null, "sign": null, "railway": null, "railway:ref": null, "train": null }, "geometry": { "type": "Point", "coordinates": [ -83.711017, 42.2568267 ] } },
{ "type": "Feature", "properties": { "index": 242, "element": "node", "id": 3049844439, "bench": null, "bin": null, "bus": null, "description": null, "highway": "bus_stop", "lit": null, "name": null, "operator": null, "public_transport": null, "ref": null, "shelter": null, "tactile_paving": null, "network": null, "network:wikidata": null, "brand": null, "phone:aaata": null, "ref:aaata": null, "ref:umich": null, "route_ref:aaata": null, "website:aaata": null, "website:aaata:maps": null, "website:umich:map": null, "website:umich:routes": null, "wheelchair": null, "check_date:shelter": null, "note": null, "passenger_information_display": null, "network:wikipedia": null, "alt_name": null, "local_ref": null, "ref:signed": null, "operator:wikidata": null, "operator:wikipedia": null, "mapillary": null, "route_ref": null, "survey:date": null, "covered": null, "arrival_times:description": null, "phone": null, "surface": null, "website": null, "website:map": null, "wheelchair:description": null, "departures_board": null, "source": null, "source:date": null, "check_date:bench": null, "smoothness": null, "description:arrival_times": null, "check_date": null, "check_date:lit": null, "check_date:tactile_paving": null, "fixme": null, "paving_stones:material": null, "sign": null, "railway": null, "railway:ref": null, "train": null }, "geometry": { "type": "Point", "coordinates": [ -83.7139485, 42.2574909 ] } },
{ "type": "Feature", "properties": { "index": 243, "element": "node", "id": 5522960449, "bench": "no", "bin": "no", "bus": null, "description": null, "highway": "bus_stop", "lit": null, "name": "#64", "operator": null, "public_transport": null, "ref": "64", "shelter": "no", "tactile_paving": null, "network": null, "network:wikidata": null, "brand": null, "phone:aaata": null, "ref:aaata": null, "ref:umich": null, "route_ref:aaata": null, "website:aaata": null, "website:aaata:maps": null, "website:umich:map": null, "website:umich:routes": null, "wheelchair": null, "check_date:shelter": null, "note": null, "passenger_information_display": null, "network:wikipedia": null, "alt_name": null, "local_ref": null, "ref:signed": null, "operator:wikidata": null, "operator:wikipedia": null, "mapillary": null, "route_ref": null, "survey:date": "2018-04-01", "covered": null, "arrival_times:description": null, "phone": null, "surface": null, "website": null, "website:map": null, "wheelchair:description": null, "departures_board": null, "source": null, "source:date": null, "check_date:bench": null, "smoothness": null, "description:arrival_times": null, "check_date": null, "check_date:lit": null, "check_date:tactile_paving": null, "fixme": null, "paving_stones:material": null, "sign": null, "railway": null, "railway:ref": null, "train": null }, "geometry": { "type": "Point", "coordinates": [ -83.7104572, 42.2577261 ] } },
{ "type": "Feature", "properties": { "index": 244, "element": "node", "id": 1342894859, "bench": null, "bin": null, "bus": null, "description": null, "highway": "bus_stop", "lit": null, "name": null, "operator": null, "public_transport": null, "ref": null, "shelter": "no", "tactile_paving": null, "network": null, "network:wikidata": null, "brand": null, "phone:aaata": null, "ref:aaata": null, "ref:umich": null, "route_ref:aaata": null, "website:aaata": null, "website:aaata:maps": null, "website:umich:map": null, "website:umich:routes": null, "wheelchair": null, "check_date:shelter": null, "note": null, "passenger_information_display": null, "network:wikipedia": null, "alt_name": null, "local_ref": null, "ref:signed": null, "operator:wikidata": null, "operator:wikipedia": null, "mapillary": null, "route_ref": null, "survey:date": null, "covered": null, "arrival_times:description": null, "phone": null, "surface": null, "website": null, "website:map": null, "wheelchair:description": null, "departures_board": null, "source": null, "source:date": null, "check_date:bench": null, "smoothness": null, "description:arrival_times": null, "check_date": null, "check_date:lit": null, "check_date:tactile_paving": null, "fixme": null, "paving_stones:material": null, "sign": null, "railway": null, "railway:ref": null, "train": null }, "geometry": { "type": "Point", "coordinates": [ -83.7100884, 42.2584037 ] } },
{ "type": "Feature", "properties": { "index": 245, "element": "node", "id": 1454515651, "bench": null, "bin": null, "bus": "yes", "description": null, "highway": "bus_stop", "lit": null, "name": "Washtenaw + Sheridan", "operator": "AAATA", "public_transport": "platform", "ref": "330", "shelter": "yes", "tactile_paving": null, "network": "AAATA", "network:wikidata": "Q4766233", "brand": null, "phone:aaata": null, "ref:aaata": null, "ref:umich": null, "route_ref:aaata": null, "website:aaata": null, "website:aaata:maps": null, "website:umich:map": null, "website:umich:routes": null, "wheelchair": null, "check_date:shelter": null, "note": null, "passenger_information_display": null, "network:wikipedia": null, "alt_name": null, "local_ref": null, "ref:signed": null, "operator:wikidata": null, "operator:wikipedia": null, "mapillary": null, "route_ref": null, "survey:date": null, "covered": null, "arrival_times:description": null, "phone": null, "surface": null, "website": null, "website:map": null, "wheelchair:description": null, "departures_board": null, "source": null, "source:date": null, "check_date:bench": null, "smoothness": null, "description:arrival_times": null, "check_date": null, "check_date:lit": null, "check_date:tactile_paving": null, "fixme": null, "paving_stones:material": null, "sign": null, "railway": null, "railway:ref": null, "train": null }, "geometry": { "type": "Point", "coordinates": [ -83.7100112, 42.2589992 ] } },
{ "type": "Feature", "properties": { "index": 246, "element": "node", "id": 1454515650, "bench": null, "bin": null, "bus": "yes", "description": null, "highway": "bus_stop", "lit": null, "name": "Washtenaw + Sheridan", "operator": "AAATA", "public_transport": "platform", "ref": "366", "shelter": "yes", "tactile_paving": null, "network": "AAATA", "network:wikidata": "Q4766233", "brand": null, "phone:aaata": null, "ref:aaata": null, "ref:umich": null, "route_ref:aaata": null, "website:aaata": null, "website:aaata:maps": null, "website:umich:map": null, "website:umich:routes": null, "wheelchair": null, "check_date:shelter": null, "note": null, "passenger_information_display": null, "network:wikipedia": null, "alt_name": null, "local_ref": null, "ref:signed": null, "operator:wikidata": null, "operator:wikipedia": null, "mapillary": null, "route_ref": null, "survey:date": null, "covered": null, "arrival_times:description": null, "phone": null, "surface": null, "website": null, "website:map": null, "wheelchair:description": null, "departures_board": null, "source": null, "source:date": null, "check_date:bench": null, "smoothness": null, "description:arrival_times": null, "check_date": null, "check_date:lit": null, "check_date:tactile_paving": null, "fixme": null, "paving_stones:material": null, "sign": null, "railway": null, "railway:ref": null, "train": null }, "geometry": { "type": "Point", "coordinates": [ -83.7094191, 42.2592034 ] } },
{ "type": "Feature", "properties": { "index": 247, "element": "node", "id": 13621121122, "bench": null, "bin": null, "bus": "yes", "description": null, "highway": "bus_stop", "lit": null, "name": null, "operator": null, "public_transport": "platform", "ref": null, "shelter": null, "tactile_paving": null, "network": null, "network:wikidata": null, "brand": null, "phone:aaata": null, "ref:aaata": null, "ref:umich": null, "route_ref:aaata": null, "website:aaata": null, "website:aaata:maps": null, "website:umich:map": null, "website:umich:routes": null, "wheelchair": null, "check_date:shelter": null, "note": null, "passenger_information_display": null, "network:wikipedia": null, "alt_name": null, "local_ref": null, "ref:signed": null, "operator:wikidata": null, "operator:wikipedia": null, "mapillary": null, "route_ref": null, "survey:date": null, "covered": null, "arrival_times:description": null, "phone": null, "surface": null, "website": null, "website:map": null, "wheelchair:description": null, "departures_board": null, "source": null, "source:date": null, "check_date:bench": null, "smoothness": null, "description:arrival_times": null, "check_date": null, "check_date:lit": null, "check_date:tactile_paving": null, "fixme": null, "paving_stones:material": null, "sign": null, "railway": null, "railway:ref": null, "train": null }, "geometry": { "type": "Point", "coordinates": [ -83.7088202, 42.2602489 ] } },
{ "type": "Feature", "properties": { "index": 248, "element": "node", "id": 13621128321, "bench": null, "bin": null, "bus": "yes", "description": null, "highway": "bus_stop", "lit": null, "name": null, "operator": null, "public_transport": "platform", "ref": null, "shelter": null, "tactile_paving": null, "network": null, "network:wikidata": null, "brand": null, "phone:aaata": null, "ref:aaata": null, "ref:umich": null, "route_ref:aaata": null, "website:aaata": null, "website:aaata:maps": null, "website:umich:map": null, "website:umich:routes": null, "wheelchair": null, "check_date:shelter": null, "note": null, "passenger_information_display": null, "network:wikipedia": null, "alt_name": null, "local_ref": null, "ref:signed": null, "operator:wikidata": null, "operator:wikipedia": null, "mapillary": null, "route_ref": null, "survey:date": null, "covered": null, "arrival_times:description": null, "phone": null, "surface": null, "website": null, "website:map": null, "wheelchair:description": null, "departures_board": null, "source": null, "source:date": null, "check_date:bench": null, "smoothness": null, "description:arrival_times": null, "check_date": null, "check_date:lit": null, "check_date:tactile_paving": null, "fixme": null, "paving_stones:material": null, "sign": null, "railway": null, "railway:ref": null, "train": null }, "geometry": { "type": "Point", "coordinates": [ -83.7065518, 42.2619559 ] } },
{ "type": "Feature", "properties": { "index": 249, "element": "node", "id": 13760888809, "bench": null, "bin": null, "bus": "yes", "description": null, "highway": "bus_stop", "lit": null, "name": null, "operator": null, "public_transport": "platform", "ref": null, "shelter": null, "tactile_paving": null, "network": null, "network:wikidata": null, "brand": null, "phone:aaata": null, "ref:aaata": null, "ref:umich": null, "route_ref:aaata": null, "website:aaata": null, "website:aaata:maps": null, "website:umich:map": null, "website:umich:routes": null, "wheelchair": null, "check_date:shelter": null, "note": null, "passenger_information_display": null, "network:wikipedia": null, "alt_name": null, "local_ref": null, "ref:signed": null, "operator:wikidata": null, "operator:wikipedia": null, "mapillary": null, "route_ref": null, "survey:date": null, "covered": null, "arrival_times:description": null, "phone": null, "surface": null, "website": null, "website:map": null, "wheelchair:description": null, "departures_board": null, "source": null, "source:date": null, "check_date:bench": null, "smoothness": null, "description:arrival_times": null, "check_date": null, "check_date:lit": null, "check_date:tactile_paving": null, "fixme": null, "paving_stones:material": null, "sign": null, "railway": null, "railway:ref": null, "train": null }, "geometry": { "type": "Point", "coordinates": [ -83.7092399, 42.2701381 ] } },
{ "type": "Feature", "properties": { "index": 250, "element": "node", "id": 4578713882, "bench": "no", "bin": "no", "bus": "yes", "description": "This bus stop is served by route 66.", "highway": "bus_stop", "lit": "yes", "name": "AAATA 609", "operator": "Ann Arbor Area Transportation Authority", "public_transport": "platform", "ref": "609", "shelter": "no", "tactile_paving": "no", "network": "AAATA", "network:wikidata": "Q4766233", "brand": "TheRide", "phone:aaata": null, "ref:aaata": "609", "ref:umich": null, "route_ref:aaata": "66", "website:aaata": null, "website:aaata:maps": null, "website:umich:map": null, "website:umich:routes": null, "wheelchair": "yes", "check_date:shelter": null, "note": null, "passenger_information_display": null, "network:wikipedia": "en:Ann Arbor Area Transportation Authority", "alt_name": null, "local_ref": null, "ref:signed": null, "operator:wikidata": null, "operator:wikipedia": null, "mapillary": null, "route_ref": "66", "survey:date": null, "covered": "no", "arrival_times:description": "Send text to 41411 with: AAATA 609 for arrival times at this stop.", "phone": "+1-734-996-0400", "surface": "concrete", "website": "https://www.theride.org", "website:map": "https://www.theride.org/maps-schedules/track-bus", "wheelchair:description": null, "departures_board": null, "source": null, "source:date": null, "check_date:bench": null, "smoothness": null, "description:arrival_times": null, "check_date": null, "check_date:lit": null, "check_date:tactile_paving": null, "fixme": null, "paving_stones:material": null, "sign": null, "railway": null, "railway:ref": null, "train": null }, "geometry": { "type": "Point", "coordinates": [ -83.6955014, 42.2572349 ] } },
{ "type": "Feature", "properties": { "index": 251, "element": "node", "id": 3908756606, "bench": null, "bin": null, "bus": null, "description": null, "highway": "bus_stop", "lit": null, "name": "#4", "operator": null, "public_transport": null, "ref": "4", "shelter": null, "tactile_paving": null, "network": null, "network:wikidata": null, "brand": null, "phone:aaata": null, "ref:aaata": null, "ref:umich": null, "route_ref:aaata": null, "website:aaata": null, "website:aaata:maps": null, "website:umich:map": null, "website:umich:routes": null, "wheelchair": null, "check_date:shelter": null, "note": "174", "passenger_information_display": null, "network:wikipedia": null, "alt_name": null, "local_ref": null, "ref:signed": null, "operator:wikidata": null, "operator:wikipedia": null, "mapillary": null, "route_ref": null, "survey:date": null, "covered": null, "arrival_times:description": null, "phone": null, "surface": null, "website": null, "website:map": null, "wheelchair:description": null, "departures_board": null, "source": null, "source:date": null, "check_date:bench": null, "smoothness": null, "description:arrival_times": null, "check_date": null, "check_date:lit": null, "check_date:tactile_paving": null, "fixme": "information outdated", "paving_stones:material": null, "sign": null, "railway": null, "railway:ref": null, "train": null }, "geometry": { "type": "Point", "coordinates": [ -83.69919, 42.2573212 ] } },
{ "type": "Feature", "properties": { "index": 252, "element": "node", "id": 3908756605, "bench": "yes", "bin": null, "bus": null, "description": null, "highway": "bus_stop", "lit": null, "name": "#4", "operator": null, "public_transport": null, "ref": "4", "shelter": "yes", "tactile_paving": null, "network": null, "network:wikidata": null, "brand": null, "phone:aaata": null, "ref:aaata": null, "ref:umich": null, "route_ref:aaata": null, "website:aaata": null, "website:aaata:maps": null, "website:umich:map": null, "website:umich:routes": null, "wheelchair": null, "check_date:shelter": null, "note": "173", "passenger_information_display": null, "network:wikipedia": null, "alt_name": null, "local_ref": null, "ref:signed": null, "operator:wikidata": null, "operator:wikipedia": null, "mapillary": null, "route_ref": null, "survey:date": null, "covered": null, "arrival_times:description": null, "phone": null, "surface": null, "website": null, "website:map": null, "wheelchair:description": null, "departures_board": null, "source": null, "source:date": null, "check_date:bench": null, "smoothness": null, "description:arrival_times": null, "check_date": null, "check_date:lit": null, "check_date:tactile_paving": null, "fixme": "information outdated", "paving_stones:material": null, "sign": null, "railway": null, "railway:ref": null, "train": null }, "geometry": { "type": "Point", "coordinates": [ -83.6997488, 42.2574538 ] } },
{ "type": "Feature", "properties": { "index": 253, "element": "node", "id": 4578713880, "bench": "no", "bin": null, "bus": null, "description": null, "highway": "bus_stop", "lit": null, "name": "#66", "operator": null, "public_transport": null, "ref": "66", "shelter": "no", "tactile_paving": null, "network": null, "network:wikidata": null, "brand": null, "phone:aaata": null, "ref:aaata": null, "ref:umich": null, "route_ref:aaata": null, "website:aaata": null, "website:aaata:maps": null, "website:umich:map": null, "website:umich:routes": null, "wheelchair": null, "check_date:shelter": null, "note": null, "passenger_information_display": null, "network:wikipedia": null, "alt_name": null, "local_ref": null, "ref:signed": null, "operator:wikidata": null, "operator:wikipedia": null, "mapillary": null, "route_ref": null, "survey:date": null, "covered": null, "arrival_times:description": null, "phone": null, "surface": null, "website": null, "website:map": null, "wheelchair:description": null, "departures_board": null, "source": null, "source:date": null, "check_date:bench": null, "smoothness": null, "description:arrival_times": null, "check_date": null, "check_date:lit": null, "check_date:tactile_paving": null, "fixme": null, "paving_stones:material": null, "sign": null, "railway": null, "railway:ref": null, "train": null }, "geometry": { "type": "Point", "coordinates": [ -83.6945907, 42.2601188 ] } },
{ "type": "Feature", "properties": { "index": 254, "element": "node", "id": 4578713881, "bench": "no", "bin": "no", "bus": null, "description": null, "highway": "bus_stop", "lit": null, "name": "#66", "operator": null, "public_transport": null, "ref": "66", "shelter": "no", "tactile_paving": null, "network": null, "network:wikidata": null, "brand": null, "phone:aaata": null, "ref:aaata": null, "ref:umich": null, "route_ref:aaata": null, "website:aaata": null, "website:aaata:maps": null, "website:umich:map": null, "website:umich:routes": null, "wheelchair": null, "check_date:shelter": "2021-09-24", "note": null, "passenger_information_display": null, "network:wikipedia": null, "alt_name": null, "local_ref": null, "ref:signed": null, "operator:wikidata": null, "operator:wikipedia": null, "mapillary": null, "route_ref": null, "survey:date": null, "covered": null, "arrival_times:description": null, "phone": null, "surface": null, "website": null, "website:map": null, "wheelchair:description": null, "departures_board": null, "source": null, "source:date": null, "check_date:bench": null, "smoothness": null, "description:arrival_times": null, "check_date": null, "check_date:lit": null, "check_date:tactile_paving": null, "fixme": null, "paving_stones:material": null, "sign": null, "railway": null, "railway:ref": null, "train": null }, "geometry": { "type": "Point", "coordinates": [ -83.6939018, 42.2604008 ] } },
{ "type": "Feature", "properties": { "index": 255, "element": "node", "id": 13639878951, "bench": "no", "bin": "no", "bus": null, "description": "This bus stop is served by route 66. Send text to 41411 with: AAATA 633 for arrival times at this stop.", "highway": "bus_stop", "lit": "yes", "name": "AAATA 633", "operator": "Ann Arbor Area Transportation Authority", "public_transport": "platform", "ref": "633", "shelter": "no", "tactile_paving": null, "network": "AAATA", "network:wikidata": null, "brand": "The Ride", "phone:aaata": null, "ref:aaata": "633", "ref:umich": null, "route_ref:aaata": "66", "website:aaata": null, "website:aaata:maps": null, "website:umich:map": null, "website:umich:routes": null, "wheelchair": "yes", "check_date:shelter": null, "note": null, "passenger_information_display": null, "network:wikipedia": null, "alt_name": null, "local_ref": null, "ref:signed": null, "operator:wikidata": null, "operator:wikipedia": null, "mapillary": null, "route_ref": "66", "survey:date": null, "covered": "no", "arrival_times:description": null, "phone": "+1-734-996-0400", "surface": "concrete", "website": "https://www.theride.org", "website:map": "https://www.theride.org/maps-schedules/track-bus", "wheelchair:description": null, "departures_board": null, "source": null, "source:date": null, "check_date:bench": null, "smoothness": null, "description:arrival_times": null, "check_date": null, "check_date:lit": null, "check_date:tactile_paving": null, "fixme": null, "paving_stones:material": null, "sign": null, "railway": null, "railway:ref": null, "train": null }, "geometry": { "type": "Point", "coordinates": [ -83.699032, 42.2769047 ] } },
{ "type": "Feature", "properties": { "index": 256, "element": "node", "id": 13639878953, "bench": "no", "bin": "no", "bus": null, "description": "This bus stop is served by route 3. Send text to 41411 with: AAATA 260 for arrival times at this stop.", "highway": "bus_stop", "lit": "yes", "name": "AAATA 260", "operator": "Ann Arbor Area Transportation Authority", "public_transport": "platform", "ref": "260", "shelter": "no", "tactile_paving": null, "network": "AAATA", "network:wikidata": null, "brand": "The Ride", "phone:aaata": null, "ref:aaata": "260", "ref:umich": null, "route_ref:aaata": "3", "website:aaata": null, "website:aaata:maps": null, "website:umich:map": null, "website:umich:routes": null, "wheelchair": "no", "check_date:shelter": null, "note": null, "passenger_information_display": null, "network:wikipedia": null, "alt_name": null, "local_ref": null, "ref:signed": null, "operator:wikidata": null, "operator:wikipedia": null, "mapillary": null, "route_ref": "3", "survey:date": null, "covered": "no", "arrival_times:description": null, "phone": "+1-734-996-0400", "surface": "grass", "website": "https://www.theride.org", "website:map": "https://www.theride.org/maps-schedules/track-bus", "wheelchair:description": "This bus stop is located in a grassy area at least 225 feet from the closest paved sidewalk. A wheelchair would have a difficult task travelling to or from this bus stop, especially in bad weather.", "departures_board": null, "source": null, "source:date": null, "check_date:bench": null, "smoothness": null, "description:arrival_times": null, "check_date": null, "check_date:lit": null, "check_date:tactile_paving": null, "fixme": null, "paving_stones:material": null, "sign": null, "railway": null, "railway:ref": null, "train": null }, "geometry": { "type": "Point", "coordinates": [ -83.6978217, 42.27738 ] } },
{ "type": "Feature", "properties": { "index": 257, "element": "node", "id": 13639878952, "bench": "no", "bin": "no", "bus": null, "description": "This bus stop is served by routes 3 and 66. Send text to 41411 with: AAATA 612 for arrival times at this stop.", "highway": "bus_stop", "lit": "yes", "name": "AAATA 612", "operator": "Ann Arbor Area Transportation Authority", "public_transport": "platform", "ref": "612", "shelter": "no", "tactile_paving": null, "network": "AAATA", "network:wikidata": null, "brand": "The Ride", "phone:aaata": null, "ref:aaata": "612", "ref:umich": null, "route_ref:aaata": "3;66", "website:aaata": null, "website:aaata:maps": null, "website:umich:map": null, "website:umich:routes": null, "wheelchair": "yes", "check_date:shelter": null, "note": null, "passenger_information_display": null, "network:wikipedia": null, "alt_name": null, "local_ref": null, "ref:signed": null, "operator:wikidata": null, "operator:wikipedia": null, "mapillary": null, "route_ref": "3;66", "survey:date": null, "covered": "no", "arrival_times:description": null, "phone": "+1-734-996-0400", "surface": "concrete", "website": "https://www.theride.org", "website:map": "https://www.theride.org/maps-schedules/track-bus", "wheelchair:description": null, "departures_board": null, "source": null, "source:date": null, "check_date:bench": null, "smoothness": null, "description:arrival_times": null, "check_date": null, "check_date:lit": null, "check_date:tactile_paving": null, "fixme": null, "paving_stones:material": null, "sign": null, "railway": null, "railway:ref": null, "train": null }, "geometry": { "type": "Point", "coordinates": [ -83.6987521, 42.2779915 ] } },
{ "type": "Feature", "properties": { "index": 258, "element": "node", "id": 2343844183, "bench": null, "bin": null, "bus": "yes", "description": null, "highway": "bus_stop", "lit": null, "name": "Green Hills School", "operator": null, "public_transport": "platform", "ref": null, "shelter": null, "tactile_paving": null, "network": "AAATA", "network:wikidata": "Q4766233", "brand": null, "phone:aaata": null, "ref:aaata": null, "ref:umich": null, "route_ref:aaata": null, "website:aaata": null, "website:aaata:maps": null, "website:umich:map": null, "website:umich:routes": null, "wheelchair": null, "check_date:shelter": null, "note": null, "passenger_information_display": null, "network:wikipedia": null, "alt_name": null, "local_ref": null, "ref:signed": null, "operator:wikidata": null, "operator:wikipedia": null, "mapillary": null, "route_ref": null, "survey:date": null, "covered": null, "arrival_times:description": null, "phone": null, "surface": null, "website": null, "website:map": null, "wheelchair:description": null, "departures_board": null, "source": null, "source:date": null, "check_date:bench": null, "smoothness": null, "description:arrival_times": null, "check_date": null, "check_date:lit": null, "check_date:tactile_paving": null, "fixme": null, "paving_stones:material": null, "sign": null, "railway": null, "railway:ref": null, "train": null }, "geometry": { "type": "Point", "coordinates": [ -83.6791344, 42.2854374 ] } },
{ "type": "Feature", "properties": { "index": 259, "element": "node", "id": 13782724851, "bench": null, "bin": null, "bus": "yes", "description": null, "highway": "bus_stop", "lit": null, "name": null, "operator": null, "public_transport": "platform", "ref": null, "shelter": null, "tactile_paving": null, "network": null, "network:wikidata": null, "brand": null, "phone:aaata": null, "ref:aaata": null, "ref:umich": null, "route_ref:aaata": null, "website:aaata": null, "website:aaata:maps": null, "website:umich:map": null, "website:umich:routes": null, "wheelchair": null, "check_date:shelter": null, "note": null, "passenger_information_display": null, "network:wikipedia": null, "alt_name": null, "local_ref": null, "ref:signed": null, "operator:wikidata": null, "operator:wikipedia": null, "mapillary": null, "route_ref": null, "survey:date": null, "covered": null, "arrival_times:description": null, "phone": null, "surface": null, "website": null, "website:map": null, "wheelchair:description": null, "departures_board": null, "source": null, "source:date": null, "check_date:bench": null, "smoothness": null, "description:arrival_times": null, "check_date": null, "check_date:lit": null, "check_date:tactile_paving": null, "fixme": null, "paving_stones:material": null, "sign": null, "railway": null, "railway:ref": null, "train": null }, "geometry": { "type": "Point", "coordinates": [ -83.6870525, 42.2880843 ] } },
{ "type": "Feature", "properties": { "index": 260, "element": "node", "id": 13760888808, "bench": null, "bin": null, "bus": "yes", "description": null, "highway": "bus_stop", "lit": null, "name": null, "operator": null, "public_transport": "platform", "ref": null, "shelter": null, "tactile_paving": null, "network": null, "network:wikidata": null, "brand": null, "phone:aaata": null, "ref:aaata": null, "ref:umich": null, "route_ref:aaata": null, "website:aaata": null, "website:aaata:maps": null, "website:umich:map": null, "website:umich:routes": null, "wheelchair": null, "check_date:shelter": null, "note": null, "passenger_information_display": null, "network:wikipedia": null, "alt_name": null, "local_ref": null, "ref:signed": null, "operator:wikidata": null, "operator:wikipedia": null, "mapillary": null, "route_ref": null, "survey:date": null, "covered": null, "arrival_times:description": null, "phone": null, "surface": null, "website": null, "website:map": null, "wheelchair:description": null, "departures_board": null, "source": null, "source:date": null, "check_date:bench": null, "smoothness": null, "description:arrival_times": null, "check_date": null, "check_date:lit": null, "check_date:tactile_paving": null, "fixme": null, "paving_stones:material": null, "sign": null, "railway": null, "railway:ref": null, "train": null }, "geometry": { "type": "Point", "coordinates": [ -83.7107547, 42.2726913 ] } },
{ "type": "Feature", "properties": { "index": 261, "element": "node", "id": 9863081086, "bench": "yes", "bin": "no", "bus": "yes", "description": "This bus stop is served by routes 3 and 66.", "highway": "bus_stop", "lit": null, "name": "Huron High School", "operator": "Ann Arbor Area Transportation Authority", "public_transport": "platform", "ref": "1861", "shelter": null, "tactile_paving": null, "network": "AAATA", "network:wikidata": "Q4766233", "brand": "The Ride", "phone:aaata": null, "ref:aaata": "1861", "ref:umich": null, "route_ref:aaata": "3;66", "website:aaata": null, "website:aaata:maps": null, "website:umich:map": null, "website:umich:routes": null, "wheelchair": "yes", "check_date:shelter": null, "note": null, "passenger_information_display": null, "network:wikipedia": null, "alt_name": "AAATA 1861", "local_ref": null, "ref:signed": null, "operator:wikidata": null, "operator:wikipedia": null, "mapillary": null, "route_ref": "3;66", "survey:date": null, "covered": "no", "arrival_times:description": null, "phone": "+1-734-996-0400", "surface": "concrete", "website": "https://www.theride.org", "website:map": "https://www.theride.org/maps-schedules/track-bus", "wheelchair:description": null, "departures_board": null, "source": null, "source:date": null, "check_date:bench": null, "smoothness": null, "description:arrival_times": "Send text to 41411 with: AAATA 1861 for arrival times at this stop.", "check_date": null, "check_date:lit": null, "check_date:tactile_paving": null, "fixme": null, "paving_stones:material": null, "sign": null, "railway": null, "railway:ref": null, "train": null }, "geometry": { "type": "Point", "coordinates": [ -83.7015653, 42.2837797 ] } },
{ "type": "Feature", "properties": { "index": 262, "element": "node", "id": 9863081109, "bench": "yes", "bin": "no", "bus": "yes", "description": "This bus stop is served by routes 3 and 66. Two street lights are both about 230 feet away.", "highway": "bus_stop", "lit": "yes", "name": "Huron High School", "operator": "Ann Arbor Area Transportation Authority", "public_transport": "platform", "ref": "305", "shelter": null, "tactile_paving": null, "network": "AAATA", "network:wikidata": "Q4766233", "brand": "The Ride", "phone:aaata": null, "ref:aaata": "305", "ref:umich": null, "route_ref:aaata": "3;66", "website:aaata": null, "website:aaata:maps": null, "website:umich:map": null, "website:umich:routes": null, "wheelchair": "yes", "check_date:shelter": null, "note": null, "passenger_information_display": null, "network:wikipedia": null, "alt_name": "AAATA 305", "local_ref": null, "ref:signed": null, "operator:wikidata": null, "operator:wikipedia": null, "mapillary": null, "route_ref": "3;66", "survey:date": null, "covered": "no", "arrival_times:description": null, "phone": "+1-734-996-0400", "surface": "concrete", "website": "https://www.theride.org", "website:map": "https://www.theride.org/maps-schedules/track-bus", "wheelchair:description": null, "departures_board": null, "source": null, "source:date": null, "check_date:bench": null, "smoothness": null, "description:arrival_times": "Send text to 41411 with: AAATA 305 for arrival times at this stop.", "check_date": null, "check_date:lit": null, "check_date:tactile_paving": null, "fixme": null, "paving_stones:material": null, "sign": null, "railway": null, "railway:ref": null, "train": null }, "geometry": { "type": "Point", "coordinates": [ -83.7012476, 42.2841709 ] } },
{ "type": "Feature", "properties": { "index": 263, "element": "node", "id": 9863081085, "bench": null, "bin": null, "bus": "yes", "description": null, "highway": "bus_stop", "lit": null, "name": "VA Healthcare System", "operator": "AAATA", "public_transport": "platform", "ref": null, "shelter": null, "tactile_paving": null, "network": "AAATA", "network:wikidata": "Q4766233", "brand": null, "phone:aaata": null, "ref:aaata": null, "ref:umich": null, "route_ref:aaata": null, "website:aaata": null, "website:aaata:maps": null, "website:umich:map": null, "website:umich:routes": null, "wheelchair": null, "check_date:shelter": null, "note": null, "passenger_information_display": null, "network:wikipedia": null, "alt_name": null, "local_ref": null, "ref:signed": null, "operator:wikidata": null, "operator:wikipedia": null, "mapillary": null, "route_ref": null, "survey:date": null, "covered": null, "arrival_times:description": null, "phone": null, "surface": null, "website": null, "website:map": null, "wheelchair:description": null, "departures_board": null, "source": null, "source:date": null, "check_date:bench": null, "smoothness": null, "description:arrival_times": null, "check_date": null, "check_date:lit": null, "check_date:tactile_paving": null, "fixme": null, "paving_stones:material": null, "sign": null, "railway": null, "railway:ref": null, "train": null }, "geometry": { "type": "Point", "coordinates": [ -83.713777, 42.2866462 ] } },
{ "type": "Feature", "properties": { "index": 264, "element": "node", "id": 10837215691, "bench": "no", "bin": "no", "bus": "yes", "description": "This bus stop is served by routes 3 and 66.", "highway": "bus_stop", "lit": "yes", "name": "AAATA 306", "operator": "Ann Arbor Area Transportation Authority", "public_transport": "platform", "ref": "306", "shelter": "no", "tactile_paving": null, "network": "AAATA", "network:wikidata": null, "brand": "The Ride", "phone:aaata": null, "ref:aaata": "306", "ref:umich": null, "route_ref:aaata": "3; 66", "website:aaata": null, "website:aaata:maps": null, "website:umich:map": null, "website:umich:routes": null, "wheelchair": null, "check_date:shelter": null, "note": null, "passenger_information_display": null, "network:wikipedia": null, "alt_name": null, "local_ref": null, "ref:signed": null, "operator:wikidata": null, "operator:wikipedia": null, "mapillary": null, "route_ref": "3; 66", "survey:date": null, "covered": "no", "arrival_times:description": null, "phone": "+1-734-996-0400", "surface": "grass", "website": "https://www.theride.org", "website:map": "https://www.theride.org/maps-schedules/track-bus", "wheelchair:description": null, "departures_board": null, "source": null, "source:date": null, "check_date:bench": null, "smoothness": null, "description:arrival_times": "Send text to 41411 with: AAATA 306 for arrival times at this stop.", "check_date": null, "check_date:lit": null, "check_date:tactile_paving": null, "fixme": null, "paving_stones:material": null, "sign": null, "railway": null, "railway:ref": null, "train": null }, "geometry": { "type": "Point", "coordinates": [ -83.7043689, 42.287862 ] } },
{ "type": "Feature", "properties": { "index": 265, "element": "node", "id": 10816361285, "bench": "no", "bin": null, "bus": "yes", "description": null, "highway": "bus_stop", "lit": "yes", "name": null, "operator": "University of Michigan", "public_transport": "platform", "ref": "N401", "shelter": "no", "tactile_paving": null, "network": null, "network:wikidata": null, "brand": null, "phone:aaata": null, "ref:aaata": null, "ref:umich": null, "route_ref:aaata": null, "website:aaata": null, "website:aaata:maps": null, "website:umich:map": null, "website:umich:routes": null, "wheelchair": null, "check_date:shelter": null, "note": null, "passenger_information_display": null, "network:wikipedia": null, "alt_name": null, "local_ref": null, "ref:signed": null, "operator:wikidata": null, "operator:wikipedia": null, "mapillary": null, "route_ref": null, "survey:date": null, "covered": null, "arrival_times:description": null, "phone": null, "surface": null, "website": null, "website:map": null, "wheelchair:description": null, "departures_board": null, "source": null, "source:date": null, "check_date:bench": null, "smoothness": null, "description:arrival_times": null, "check_date": null, "check_date:lit": null, "check_date:tactile_paving": null, "fixme": null, "paving_stones:material": null, "sign": null, "railway": null, "railway:ref": null, "train": null }, "geometry": { "type": "Point", "coordinates": [ -83.7130979, 42.2884997 ] } },
{ "type": "Feature", "properties": { "index": 266, "element": "node", "id": 10816361284, "bench": "no", "bin": null, "bus": "yes", "description": null, "highway": "bus_stop", "lit": "yes", "name": null, "operator": "University of Michigan", "public_transport": "platform", "ref": "N402", "shelter": "no", "tactile_paving": null, "network": null, "network:wikidata": null, "brand": null, "phone:aaata": null, "ref:aaata": null, "ref:umich": null, "route_ref:aaata": null, "website:aaata": null, "website:aaata:maps": null, "website:umich:map": null, "website:umich:routes": null, "wheelchair": null, "check_date:shelter": null, "note": null, "passenger_information_display": null, "network:wikipedia": null, "alt_name": null, "local_ref": null, "ref:signed": null, "operator:wikidata": null, "operator:wikipedia": null, "mapillary": null, "route_ref": null, "survey:date": null, "covered": null, "arrival_times:description": null, "phone": null, "surface": null, "website": null, "website:map": null, "wheelchair:description": null, "departures_board": null, "source": null, "source:date": null, "check_date:bench": null, "smoothness": null, "description:arrival_times": null, "check_date": null, "check_date:lit": null, "check_date:tactile_paving": null, "fixme": null, "paving_stones:material": null, "sign": null, "railway": null, "railway:ref": null, "train": null }, "geometry": { "type": "Point", "coordinates": [ -83.7128913, 42.2885235 ] } },
{ "type": "Feature", "properties": { "index": 267, "element": "node", "id": 10836193452, "bench": "yes", "bin": "no", "bus": "yes", "description": null, "highway": "bus_stop", "lit": "yes", "name": null, "operator": "University of Michigan", "public_transport": "platform", "ref": "N502", "shelter": "yes", "tactile_paving": "no", "network": null, "network:wikidata": null, "brand": null, "phone:aaata": null, "ref:aaata": null, "ref:umich": null, "route_ref:aaata": null, "website:aaata": null, "website:aaata:maps": null, "website:umich:map": null, "website:umich:routes": null, "wheelchair": null, "check_date:shelter": null, "note": null, "passenger_information_display": null, "network:wikipedia": null, "alt_name": null, "local_ref": null, "ref:signed": null, "operator:wikidata": null, "operator:wikipedia": null, "mapillary": null, "route_ref": null, "survey:date": null, "covered": null, "arrival_times:description": null, "phone": null, "surface": null, "website": null, "website:map": null, "wheelchair:description": null, "departures_board": null, "source": null, "source:date": null, "check_date:bench": null, "smoothness": null, "description:arrival_times": null, "check_date": null, "check_date:lit": null, "check_date:tactile_paving": null, "fixme": null, "paving_stones:material": null, "sign": null, "railway": null, "railway:ref": null, "train": null }, "geometry": { "type": "Point", "coordinates": [ -83.7049694, 42.288713 ] } },
{ "type": "Feature", "properties": { "index": 268, "element": "node", "id": 10836193453, "bench": "yes", "bin": "no", "bus": "yes", "description": null, "highway": "bus_stop", "lit": "yes", "name": null, "operator": "University of Michigan", "public_transport": "platform", "ref": "N500", "shelter": "yes", "tactile_paving": "no", "network": null, "network:wikidata": null, "brand": null, "phone:aaata": null, "ref:aaata": null, "ref:umich": null, "route_ref:aaata": null, "website:aaata": null, "website:aaata:maps": null, "website:umich:map": null, "website:umich:routes": null, "wheelchair": null, "check_date:shelter": null, "note": null, "passenger_information_display": null, "network:wikipedia": null, "alt_name": null, "local_ref": null, "ref:signed": null, "operator:wikidata": null, "operator:wikipedia": null, "mapillary": null, "route_ref": null, "survey:date": null, "covered": null, "arrival_times:description": null, "phone": null, "surface": null, "website": null, "website:map": null, "wheelchair:description": null, "departures_board": null, "source": null, "source:date": null, "check_date:bench": null, "smoothness": null, "description:arrival_times": null, "check_date": null, "check_date:lit": null, "check_date:tactile_paving": null, "fixme": null, "paving_stones:material": null, "sign": null, "railway": null, "railway:ref": null, "train": null }, "geometry": { "type": "Point", "coordinates": [ -83.706161, 42.289215 ] } },
{ "type": "Feature", "properties": { "index": 269, "element": "node", "id": 10836193454, "bench": "yes", "bin": "no", "bus": "yes", "description": null, "highway": "bus_stop", "lit": "yes", "name": null, "operator": "University of Michigan", "public_transport": "platform", "ref": "N501", "shelter": "yes", "tactile_paving": "no", "network": null, "network:wikidata": null, "brand": null, "phone:aaata": null, "ref:aaata": null, "ref:umich": null, "route_ref:aaata": null, "website:aaata": null, "website:aaata:maps": null, "website:umich:map": null, "website:umich:routes": null, "wheelchair": null, "check_date:shelter": null, "note": null, "passenger_information_display": null, "network:wikipedia": null, "alt_name": null, "local_ref": null, "ref:signed": null, "operator:wikidata": null, "operator:wikipedia": null, "mapillary": null, "route_ref": null, "survey:date": null, "covered": null, "arrival_times:description": null, "phone": null, "surface": null, "website": null, "website:map": null, "wheelchair:description": null, "departures_board": null, "source": null, "source:date": null, "check_date:bench": null, "smoothness": null, "description:arrival_times": null, "check_date": null, "check_date:lit": null, "check_date:tactile_paving": null, "fixme": null, "paving_stones:material": null, "sign": null, "railway": null, "railway:ref": null, "train": null }, "geometry": { "type": "Point", "coordinates": [ -83.7050895, 42.2897865 ] } },
{ "type": "Feature", "properties": { "index": 270, "element": "node", "id": 12185186593, "bench": "yes", "bin": "yes", "bus": "yes", "description": null, "highway": "bus_stop", "lit": "yes", "name": "Pierpont Commons Murfin Inbound", "operator": "University of Michigan - Logistics, Transportation & Parking", "public_transport": "platform", "ref": "N551", "shelter": "yes", "tactile_paving": "no", "network": "University of Michigan Transit", "network:wikidata": null, "brand": null, "phone:aaata": null, "ref:aaata": null, "ref:umich": null, "route_ref:aaata": null, "website:aaata": null, "website:aaata:maps": null, "website:umich:map": null, "website:umich:routes": null, "wheelchair": null, "check_date:shelter": null, "note": null, "passenger_information_display": null, "network:wikipedia": null, "alt_name": null, "local_ref": null, "ref:signed": null, "operator:wikidata": "Q130321558", "operator:wikipedia": null, "mapillary": null, "route_ref": null, "survey:date": null, "covered": null, "arrival_times:description": null, "phone": null, "surface": null, "website": null, "website:map": null, "wheelchair:description": null, "departures_board": null, "source": null, "source:date": null, "check_date:bench": null, "smoothness": null, "description:arrival_times": null, "check_date": null, "check_date:lit": null, "check_date:tactile_paving": null, "fixme": null, "paving_stones:material": null, "sign": null, "railway": null, "railway:ref": null, "train": null }, "geometry": { "type": "Point", "coordinates": [ -83.7190787, 42.2903829 ] } },
{ "type": "Feature", "properties": { "index": 271, "element": "node", "id": 955598823, "bench": "yes", "bin": "yes", "bus": "yes", "description": null, "highway": "bus_stop", "lit": "yes", "name": "Pierpont Commons - Bonisteel Inbound", "operator": "University of Michigan;AAATA", "public_transport": "platform", "ref": "N553", "shelter": "yes", "tactile_paving": "no", "network": "Diag to Diag;Commuter South;Northwood;22", "network:wikidata": null, "brand": null, "phone:aaata": null, "ref:aaata": null, "ref:umich": null, "route_ref:aaata": null, "website:aaata": null, "website:aaata:maps": null, "website:umich:map": null, "website:umich:routes": null, "wheelchair": null, "check_date:shelter": null, "note": null, "passenger_information_display": null, "network:wikipedia": null, "alt_name": null, "local_ref": null, "ref:signed": null, "operator:wikidata": null, "operator:wikipedia": null, "mapillary": null, "route_ref": null, "survey:date": null, "covered": null, "arrival_times:description": null, "phone": null, "surface": null, "website": null, "website:map": null, "wheelchair:description": null, "departures_board": null, "source": null, "source:date": null, "check_date:bench": null, "smoothness": null, "description:arrival_times": null, "check_date": null, "check_date:lit": null, "check_date:tactile_paving": null, "fixme": null, "paving_stones:material": null, "sign": null, "railway": null, "railway:ref": null, "train": null }, "geometry": { "type": "Point", "coordinates": [ -83.7180979, 42.2904503 ] } },
{ "type": "Feature", "properties": { "index": 272, "element": "node", "id": 11913723177, "bench": "no", "bin": "yes", "bus": "yes", "description": null, "highway": "bus_stop", "lit": "no", "name": null, "operator": null, "public_transport": "platform", "ref": "AATA 1714", "shelter": "no", "tactile_paving": "no", "network": null, "network:wikidata": null, "brand": null, "phone:aaata": null, "ref:aaata": null, "ref:umich": null, "route_ref:aaata": null, "website:aaata": null, "website:aaata:maps": null, "website:umich:map": null, "website:umich:routes": null, "wheelchair": null, "check_date:shelter": null, "note": null, "passenger_information_display": null, "network:wikipedia": null, "alt_name": null, "local_ref": null, "ref:signed": null, "operator:wikidata": null, "operator:wikipedia": null, "mapillary": null, "route_ref": null, "survey:date": null, "covered": null, "arrival_times:description": null, "phone": null, "surface": null, "website": null, "website:map": null, "wheelchair:description": null, "departures_board": null, "source": null, "source:date": null, "check_date:bench": null, "smoothness": null, "description:arrival_times": null, "check_date": null, "check_date:lit": null, "check_date:tactile_paving": null, "fixme": null, "paving_stones:material": null, "sign": null, "railway": null, "railway:ref": null, "train": null }, "geometry": { "type": "Point", "coordinates": [ -83.7178024, 42.2904519 ] } },
{ "type": "Feature", "properties": { "index": 273, "element": "node", "id": 12185186595, "bench": "yes", "bin": "no", "bus": "yes", "description": null, "highway": "bus_stop", "lit": "yes", "name": "Pierpont Commons Murfin Outbound", "operator": "University of Michigan - Logistics, Transportation & Parking", "public_transport": "platform", "ref": "N550", "shelter": "no", "tactile_paving": "no", "network": "University of Michigan Transit", "network:wikidata": null, "brand": null, "phone:aaata": null, "ref:aaata": null, "ref:umich": null, "route_ref:aaata": null, "website:aaata": null, "website:aaata:maps": null, "website:umich:map": null, "website:umich:routes": null, "wheelchair": null, "check_date:shelter": null, "note": null, "passenger_information_display": null, "network:wikipedia": null, "alt_name": null, "local_ref": null, "ref:signed": null, "operator:wikidata": "Q130321558", "operator:wikipedia": null, "mapillary": null, "route_ref": null, "survey:date": null, "covered": null, "arrival_times:description": null, "phone": null, "surface": null, "website": null, "website:map": null, "wheelchair:description": null, "departures_board": null, "source": null, "source:date": null, "check_date:bench": null, "smoothness": null, "description:arrival_times": null, "check_date": null, "check_date:lit": null, "check_date:tactile_paving": null, "fixme": null, "paving_stones:material": null, "sign": null, "railway": null, "railway:ref": null, "train": null }, "geometry": { "type": "Point", "coordinates": [ -83.7183671, 42.2910145 ] } },
{ "type": "Feature", "properties": { "index": 274, "element": "node", "id": 10906823487, "bench": null, "bin": null, "bus": "yes", "description": null, "highway": "bus_stop", "lit": null, "name": "Baits I", "operator": "University of Michigan - Logistics, Transportation & Parking", "public_transport": "platform", "ref": "N411", "shelter": "yes", "tactile_paving": null, "network": "University of Michigan Transit", "network:wikidata": null, "brand": null, "phone:aaata": null, "ref:aaata": null, "ref:umich": null, "route_ref:aaata": null, "website:aaata": null, "website:aaata:maps": null, "website:umich:map": null, "website:umich:routes": null, "wheelchair": null, "check_date:shelter": null, "note": null, "passenger_information_display": null, "network:wikipedia": null, "alt_name": null, "local_ref": null, "ref:signed": null, "operator:wikidata": "Q130321558", "operator:wikipedia": null, "mapillary": null, "route_ref": null, "survey:date": null, "covered": null, "arrival_times:description": null, "phone": null, "surface": null, "website": null, "website:map": null, "wheelchair:description": null, "departures_board": null, "source": null, "source:date": null, "check_date:bench": null, "smoothness": null, "description:arrival_times": null, "check_date": null, "check_date:lit": null, "check_date:tactile_paving": null, "fixme": null, "paving_stones:material": null, "sign": null, "railway": null, "railway:ref": null, "train": null }, "geometry": { "type": "Point", "coordinates": [ -83.7231979, 42.2915803 ] } },
{ "type": "Feature", "properties": { "index": 275, "element": "node", "id": 2623016806, "bench": null, "bin": null, "bus": "yes", "description": null, "highway": "bus_stop", "lit": null, "name": "Baits II Inbound", "operator": "University of Michigan - Logistics, Transportation & Parking", "public_transport": "platform", "ref": "N409", "shelter": "yes", "tactile_paving": null, "network": "University of Michigan Transit", "network:wikidata": null, "brand": null, "phone:aaata": null, "ref:aaata": null, "ref:umich": null, "route_ref:aaata": null, "website:aaata": null, "website:aaata:maps": null, "website:umich:map": null, "website:umich:routes": null, "wheelchair": null, "check_date:shelter": null, "note": null, "passenger_information_display": null, "network:wikipedia": null, "alt_name": null, "local_ref": null, "ref:signed": null, "operator:wikidata": "Q130321558", "operator:wikipedia": null, "mapillary": null, "route_ref": null, "survey:date": null, "covered": null, "arrival_times:description": null, "phone": null, "surface": null, "website": null, "website:map": null, "wheelchair:description": null, "departures_board": null, "source": null, "source:date": null, "check_date:bench": null, "smoothness": null, "description:arrival_times": null, "check_date": null, "check_date:lit": null, "check_date:tactile_paving": null, "fixme": null, "paving_stones:material": null, "sign": null, "railway": null, "railway:ref": null, "train": null }, "geometry": { "type": "Point", "coordinates": [ -83.7241486, 42.2941095 ] } },
{ "type": "Feature", "properties": { "index": 276, "element": "node", "id": 12185186583, "bench": null, "bin": null, "bus": "yes", "description": null, "highway": "bus_stop", "lit": null, "name": "Baits II Outbound", "operator": "University of Michigan - Logistics, Transportation & Parking", "public_transport": "platform", "ref": "N410", "shelter": "no", "tactile_paving": null, "network": "University of Michigan Transit", "network:wikidata": null, "brand": null, "phone:aaata": null, "ref:aaata": null, "ref:umich": null, "route_ref:aaata": null, "website:aaata": null, "website:aaata:maps": null, "website:umich:map": null, "website:umich:routes": null, "wheelchair": null, "check_date:shelter": null, "note": null, "passenger_information_display": null, "network:wikipedia": null, "alt_name": null, "local_ref": null, "ref:signed": null, "operator:wikidata": "Q130321558", "operator:wikipedia": null, "mapillary": null, "route_ref": null, "survey:date": null, "covered": null, "arrival_times:description": null, "phone": null, "surface": null, "website": null, "website:map": null, "wheelchair:description": null, "departures_board": null, "source": null, "source:date": null, "check_date:bench": null, "smoothness": null, "description:arrival_times": null, "check_date": null, "check_date:lit": null, "check_date:tactile_paving": null, "fixme": null, "paving_stones:material": null, "sign": null, "railway": null, "railway:ref": null, "train": null }, "geometry": { "type": "Point", "coordinates": [ -83.7241378, 42.2942664 ] } },
{ "type": "Feature", "properties": { "index": 277, "element": "node", "id": 12185186591, "bench": null, "bin": null, "bus": "yes", "description": null, "highway": "bus_stop", "lit": null, "name": "Bursley Hall Inbound", "operator": "University of Michigan - Logistics, Transportation & Parking", "public_transport": "platform", "ref": "N407", "shelter": "yes", "tactile_paving": null, "network": "University of Michigan Transit", "network:wikidata": null, "brand": null, "phone:aaata": null, "ref:aaata": null, "ref:umich": null, "route_ref:aaata": null, "website:aaata": null, "website:aaata:maps": null, "website:umich:map": null, "website:umich:routes": null, "wheelchair": null, "check_date:shelter": null, "note": null, "passenger_information_display": null, "network:wikipedia": null, "alt_name": null, "local_ref": null, "ref:signed": null, "operator:wikidata": "Q130321558", "operator:wikipedia": null, "mapillary": null, "route_ref": null, "survey:date": null, "covered": null, "arrival_times:description": null, "phone": null, "surface": null, "website": null, "website:map": null, "wheelchair:description": null, "departures_board": null, "source": null, "source:date": null, "check_date:bench": null, "smoothness": null, "description:arrival_times": null, "check_date": null, "check_date:lit": null, "check_date:tactile_paving": null, "fixme": null, "paving_stones:material": null, "sign": null, "railway": null, "railway:ref": null, "train": null }, "geometry": { "type": "Point", "coordinates": [ -83.7209952, 42.2945765 ] } },
{ "type": "Feature", "properties": { "index": 278, "element": "node", "id": 12185186589, "bench": null, "bin": null, "bus": "yes", "description": null, "highway": "bus_stop", "lit": null, "name": "Bursley Hall Outbound", "operator": "University of Michigan - Logistics, Transportation & Parking", "public_transport": "platform", "ref": "N408", "shelter": "no", "tactile_paving": null, "network": "University of Michigan Transit", "network:wikidata": null, "brand": null, "phone:aaata": null, "ref:aaata": null, "ref:umich": null, "route_ref:aaata": null, "website:aaata": null, "website:aaata:maps": null, "website:umich:map": null, "website:umich:routes": null, "wheelchair": null, "check_date:shelter": null, "note": null, "passenger_information_display": null, "network:wikipedia": null, "alt_name": null, "local_ref": null, "ref:signed": null, "operator:wikidata": "Q130321558", "operator:wikipedia": null, "mapillary": null, "route_ref": null, "survey:date": null, "covered": null, "arrival_times:description": null, "phone": null, "surface": null, "website": null, "website:map": null, "wheelchair:description": null, "departures_board": null, "source": null, "source:date": null, "check_date:bench": null, "smoothness": null, "description:arrival_times": null, "check_date": null, "check_date:lit": null, "check_date:tactile_paving": null, "fixme": null, "paving_stones:material": null, "sign": null, "railway": null, "railway:ref": null, "train": null }, "geometry": { "type": "Point", "coordinates": [ -83.7213238, 42.2946965 ] } },
{ "type": "Feature", "properties": { "index": 279, "element": "node", "id": 957642616, "bench": "yes", "bin": "no", "bus": "yes", "description": null, "highway": "bus_stop", "lit": "yes", "name": "Northwood III Outbound", "operator": "University of Michigan", "public_transport": "platform", "ref": "N414", "shelter": "no", "tactile_paving": "no", "network": null, "network:wikidata": null, "brand": null, "phone:aaata": null, "ref:aaata": null, "ref:umich": null, "route_ref:aaata": null, "website:aaata": null, "website:aaata:maps": null, "website:umich:map": null, "website:umich:routes": null, "wheelchair": null, "check_date:shelter": null, "note": null, "passenger_information_display": null, "network:wikipedia": null, "alt_name": null, "local_ref": null, "ref:signed": null, "operator:wikidata": null, "operator:wikipedia": null, "mapillary": null, "route_ref": null, "survey:date": null, "covered": null, "arrival_times:description": null, "phone": null, "surface": null, "website": null, "website:map": null, "wheelchair:description": null, "departures_board": null, "source": null, "source:date": null, "check_date:bench": null, "smoothness": null, "description:arrival_times": null, "check_date": null, "check_date:lit": null, "check_date:tactile_paving": null, "fixme": null, "paving_stones:material": null, "sign": null, "railway": null, "railway:ref": null, "train": null }, "geometry": { "type": "Point", "coordinates": [ -83.7181568, 42.2948278 ] } },
{ "type": "Feature", "properties": { "index": 280, "element": "node", "id": 5896935618, "bench": "no", "bin": "no", "bus": "yes", "description": null, "highway": "bus_stop", "lit": "yes", "name": "Cooley Lab Outbound", "operator": "University of Michigan;AAATA", "public_transport": "platform", "ref": "N404", "shelter": "no", "tactile_paving": "no", "network": null, "network:wikidata": null, "brand": null, "phone:aaata": null, "ref:aaata": null, "ref:umich": null, "route_ref:aaata": null, "website:aaata": null, "website:aaata:maps": null, "website:umich:map": null, "website:umich:routes": null, "wheelchair": null, "check_date:shelter": null, "note": null, "passenger_information_display": "no", "network:wikipedia": null, "alt_name": null, "local_ref": null, "ref:signed": null, "operator:wikidata": null, "operator:wikipedia": null, "mapillary": null, "route_ref": null, "survey:date": null, "covered": null, "arrival_times:description": null, "phone": null, "surface": null, "website": null, "website:map": null, "wheelchair:description": null, "departures_board": null, "source": null, "source:date": null, "check_date:bench": null, "smoothness": null, "description:arrival_times": null, "check_date": null, "check_date:lit": null, "check_date:tactile_paving": null, "fixme": null, "paving_stones:material": null, "sign": null, "railway": null, "railway:ref": null, "train": null }, "geometry": { "type": "Point", "coordinates": [ -83.7135477, 42.2902148 ] } },
{ "type": "Feature", "properties": { "index": 281, "element": "node", "id": 957642621, "bench": "no", "bin": "no", "bus": "yes", "description": null, "highway": "bus_stop", "lit": "yes", "name": "Cooley Lab Inbound", "operator": "University of Michigan;AAATA", "public_transport": "platform", "ref": "N403", "shelter": "no", "tactile_paving": "no", "network": "Diag to Diag;Commuter South;22", "network:wikidata": null, "brand": null, "phone:aaata": null, "ref:aaata": null, "ref:umich": null, "route_ref:aaata": null, "website:aaata": null, "website:aaata:maps": null, "website:umich:map": null, "website:umich:routes": null, "wheelchair": null, "check_date:shelter": null, "note": null, "passenger_information_display": null, "network:wikipedia": null, "alt_name": null, "local_ref": null, "ref:signed": null, "operator:wikidata": null, "operator:wikipedia": null, "mapillary": null, "route_ref": null, "survey:date": null, "covered": null, "arrival_times:description": null, "phone": null, "surface": null, "website": null, "website:map": null, "wheelchair:description": null, "departures_board": null, "source": null, "source:date": null, "check_date:bench": null, "smoothness": null, "description:arrival_times": null, "check_date": null, "check_date:lit": null, "check_date:tactile_paving": null, "fixme": null, "paving_stones:material": null, "sign": null, "railway": null, "railway:ref": null, "train": null }, "geometry": { "type": "Point", "coordinates": [ -83.7141591, 42.2904634 ] } },
{ "type": "Feature", "properties": { "index": 282, "element": "node", "id": 955598507, "bench": "no", "bin": "no", "bus": "yes", "description": null, "highway": "bus_stop", "lit": "yes", "name": "FXB Outbound", "operator": "University of Michigan;AAATA", "public_transport": "platform", "ref": "N406", "shelter": "no", "tactile_paving": "no", "network": null, "network:wikidata": null, "brand": null, "phone:aaata": null, "ref:aaata": null, "ref:umich": null, "route_ref:aaata": null, "website:aaata": null, "website:aaata:maps": null, "website:umich:map": null, "website:umich:routes": null, "wheelchair": null, "check_date:shelter": null, "note": null, "passenger_information_display": null, "network:wikipedia": null, "alt_name": null, "local_ref": null, "ref:signed": null, "operator:wikidata": null, "operator:wikipedia": null, "mapillary": null, "route_ref": null, "survey:date": null, "covered": null, "arrival_times:description": null, "phone": null, "surface": null, "website": null, "website:map": null, "wheelchair:description": null, "departures_board": null, "source": null, "source:date": null, "check_date:bench": null, "smoothness": null, "description:arrival_times": null, "check_date": null, "check_date:lit": null, "check_date:tactile_paving": null, "fixme": null, "paving_stones:material": null, "sign": null, "railway": null, "railway:ref": null, "train": null }, "geometry": { "type": "Point", "coordinates": [ -83.7124764, 42.2935699 ] } },
{ "type": "Feature", "properties": { "index": 283, "element": "node", "id": 957642622, "bench": "yes", "bin": "yes", "bus": "yes", "description": null, "highway": "bus_stop", "lit": null, "name": "FXB Inbound", "operator": "University of Michigan;AAATA", "public_transport": "platform", "ref": "N405", "shelter": "yes", "tactile_paving": "no", "network": null, "network:wikidata": null, "brand": null, "phone:aaata": null, "ref:aaata": null, "ref:umich": null, "route_ref:aaata": null, "website:aaata": null, "website:aaata:maps": null, "website:umich:map": null, "website:umich:routes": null, "wheelchair": null, "check_date:shelter": null, "note": null, "passenger_information_display": null, "network:wikipedia": null, "alt_name": null, "local_ref": null, "ref:signed": null, "operator:wikidata": null, "operator:wikipedia": null, "mapillary": null, "route_ref": null, "survey:date": null, "covered": null, "arrival_times:description": null, "phone": null, "surface": null, "website": null, "website:map": null, "wheelchair:description": null, "departures_board": null, "source": null, "source:date": null, "check_date:bench": null, "smoothness": null, "description:arrival_times": null, "check_date": null, "check_date:lit": null, "check_date:tactile_paving": null, "fixme": null, "paving_stones:material": null, "sign": null, "railway": null, "railway:ref": null, "train": null }, "geometry": { "type": "Point", "coordinates": [ -83.7126581, 42.2935758 ] } },
{ "type": "Feature", "properties": { "index": 284, "element": "node", "id": 10860580173, "bench": "no", "bin": "no", "bus": "yes", "description": "This bus stop is served by AAATA route 66. Send text to 41411 with: AAATA 1690 for arrival times at this stop.", "highway": "bus_stop", "lit": "yes", "name": "AAATA 1690", "operator": "Ann Arbor Area Transportation Authority", "public_transport": "platform", "ref": null, "shelter": "no", "tactile_paving": "no", "network": null, "network:wikidata": null, "brand": "The Ride", "phone:aaata": "+1-734-996-0400", "ref:aaata": "1690", "ref:umich": null, "route_ref:aaata": "66", "website:aaata": "https://www.theride.org", "website:aaata:maps": "https://www.theride.org/maps-schedules/track-bus", "website:umich:map": null, "website:umich:routes": null, "wheelchair": "yes", "check_date:shelter": null, "note": null, "passenger_information_display": null, "network:wikipedia": null, "alt_name": null, "local_ref": null, "ref:signed": null, "operator:wikidata": null, "operator:wikipedia": null, "mapillary": null, "route_ref": null, "survey:date": null, "covered": "no", "arrival_times:description": null, "phone": null, "surface": null, "website": null, "website:map": null, "wheelchair:description": null, "departures_board": null, "source": null, "source:date": null, "check_date:bench": null, "smoothness": null, "description:arrival_times": null, "check_date": null, "check_date:lit": null, "check_date:tactile_paving": null, "fixme": null, "paving_stones:material": null, "sign": null, "railway": null, "railway:ref": null, "train": null }, "geometry": { "type": "Point", "coordinates": [ -83.7098216, 42.293959 ] } },
{ "type": "Feature", "properties": { "index": 285, "element": "node", "id": 10860580172, "bench": "no", "bin": "no", "bus": "yes", "description": "This bus stop is served by AAATA routes 22, 66. Send text to 41411 with: AAATA 1727 for arrival times at this stop.", "highway": "bus_stop", "lit": "yes", "name": "AAATA 1727", "operator": "Ann Arbor Area Transportation Authority", "public_transport": "platform", "ref": null, "shelter": "no", "tactile_paving": "no", "network": null, "network:wikidata": null, "brand": "The Ride", "phone:aaata": "+1-734-996-0400", "ref:aaata": "1727", "ref:umich": null, "route_ref:aaata": "22;66", "website:aaata": "https://www.theride.org", "website:aaata:maps": "https://www.theride.org/maps-schedules/track-bus", "website:umich:map": null, "website:umich:routes": null, "wheelchair": "yes", "check_date:shelter": null, "note": null, "passenger_information_display": null, "network:wikipedia": null, "alt_name": null, "local_ref": null, "ref:signed": null, "operator:wikidata": null, "operator:wikipedia": null, "mapillary": null, "route_ref": null, "survey:date": null, "covered": "no", "arrival_times:description": null, "phone": null, "surface": null, "website": null, "website:map": null, "wheelchair:description": null, "departures_board": null, "source": null, "source:date": null, "check_date:bench": null, "smoothness": null, "description:arrival_times": null, "check_date": null, "check_date:lit": null, "check_date:tactile_paving": null, "fixme": null, "paving_stones:material": null, "sign": null, "railway": null, "railway:ref": null, "train": null }, "geometry": { "type": "Point", "coordinates": [ -83.7104605, 42.2940472 ] } },
{ "type": "Feature", "properties": { "index": 286, "element": "node", "id": 957642618, "bench": "no", "bin": "no", "bus": "yes", "description": "Send text to 41411 with: UMICH N416 for arrival times at this stop.", "highway": "bus_stop", "lit": "yes", "name": "Northwood I Outbound", "operator": "University of Michigan", "public_transport": "platform", "ref": "N416", "shelter": "no", "tactile_paving": "no", "network": null, "network:wikidata": null, "brand": null, "phone:aaata": null, "ref:aaata": null, "ref:umich": "N416", "route_ref:aaata": null, "website:aaata": null, "website:aaata:maps": null, "website:umich:map": "https://mbus.ltp.umich.edu/", "website:umich:routes": "https://ltp.umich.edu/routes", "wheelchair": "yes", "check_date:shelter": null, "note": null, "passenger_information_display": null, "network:wikipedia": null, "alt_name": null, "local_ref": null, "ref:signed": null, "operator:wikidata": null, "operator:wikipedia": null, "mapillary": null, "route_ref": null, "survey:date": null, "covered": null, "arrival_times:description": null, "phone": null, "surface": null, "website": null, "website:map": null, "wheelchair:description": null, "departures_board": null, "source": null, "source:date": null, "check_date:bench": null, "smoothness": null, "description:arrival_times": null, "check_date": null, "check_date:lit": null, "check_date:tactile_paving": null, "fixme": null, "paving_stones:material": null, "sign": null, "railway": null, "railway:ref": null, "train": null }, "geometry": { "type": "Point", "coordinates": [ -83.7149675, 42.2949631 ] } },
{ "type": "Feature", "properties": { "index": 287, "element": "node", "id": 10860372967, "bench": "no", "bin": "no", "bus": "yes", "description": "Send text to 41411 with: UMICH N434 for arrival times at this stop. This bus stop is located in a grassy area with no paved path from the nearby sidewalk.", "highway": "bus_stop", "lit": "yes", "name": "UMICH N434", "operator": "University of Michigan", "public_transport": "platform", "ref": null, "shelter": "no", "tactile_paving": "no", "network": null, "network:wikidata": null, "brand": null, "phone:aaata": null, "ref:aaata": null, "ref:umich": "N434", "route_ref:aaata": null, "website:aaata": null, "website:aaata:maps": null, "website:umich:map": "https://mbus.ltp.umich.edu/", "website:umich:routes": "https://ltp.umich.edu/routes", "wheelchair": "no", "check_date:shelter": null, "note": null, "passenger_information_display": null, "network:wikipedia": null, "alt_name": null, "local_ref": null, "ref:signed": null, "operator:wikidata": null, "operator:wikipedia": null, "mapillary": null, "route_ref": null, "survey:date": null, "covered": "no", "arrival_times:description": null, "phone": null, "surface": null, "website": null, "website:map": null, "wheelchair:description": null, "departures_board": null, "source": null, "source:date": null, "check_date:bench": null, "smoothness": null, "description:arrival_times": null, "check_date": null, "check_date:lit": null, "check_date:tactile_paving": null, "fixme": null, "paving_stones:material": null, "sign": null, "railway": null, "railway:ref": null, "train": null }, "geometry": { "type": "Point", "coordinates": [ -83.7049262, 42.2951031 ] } },
{ "type": "Feature", "properties": { "index": 288, "element": "node", "id": 957642617, "bench": "yes", "bin": "no", "bus": "yes", "description": "Send text to 41411 with: UMICH N415 for arrival times at this stop.", "highway": "bus_stop", "lit": "yes", "name": "Northwood I Inbound", "operator": "University of Michigan", "public_transport": "platform", "ref": "N415", "shelter": "yes", "tactile_paving": "no", "network": null, "network:wikidata": null, "brand": null, "phone:aaata": null, "ref:aaata": null, "ref:umich": "N415", "route_ref:aaata": null, "website:aaata": null, "website:aaata:maps": null, "website:umich:map": "https://mbus.ltp.umich.edu/", "website:umich:routes": "https://ltp.umich.edu/routes", "wheelchair": "yes", "check_date:shelter": null, "note": null, "passenger_information_display": null, "network:wikipedia": null, "alt_name": null, "local_ref": null, "ref:signed": null, "operator:wikidata": null, "operator:wikipedia": null, "mapillary": null, "route_ref": null, "survey:date": null, "covered": null, "arrival_times:description": null, "phone": null, "surface": null, "website": null, "website:map": null, "wheelchair:description": null, "departures_board": null, "source": null, "source:date": null, "check_date:bench": null, "smoothness": null, "description:arrival_times": null, "check_date": null, "check_date:lit": null, "check_date:tactile_paving": null, "fixme": null, "paving_stones:material": null, "sign": null, "railway": null, "railway:ref": null, "train": null }, "geometry": { "type": "Point", "coordinates": [ -83.7150466, 42.2951234 ] } },
{ "type": "Feature", "properties": { "index": 289, "element": "node", "id": 10859169458, "bench": "no", "bin": "no", "bus": "yes", "description": "This bus stop is served by AAATA route 66. Send text to 41411 with: AAATA 1549 or UMICH N438 for arrival times at this stop.", "highway": "bus_stop", "lit": "yes", "name": "AAATA 1549 and UMICH N438", "operator": "Ann Arbor Area Transportation Authority; University of Michigan", "public_transport": "platform", "ref": null, "shelter": "no", "tactile_paving": "no", "network": null, "network:wikidata": null, "brand": "The Ride", "phone:aaata": "+1-734-996-0400", "ref:aaata": "1549", "ref:umich": "N438", "route_ref:aaata": "66", "website:aaata": "https://www.theride.org", "website:aaata:maps": "https://www.theride.org/maps-schedules/track-bus", "website:umich:map": "https://mbus.ltp.umich.edu/", "website:umich:routes": "https://ltp.umich.edu/routes", "wheelchair": "yes", "check_date:shelter": null, "note": null, "passenger_information_display": null, "network:wikipedia": null, "alt_name": null, "local_ref": null, "ref:signed": null, "operator:wikidata": null, "operator:wikipedia": null, "mapillary": null, "route_ref": null, "survey:date": null, "covered": "no", "arrival_times:description": null, "phone": null, "surface": null, "website": null, "website:map": null, "wheelchair:description": null, "departures_board": null, "source": null, "source:date": null, "check_date:bench": null, "smoothness": null, "description:arrival_times": null, "check_date": null, "check_date:lit": null, "check_date:tactile_paving": null, "fixme": null, "paving_stones:material": null, "sign": null, "railway": null, "railway:ref": null, "train": null }, "geometry": { "type": "Point", "coordinates": [ -83.7040293, 42.2951435 ] } },
{ "type": "Feature", "properties": { "index": 290, "element": "node", "id": 13782724852, "bench": null, "bin": null, "bus": "yes", "description": null, "highway": "bus_stop", "lit": null, "name": null, "operator": null, "public_transport": "platform", "ref": null, "shelter": null, "tactile_paving": null, "network": null, "network:wikidata": null, "brand": null, "phone:aaata": null, "ref:aaata": null, "ref:umich": null, "route_ref:aaata": null, "website:aaata": null, "website:aaata:maps": null, "website:umich:map": null, "website:umich:routes": null, "wheelchair": null, "check_date:shelter": null, "note": null, "passenger_information_display": null, "network:wikipedia": null, "alt_name": null, "local_ref": null, "ref:signed": null, "operator:wikidata": null, "operator:wikipedia": null, "mapillary": null, "route_ref": null, "survey:date": null, "covered": null, "arrival_times:description": null, "phone": null, "surface": null, "website": null, "website:map": null, "wheelchair:description": null, "departures_board": null, "source": null, "source:date": null, "check_date:bench": null, "smoothness": null, "description:arrival_times": null, "check_date": null, "check_date:lit": null, "check_date:tactile_paving": null, "fixme": null, "paving_stones:material": null, "sign": null, "railway": null, "railway:ref": null, "train": null }, "geometry": { "type": "Point", "coordinates": [ -83.6840058, 42.2881764 ] } },
{ "type": "Feature", "properties": { "index": 291, "element": "node", "id": 13782724853, "bench": null, "bin": null, "bus": "yes", "description": null, "highway": "bus_stop", "lit": null, "name": null, "operator": null, "public_transport": "platform", "ref": null, "shelter": null, "tactile_paving": null, "network": null, "network:wikidata": null, "brand": null, "phone:aaata": null, "ref:aaata": null, "ref:umich": null, "route_ref:aaata": null, "website:aaata": null, "website:aaata:maps": null, "website:umich:map": null, "website:umich:routes": null, "wheelchair": null, "check_date:shelter": null, "note": null, "passenger_information_display": null, "network:wikipedia": null, "alt_name": null, "local_ref": null, "ref:signed": null, "operator:wikidata": null, "operator:wikipedia": null, "mapillary": null, "route_ref": null, "survey:date": null, "covered": null, "arrival_times:description": null, "phone": null, "surface": null, "website": null, "website:map": null, "wheelchair:description": null, "departures_board": null, "source": null, "source:date": null, "check_date:bench": null, "smoothness": null, "description:arrival_times": null, "check_date": null, "check_date:lit": null, "check_date:tactile_paving": null, "fixme": null, "paving_stones:material": null, "sign": null, "railway": null, "railway:ref": null, "train": null }, "geometry": { "type": "Point", "coordinates": [ -83.6827639, 42.2883697 ] } },
{ "type": "Feature", "properties": { "index": 292, "element": "node", "id": 2343844167, "bench": null, "bin": null, "bus": "yes", "description": null, "highway": "bus_stop", "lit": null, "name": "Glacier Hills", "operator": null, "public_transport": "platform", "ref": null, "shelter": null, "tactile_paving": null, "network": "AAATA", "network:wikidata": "Q4766233", "brand": null, "phone:aaata": null, "ref:aaata": null, "ref:umich": null, "route_ref:aaata": null, "website:aaata": null, "website:aaata:maps": null, "website:umich:map": null, "website:umich:routes": null, "wheelchair": null, "check_date:shelter": null, "note": null, "passenger_information_display": null, "network:wikipedia": null, "alt_name": null, "local_ref": null, "ref:signed": null, "operator:wikidata": null, "operator:wikipedia": null, "mapillary": null, "route_ref": null, "survey:date": null, "covered": null, "arrival_times:description": null, "phone": null, "surface": null, "website": null, "website:map": null, "wheelchair:description": null, "departures_board": null, "source": null, "source:date": null, "check_date:bench": null, "smoothness": null, "description:arrival_times": null, "check_date": null, "check_date:lit": null, "check_date:tactile_paving": null, "fixme": null, "paving_stones:material": null, "sign": null, "railway": null, "railway:ref": null, "train": null }, "geometry": { "type": "Point", "coordinates": [ -83.6813164, 42.2904039 ] } },
{ "type": "Feature", "properties": { "index": 293, "element": "node", "id": 13621041613, "bench": null, "bin": null, "bus": "yes", "description": null, "highway": "bus_stop", "lit": null, "name": null, "operator": null, "public_transport": "platform", "ref": null, "shelter": null, "tactile_paving": null, "network": null, "network:wikidata": null, "brand": null, "phone:aaata": null, "ref:aaata": null, "ref:umich": null, "route_ref:aaata": null, "website:aaata": null, "website:aaata:maps": null, "website:umich:map": null, "website:umich:routes": null, "wheelchair": null, "check_date:shelter": null, "note": null, "passenger_information_display": null, "network:wikipedia": null, "alt_name": null, "local_ref": null, "ref:signed": null, "operator:wikidata": null, "operator:wikipedia": null, "mapillary": null, "route_ref": null, "survey:date": null, "covered": null, "arrival_times:description": null, "phone": null, "surface": null, "website": null, "website:map": null, "wheelchair:description": null, "departures_board": null, "source": null, "source:date": null, "check_date:bench": null, "smoothness": null, "description:arrival_times": null, "check_date": null, "check_date:lit": null, "check_date:tactile_paving": null, "fixme": null, "paving_stones:material": null, "sign": null, "railway": null, "railway:ref": null, "train": null }, "geometry": { "type": "Point", "coordinates": [ -83.7004532, 42.2950058 ] } },
{ "type": "Feature", "properties": { "index": 294, "element": "node", "id": 13621041612, "bench": null, "bin": null, "bus": "yes", "description": null, "highway": "bus_stop", "lit": null, "name": null, "operator": null, "public_transport": "platform", "ref": null, "shelter": null, "tactile_paving": null, "network": null, "network:wikidata": null, "brand": null, "phone:aaata": null, "ref:aaata": null, "ref:umich": null, "route_ref:aaata": null, "website:aaata": null, "website:aaata:maps": null, "website:umich:map": null, "website:umich:routes": null, "wheelchair": null, "check_date:shelter": null, "note": null, "passenger_information_display": null, "network:wikipedia": null, "alt_name": null, "local_ref": null, "ref:signed": null, "operator:wikidata": null, "operator:wikipedia": null, "mapillary": null, "route_ref": null, "survey:date": null, "covered": null, "arrival_times:description": null, "phone": null, "surface": null, "website": null, "website:map": null, "wheelchair:description": null, "departures_board": null, "source": null, "source:date": null, "check_date:bench": null, "smoothness": null, "description:arrival_times": null, "check_date": null, "check_date:lit": null, "check_date:tactile_paving": null, "fixme": null, "paving_stones:material": null, "sign": null, "railway": null, "railway:ref": null, "train": null }, "geometry": { "type": "Point", "coordinates": [ -83.7001599, 42.2951806 ] } },
{ "type": "Feature", "properties": { "index": 295, "element": "node", "id": 13621041611, "bench": null, "bin": null, "bus": "yes", "description": null, "highway": "bus_stop", "lit": null, "name": null, "operator": null, "public_transport": "platform", "ref": null, "shelter": null, "tactile_paving": null, "network": null, "network:wikidata": null, "brand": null, "phone:aaata": null, "ref:aaata": null, "ref:umich": null, "route_ref:aaata": null, "website:aaata": null, "website:aaata:maps": null, "website:umich:map": null, "website:umich:routes": null, "wheelchair": null, "check_date:shelter": null, "note": null, "passenger_information_display": null, "network:wikipedia": null, "alt_name": null, "local_ref": null, "ref:signed": null, "operator:wikidata": null, "operator:wikipedia": null, "mapillary": null, "route_ref": null, "survey:date": null, "covered": null, "arrival_times:description": null, "phone": null, "surface": null, "website": null, "website:map": null, "wheelchair:description": null, "departures_board": null, "source": null, "source:date": null, "check_date:bench": null, "smoothness": null, "description:arrival_times": null, "check_date": null, "check_date:lit": null, "check_date:tactile_paving": null, "fixme": null, "paving_stones:material": null, "sign": null, "railway": null, "railway:ref": null, "train": null }, "geometry": { "type": "Point", "coordinates": [ -83.6970184, 42.2951959 ] } },
{ "type": "Feature", "properties": { "index": 296, "element": "node", "id": 13621012008, "bench": null, "bin": null, "bus": "yes", "description": null, "highway": "bus_stop", "lit": null, "name": null, "operator": null, "public_transport": "platform", "ref": null, "shelter": null, "tactile_paving": null, "network": null, "network:wikidata": null, "brand": null, "phone:aaata": null, "ref:aaata": null, "ref:umich": null, "route_ref:aaata": null, "website:aaata": null, "website:aaata:maps": null, "website:umich:map": null, "website:umich:routes": null, "wheelchair": null, "check_date:shelter": null, "note": null, "passenger_information_display": null, "network:wikipedia": null, "alt_name": null, "local_ref": null, "ref:signed": null, "operator:wikidata": null, "operator:wikipedia": null, "mapillary": null, "route_ref": null, "survey:date": null, "covered": null, "arrival_times:description": null, "phone": null, "surface": null, "website": null, "website:map": null, "wheelchair:description": null, "departures_board": null, "source": null, "source:date": null, "check_date:bench": null, "smoothness": null, "description:arrival_times": null, "check_date": null, "check_date:lit": null, "check_date:tactile_paving": null, "fixme": null, "paving_stones:material": null, "sign": null, "railway": null, "railway:ref": null, "train": null }, "geometry": { "type": "Point", "coordinates": [ -83.692687, 42.2985357 ] } },
{ "type": "Feature", "properties": { "index": 297, "element": "node", "id": 2343844176, "bench": "yes", "bin": null, "bus": "yes", "description": null, "highway": "bus_stop", "lit": null, "name": "Green Road Park & Ride Lot", "operator": null, "public_transport": "platform", "ref": null, "shelter": "yes", "tactile_paving": null, "network": "AAATA", "network:wikidata": "Q4766233", "brand": null, "phone:aaata": null, "ref:aaata": null, "ref:umich": null, "route_ref:aaata": null, "website:aaata": null, "website:aaata:maps": null, "website:umich:map": null, "website:umich:routes": null, "wheelchair": null, "check_date:shelter": null, "note": null, "passenger_information_display": null, "network:wikipedia": null, "alt_name": null, "local_ref": null, "ref:signed": null, "operator:wikidata": null, "operator:wikipedia": null, "mapillary": null, "route_ref": null, "survey:date": null, "covered": null, "arrival_times:description": null, "phone": null, "surface": null, "website": null, "website:map": null, "wheelchair:description": null, "departures_board": null, "source": null, "source:date": null, "check_date:bench": null, "smoothness": null, "description:arrival_times": null, "check_date": null, "check_date:lit": null, "check_date:tactile_paving": null, "fixme": null, "paving_stones:material": null, "sign": null, "railway": null, "railway:ref": null, "train": null }, "geometry": { "type": "Point", "coordinates": [ -83.6931972, 42.3002326 ] } },
{ "type": "Feature", "properties": { "index": 298, "element": "node", "id": 10124807794, "bench": null, "bin": null, "bus": "yes", "description": null, "highway": "bus_stop", "lit": null, "name": null, "operator": null, "public_transport": "platform", "ref": null, "shelter": "no", "tactile_paving": null, "network": "AAATA", "network:wikidata": "Q4766233", "brand": null, "phone:aaata": null, "ref:aaata": null, "ref:umich": null, "route_ref:aaata": null, "website:aaata": null, "website:aaata:maps": null, "website:umich:map": null, "website:umich:routes": null, "wheelchair": null, "check_date:shelter": null, "note": null, "passenger_information_display": null, "network:wikipedia": null, "alt_name": null, "local_ref": null, "ref:signed": null, "operator:wikidata": null, "operator:wikipedia": null, "mapillary": null, "route_ref": null, "survey:date": null, "covered": null, "arrival_times:description": null, "phone": null, "surface": null, "website": null, "website:map": null, "wheelchair:description": null, "departures_board": null, "source": null, "source:date": null, "check_date:bench": null, "smoothness": null, "description:arrival_times": null, "check_date": null, "check_date:lit": null, "check_date:tactile_paving": null, "fixme": null, "paving_stones:material": null, "sign": null, "railway": null, "railway:ref": null, "train": null }, "geometry": { "type": "Point", "coordinates": [ -83.6925645, 42.303603 ] } },
{ "type": "Feature", "properties": { "index": 299, "element": "node", "id": 13621012007, "bench": null, "bin": null, "bus": "yes", "description": null, "highway": "bus_stop", "lit": null, "name": null, "operator": null, "public_transport": "platform", "ref": null, "shelter": null, "tactile_paving": null, "network": null, "network:wikidata": null, "brand": null, "phone:aaata": null, "ref:aaata": null, "ref:umich": null, "route_ref:aaata": null, "website:aaata": null, "website:aaata:maps": null, "website:umich:map": null, "website:umich:routes": null, "wheelchair": null, "check_date:shelter": null, "note": null, "passenger_information_display": null, "network:wikipedia": null, "alt_name": null, "local_ref": null, "ref:signed": null, "operator:wikidata": null, "operator:wikipedia": null, "mapillary": null, "route_ref": null, "survey:date": null, "covered": null, "arrival_times:description": null, "phone": null, "surface": null, "website": null, "website:map": null, "wheelchair:description": null, "departures_board": null, "source": null, "source:date": null, "check_date:bench": null, "smoothness": null, "description:arrival_times": null, "check_date": null, "check_date:lit": null, "check_date:tactile_paving": null, "fixme": null, "paving_stones:material": null, "sign": null, "railway": null, "railway:ref": null, "train": null }, "geometry": { "type": "Point", "coordinates": [ -83.6928123, 42.3042958 ] } },
{ "type": "Feature", "properties": { "index": 300, "element": "node", "id": 9566963526, "bench": "no", "bin": "no", "bus": "yes", "description": null, "highway": "bus_stop", "lit": null, "name": "Packard + McKinley (towards BTC)", "operator": null, "public_transport": "platform", "ref": "485", "shelter": "no", "tactile_paving": "no", "network": "AAATA", "network:wikidata": "Q4766233", "brand": null, "phone:aaata": null, "ref:aaata": null, "ref:umich": null, "route_ref:aaata": null, "website:aaata": null, "website:aaata:maps": null, "website:umich:map": null, "website:umich:routes": null, "wheelchair": null, "check_date:shelter": null, "note": "Track buses at https://www.theride.org/maps-schedules/track-bus or text \"AAATA 485\" to 41411", "passenger_information_display": null, "network:wikipedia": "en:Ann Arbor Area Transportation Authority", "alt_name": null, "local_ref": null, "ref:signed": null, "operator:wikidata": null, "operator:wikipedia": null, "mapillary": null, "route_ref": null, "survey:date": null, "covered": null, "arrival_times:description": null, "phone": null, "surface": null, "website": null, "website:map": null, "wheelchair:description": null, "departures_board": null, "source": null, "source:date": null, "check_date:bench": null, "smoothness": null, "description:arrival_times": null, "check_date": null, "check_date:lit": null, "check_date:tactile_paving": null, "fixme": null, "paving_stones:material": null, "sign": null, "railway": null, "railway:ref": null, "train": null }, "geometry": { "type": "Point", "coordinates": [ -83.7375748, 42.2681647 ] } },
{ "type": "Feature", "properties": { "index": 301, "element": "node", "id": 4934064036, "bench": "no", "bin": "no", "bus": "yes", "description": null, "highway": "bus_stop", "lit": null, "name": "Washtenaw + Hill", "operator": "AAATA", "public_transport": "platform", "ref": "373", "shelter": "no", "tactile_paving": null, "network": "AAATA", "network:wikidata": "Q4766233", "brand": null, "phone:aaata": null, "ref:aaata": null, "ref:umich": null, "route_ref:aaata": null, "website:aaata": null, "website:aaata:maps": null, "website:umich:map": null, "website:umich:routes": null, "wheelchair": null, "check_date:shelter": null, "note": null, "passenger_information_display": null, "network:wikipedia": "en:Ann Arbor Area Transportation Authority", "alt_name": null, "local_ref": null, "ref:signed": null, "operator:wikidata": null, "operator:wikipedia": null, "mapillary": null, "route_ref": null, "survey:date": null, "covered": null, "arrival_times:description": null, "phone": null, "surface": null, "website": null, "website:map": null, "wheelchair:description": null, "departures_board": null, "source": null, "source:date": null, "check_date:bench": null, "smoothness": null, "description:arrival_times": null, "check_date": null, "check_date:lit": null, "check_date:tactile_paving": null, "fixme": null, "paving_stones:material": null, "sign": null, "railway": null, "railway:ref": null, "train": null }, "geometry": { "type": "Point", "coordinates": [ -83.7282677, 42.2727001 ] } },
{ "type": "Feature", "properties": { "index": 302, "element": "node", "id": 6312004157, "bench": "no", "bin": "yes", "bus": "yes", "description": "Serviced by Diag to Diag, Northwood Express, and Oxford Shuttle routes", "highway": "bus_stop", "lit": "yes", "name": "East Quad, Church", "operator": null, "public_transport": "platform", "ref": "C204", "shelter": "no", "tactile_paving": "no", "network": null, "network:wikidata": null, "brand": null, "phone:aaata": null, "ref:aaata": null, "ref:umich": null, "route_ref:aaata": null, "website:aaata": null, "website:aaata:maps": null, "website:umich:map": null, "website:umich:routes": null, "wheelchair": null, "check_date:shelter": null, "note": null, "passenger_information_display": null, "network:wikipedia": null, "alt_name": null, "local_ref": null, "ref:signed": null, "operator:wikidata": null, "operator:wikipedia": null, "mapillary": null, "route_ref": null, "survey:date": null, "covered": null, "arrival_times:description": null, "phone": null, "surface": null, "website": null, "website:map": null, "wheelchair:description": null, "departures_board": null, "source": null, "source:date": null, "check_date:bench": null, "smoothness": null, "description:arrival_times": null, "check_date": null, "check_date:lit": null, "check_date:tactile_paving": null, "fixme": null, "paving_stones:material": null, "sign": null, "railway": null, "railway:ref": null, "train": null }, "geometry": { "type": "Point", "coordinates": [ -83.7347022, 42.2733281 ] } },
{ "type": "Feature", "properties": { "index": 303, "element": "node", "id": 560921097, "bench": "no", "bin": "no", "bus": "yes", "description": "Serviced by Commuter South route", "highway": "bus_stop", "lit": "no", "name": "East Quad, Willard", "operator": "University of Michigan", "public_transport": "platform", "ref": "C203", "shelter": "no", "tactile_paving": "no", "network": null, "network:wikidata": null, "brand": null, "phone:aaata": null, "ref:aaata": null, "ref:umich": null, "route_ref:aaata": null, "website:aaata": null, "website:aaata:maps": null, "website:umich:map": null, "website:umich:routes": null, "wheelchair": null, "check_date:shelter": null, "note": null, "passenger_information_display": null, "network:wikipedia": null, "alt_name": null, "local_ref": null, "ref:signed": null, "operator:wikidata": null, "operator:wikipedia": null, "mapillary": null, "route_ref": null, "survey:date": null, "covered": null, "arrival_times:description": null, "phone": null, "surface": null, "website": null, "website:map": null, "wheelchair:description": null, "departures_board": null, "source": null, "source:date": null, "check_date:bench": null, "smoothness": null, "description:arrival_times": null, "check_date": null, "check_date:lit": null, "check_date:tactile_paving": null, "fixme": null, "paving_stones:material": null, "sign": null, "railway": null, "railway:ref": null, "train": null }, "geometry": { "type": "Point", "coordinates": [ -83.735599, 42.2737903 ] } },
{ "type": "Feature", "properties": { "index": 304, "element": "node", "id": 1458141594, "bench": "no", "bin": "no", "bus": "yes", "description": null, "highway": "bus_stop", "lit": "yes", "name": "Washtenaw + S University", "operator": "AAATA", "public_transport": "platform", "ref": "322", "shelter": "no", "tactile_paving": "no", "network": "AAATA", "network:wikidata": "Q4766233", "brand": null, "phone:aaata": null, "ref:aaata": null, "ref:umich": null, "route_ref:aaata": null, "website:aaata": null, "website:aaata:maps": null, "website:umich:map": null, "website:umich:routes": null, "wheelchair": null, "check_date:shelter": "2021-09-03", "note": null, "passenger_information_display": null, "network:wikipedia": "en:Ann Arbor Area Transportation Authority", "alt_name": null, "local_ref": null, "ref:signed": null, "operator:wikidata": null, "operator:wikipedia": null, "mapillary": null, "route_ref": null, "survey:date": null, "covered": null, "arrival_times:description": null, "phone": null, "surface": null, "website": null, "website:map": null, "wheelchair:description": null, "departures_board": null, "source": null, "source:date": null, "check_date:bench": null, "smoothness": null, "description:arrival_times": null, "check_date": null, "check_date:lit": null, "check_date:tactile_paving": null, "fixme": null, "paving_stones:material": null, "sign": null, "railway": null, "railway:ref": null, "train": null }, "geometry": { "type": "Point", "coordinates": [ -83.731333, 42.274921 ] } },
{ "type": "Feature", "properties": { "index": 305, "element": "node", "id": 2758638003, "bench": "no", "bin": "yes", "bus": "yes", "description": null, "highway": "bus_stop", "lit": "no", "name": "N - SU opposite Tappan", "operator": "AAATA", "public_transport": "platform", "ref": "C202", "shelter": "no", "tactile_paving": "no", "network": "AAATA", "network:wikidata": "Q4766233", "brand": null, "phone:aaata": null, "ref:aaata": null, "ref:umich": null, "route_ref:aaata": null, "website:aaata": null, "website:aaata:maps": null, "website:umich:map": null, "website:umich:routes": null, "wheelchair": null, "check_date:shelter": "2021-11-18", "note": null, "passenger_information_display": null, "network:wikipedia": "en:Ann Arbor Area Transportation Authority", "alt_name": null, "local_ref": null, "ref:signed": null, "operator:wikidata": null, "operator:wikipedia": null, "mapillary": null, "route_ref": null, "survey:date": null, "covered": null, "arrival_times:description": null, "phone": null, "surface": null, "website": null, "website:map": null, "wheelchair:description": null, "departures_board": null, "source": null, "source:date": null, "check_date:bench": null, "smoothness": null, "description:arrival_times": null, "check_date": null, "check_date:lit": null, "check_date:tactile_paving": null, "fixme": null, "paving_stones:material": null, "sign": null, "railway": null, "railway:ref": null, "train": null }, "geometry": { "type": "Point", "coordinates": [ -83.7378105, 42.2750164 ] } },
{ "type": "Feature", "properties": { "index": 306, "element": "node", "id": 560921098, "bench": "yes", "bin": "no", "bus": "yes", "description": null, "highway": "bus_stop", "lit": "no", "name": "Shapiro Library", "operator": "University of Michigan", "public_transport": "platform", "ref": "C202", "shelter": "yes", "tactile_paving": "no", "network": null, "network:wikidata": null, "brand": null, "phone:aaata": null, "ref:aaata": null, "ref:umich": null, "route_ref:aaata": null, "website:aaata": null, "website:aaata:maps": null, "website:umich:map": null, "website:umich:routes": null, "wheelchair": null, "check_date:shelter": null, "note": null, "passenger_information_display": null, "network:wikipedia": null, "alt_name": null, "local_ref": null, "ref:signed": null, "operator:wikidata": null, "operator:wikipedia": null, "mapillary": null, "route_ref": null, "survey:date": null, "covered": null, "arrival_times:description": null, "phone": null, "surface": null, "website": null, "website:map": null, "wheelchair:description": null, "departures_board": null, "source": null, "source:date": null, "check_date:bench": null, "smoothness": null, "description:arrival_times": null, "check_date": null, "check_date:lit": null, "check_date:tactile_paving": null, "fixme": null, "paving_stones:material": null, "sign": null, "railway": null, "railway:ref": null, "train": null }, "geometry": { "type": "Point", "coordinates": [ -83.7376018, 42.27509 ] } },
{ "type": "Feature", "properties": { "index": 307, "element": "node", "id": 1458141542, "bench": "no", "bin": "no", "bus": "yes", "description": null, "highway": "bus_stop", "lit": "no", "name": "Washtenaw + S University", "operator": "AAATA", "public_transport": "platform", "ref": "374", "shelter": "no", "tactile_paving": "no", "network": "AAATA", "network:wikidata": "Q4766233", "brand": null, "phone:aaata": null, "ref:aaata": null, "ref:umich": null, "route_ref:aaata": null, "website:aaata": null, "website:aaata:maps": null, "website:umich:map": null, "website:umich:routes": null, "wheelchair": null, "check_date:shelter": null, "note": null, "passenger_information_display": null, "network:wikipedia": "en:Ann Arbor Area Transportation Authority", "alt_name": null, "local_ref": null, "ref:signed": null, "operator:wikidata": null, "operator:wikipedia": null, "mapillary": null, "route_ref": null, "survey:date": null, "covered": null, "arrival_times:description": null, "phone": null, "surface": null, "website": null, "website:map": null, "wheelchair:description": null, "departures_board": null, "source": null, "source:date": null, "check_date:bench": null, "smoothness": null, "description:arrival_times": null, "check_date": null, "check_date:lit": null, "check_date:tactile_paving": null, "fixme": null, "paving_stones:material": null, "sign": null, "railway": null, "railway:ref": null, "train": null }, "geometry": { "type": "Point", "coordinates": [ -83.7318919, 42.275598 ] } },
{ "type": "Feature", "properties": { "index": 308, "element": "node", "id": 4814257498, "bench": "no", "bin": "no", "bus": "yes", "description": null, "highway": "bus_stop", "lit": "yes", "name": "W - Church north of South U", "operator": "AAATA", "public_transport": "platform", "ref": "996-0400", "shelter": "no", "tactile_paving": "no", "network": "AAATA", "network:wikidata": "Q4766233", "brand": null, "phone:aaata": null, "ref:aaata": null, "ref:umich": null, "route_ref:aaata": null, "website:aaata": null, "website:aaata:maps": null, "website:umich:map": null, "website:umich:routes": null, "wheelchair": null, "check_date:shelter": null, "note": null, "passenger_information_display": null, "network:wikipedia": "en:Ann Arbor Area Transportation Authority", "alt_name": null, "local_ref": null, "ref:signed": null, "operator:wikidata": null, "operator:wikipedia": null, "mapillary": null, "route_ref": null, "survey:date": null, "covered": null, "arrival_times:description": null, "phone": null, "surface": null, "website": null, "website:map": null, "wheelchair:description": null, "departures_board": null, "source": null, "source:date": null, "check_date:bench": null, "smoothness": null, "description:arrival_times": null, "check_date": null, "check_date:lit": null, "check_date:tactile_paving": null, "fixme": null, "paving_stones:material": null, "sign": null, "railway": null, "railway:ref": null, "train": null }, "geometry": { "type": "Point", "coordinates": [ -83.7347335, 42.2759228 ] } },
{ "type": "Feature", "properties": { "index": 309, "element": "node", "id": 5012400984, "bench": "yes", "bin": "no", "bus": "yes", "description": null, "highway": "bus_stop", "lit": "yes", "name": null, "operator": "AAATA", "public_transport": "platform", "ref": "1881", "shelter": "yes", "tactile_paving": "no", "network": "AAATA", "network:wikidata": "Q4766233", "brand": null, "phone:aaata": null, "ref:aaata": null, "ref:umich": null, "route_ref:aaata": null, "website:aaata": null, "website:aaata:maps": null, "website:umich:map": null, "website:umich:routes": null, "wheelchair": null, "check_date:shelter": "2022-10-22", "note": "#4", "passenger_information_display": null, "network:wikipedia": null, "alt_name": null, "local_ref": null, "ref:signed": null, "operator:wikidata": null, "operator:wikipedia": null, "mapillary": null, "route_ref": null, "survey:date": null, "covered": null, "arrival_times:description": null, "phone": null, "surface": null, "website": null, "website:map": null, "wheelchair:description": null, "departures_board": null, "source": null, "source:date": null, "check_date:bench": null, "smoothness": null, "description:arrival_times": null, "check_date": null, "check_date:lit": null, "check_date:tactile_paving": null, "fixme": null, "paving_stones:material": null, "sign": null, "railway": null, "railway:ref": null, "train": null }, "geometry": { "type": "Point", "coordinates": [ -83.7335628, 42.2769866 ] } },
{ "type": "Feature", "properties": { "index": 310, "element": "node", "id": 4933284063, "bench": "yes", "bin": "no", "bus": "yes", "description": null, "highway": "bus_stop", "lit": "yes", "name": "Law School", "operator": "AAATA", "public_transport": "platform", "ref": "382", "shelter": "yes", "tactile_paving": "no", "network": "AAATA", "network:wikidata": "Q4766233", "brand": null, "phone:aaata": null, "ref:aaata": null, "ref:umich": null, "route_ref:aaata": null, "website:aaata": null, "website:aaata:maps": null, "website:umich:map": null, "website:umich:routes": null, "wheelchair": null, "check_date:shelter": "2025-06-16", "note": null, "passenger_information_display": null, "network:wikipedia": "en:Ann Arbor Area Transportation Authority", "alt_name": null, "local_ref": null, "ref:signed": null, "operator:wikidata": null, "operator:wikipedia": null, "mapillary": null, "route_ref": null, "survey:date": null, "covered": null, "arrival_times:description": null, "phone": null, "surface": null, "website": null, "website:map": null, "wheelchair:description": null, "departures_board": null, "source": null, "source:date": null, "check_date:bench": null, "smoothness": null, "description:arrival_times": null, "check_date": null, "check_date:lit": null, "check_date:tactile_paving": null, "fixme": null, "paving_stones:material": null, "sign": null, "railway": null, "railway:ref": null, "train": null }, "geometry": { "type": "Point", "coordinates": [ -83.7407502, 42.2731151 ] } },
{ "type": "Feature", "properties": { "index": 311, "element": "node", "id": 2874406233, "bench": "no", "bin": "no", "bus": "yes", "description": null, "highway": "bus_stop", "lit": "yes", "name": "Law School", "operator": "AAATA", "public_transport": "platform", "ref": "487", "shelter": "no", "tactile_paving": "no", "network": "AAATA", "network:wikidata": "Q4766233", "brand": null, "phone:aaata": null, "ref:aaata": null, "ref:umich": null, "route_ref:aaata": null, "website:aaata": null, "website:aaata:maps": null, "website:umich:map": null, "website:umich:routes": null, "wheelchair": null, "check_date:shelter": "2021-07-05", "note": null, "passenger_information_display": null, "network:wikipedia": "en:Ann Arbor Area Transportation Authority", "alt_name": null, "local_ref": null, "ref:signed": null, "operator:wikidata": null, "operator:wikipedia": null, "mapillary": null, "route_ref": null, "survey:date": null, "covered": null, "arrival_times:description": null, "phone": null, "surface": null, "website": null, "website:map": null, "wheelchair:description": null, "departures_board": null, "source": null, "source:date": null, "check_date:bench": null, "smoothness": null, "description:arrival_times": null, "check_date": null, "check_date:lit": null, "check_date:tactile_paving": null, "fixme": null, "paving_stones:material": null, "sign": null, "railway": null, "railway:ref": null, "train": null }, "geometry": { "type": "Point", "coordinates": [ -83.7405477, 42.273612 ] } },
{ "type": "Feature", "properties": { "index": 312, "element": "node", "id": 4852855284, "bench": "no", "bin": "no", "bus": "yes", "description": null, "highway": "bus_stop", "lit": "yes", "name": "Thomson + Madison (towards BTC)", "operator": null, "public_transport": "platform", "ref": "1778", "shelter": "no", "tactile_paving": "no", "network": "AAATA", "network:wikidata": "Q4766233", "brand": null, "phone:aaata": null, "ref:aaata": null, "ref:umich": null, "route_ref:aaata": null, "website:aaata": null, "website:aaata:maps": null, "website:umich:map": null, "website:umich:routes": null, "wheelchair": null, "check_date:shelter": "2025-01-07", "note": "Track buses at https://www.theride.org/maps-schedules/track-bus or text \"AAATA 1778\" to 41411", "passenger_information_display": null, "network:wikipedia": "en:Ann Arbor Area Transportation Authority", "alt_name": null, "local_ref": null, "ref:signed": null, "operator:wikidata": null, "operator:wikipedia": null, "mapillary": null, "route_ref": null, "survey:date": null, "covered": null, "arrival_times:description": null, "phone": null, "surface": null, "website": null, "website:map": null, "wheelchair:description": null, "departures_board": null, "source": null, "source:date": null, "check_date:bench": null, "smoothness": null, "description:arrival_times": null, "check_date": null, "check_date:lit": null, "check_date:tactile_paving": null, "fixme": null, "paving_stones:material": null, "sign": null, "railway": null, "railway:ref": null, "train": null }, "geometry": { "type": "Point", "coordinates": [ -83.7430547, 42.2740984 ] } },
{ "type": "Feature", "properties": { "index": 313, "element": "node", "id": 5020115999, "bench": "no", "bin": "no", "bus": "yes", "description": null, "highway": "bus_stop", "lit": "yes", "name": null, "operator": null, "public_transport": "platform", "ref": "996-0400", "shelter": "no", "tactile_paving": "no", "network": null, "network:wikidata": null, "brand": null, "phone:aaata": null, "ref:aaata": null, "ref:umich": null, "route_ref:aaata": null, "website:aaata": null, "website:aaata:maps": null, "website:umich:map": null, "website:umich:routes": null, "wheelchair": null, "check_date:shelter": "2025-01-07", "note": null, "passenger_information_display": null, "network:wikipedia": null, "alt_name": null, "local_ref": null, "ref:signed": null, "operator:wikidata": null, "operator:wikipedia": null, "mapillary": null, "route_ref": null, "survey:date": null, "covered": null, "arrival_times:description": null, "phone": null, "surface": null, "website": null, "website:map": null, "wheelchair:description": null, "departures_board": null, "source": null, "source:date": null, "check_date:bench": null, "smoothness": null, "description:arrival_times": null, "check_date": null, "check_date:lit": null, "check_date:tactile_paving": null, "fixme": null, "paving_stones:material": null, "sign": null, "railway": null, "railway:ref": null, "train": null }, "geometry": { "type": "Point", "coordinates": [ -83.7432556, 42.2742681 ] } },
{ "type": "Feature", "properties": { "index": 314, "element": "node", "id": 2874399842, "bench": "yes", "bin": "no", "bus": "yes", "description": null, "highway": "bus_stop", "lit": "yes", "name": "Michigan Union", "operator": "AAATA", "public_transport": "platform", "ref": null, "shelter": "yes", "tactile_paving": "no", "network": "AAATA", "network:wikidata": "Q4766233", "brand": null, "phone:aaata": null, "ref:aaata": null, "ref:umich": null, "route_ref:aaata": null, "website:aaata": null, "website:aaata:maps": null, "website:umich:map": null, "website:umich:routes": null, "wheelchair": null, "check_date:shelter": "2025-09-10", "note": null, "passenger_information_display": null, "network:wikipedia": null, "alt_name": null, "local_ref": null, "ref:signed": "no", "operator:wikidata": null, "operator:wikipedia": null, "mapillary": null, "route_ref": null, "survey:date": null, "covered": null, "arrival_times:description": null, "phone": null, "surface": null, "website": null, "website:map": null, "wheelchair:description": null, "departures_board": null, "source": null, "source:date": null, "check_date:bench": null, "smoothness": null, "description:arrival_times": null, "check_date": null, "check_date:lit": null, "check_date:tactile_paving": null, "fixme": null, "paving_stones:material": null, "sign": null, "railway": null, "railway:ref": null, "train": null }, "geometry": { "type": "Point", "coordinates": [ -83.7408374, 42.2750127 ] } },
{ "type": "Feature", "properties": { "index": 315, "element": "node", "id": 13283443447, "bench": "yes", "bin": "no", "bus": "yes", "description": "Serviced by Commuter South route", "highway": "bus_stop", "lit": "yes", "name": "Michigan Union, South U", "operator": "University of Michigan", "public_transport": "platform", "ref": "C201", "shelter": "yes", "tactile_paving": "no", "network": null, "network:wikidata": null, "brand": null, "phone:aaata": null, "ref:aaata": null, "ref:umich": null, "route_ref:aaata": null, "website:aaata": null, "website:aaata:maps": null, "website:umich:map": null, "website:umich:routes": null, "wheelchair": null, "check_date:shelter": null, "note": null, "passenger_information_display": null, "network:wikipedia": null, "alt_name": null, "local_ref": null, "ref:signed": null, "operator:wikidata": null, "operator:wikipedia": null, "mapillary": null, "route_ref": null, "survey:date": null, "covered": null, "arrival_times:description": null, "phone": null, "surface": null, "website": null, "website:map": null, "wheelchair:description": null, "departures_board": null, "source": null, "source:date": null, "check_date:bench": null, "smoothness": null, "description:arrival_times": null, "check_date": null, "check_date:lit": null, "check_date:tactile_paving": null, "fixme": null, "paving_stones:material": null, "sign": null, "railway": null, "railway:ref": null, "train": null }, "geometry": { "type": "Point", "coordinates": [ -83.7401274, 42.2750153 ] } },
{ "type": "Feature", "properties": { "index": 316, "element": "node", "id": 560921099, "bench": "yes", "bin": "no", "bus": "yes", "description": null, "highway": "bus_stop", "lit": null, "name": "S University + State", "operator": null, "public_transport": "platform", "ref": "1287", "shelter": "yes", "tactile_paving": "no", "network": "AAATA", "network:wikidata": "Q4766233", "brand": null, "phone:aaata": null, "ref:aaata": null, "ref:umich": null, "route_ref:aaata": null, "website:aaata": null, "website:aaata:maps": null, "website:umich:map": null, "website:umich:routes": null, "wheelchair": null, "check_date:shelter": null, "note": null, "passenger_information_display": null, "network:wikipedia": null, "alt_name": null, "local_ref": null, "ref:signed": null, "operator:wikidata": null, "operator:wikipedia": null, "mapillary": null, "route_ref": null, "survey:date": null, "covered": null, "arrival_times:description": null, "phone": null, "surface": null, "website": null, "website:map": null, "wheelchair:description": null, "departures_board": null, "source": null, "source:date": null, "check_date:bench": null, "smoothness": null, "description:arrival_times": null, "check_date": null, "check_date:lit": null, "check_date:tactile_paving": null, "fixme": null, "paving_stones:material": null, "sign": null, "railway": null, "railway:ref": null, "train": null }, "geometry": { "type": "Point", "coordinates": [ -83.740135, 42.2750155 ] } },
{ "type": "Feature", "properties": { "index": 317, "element": "node", "id": 2758637998, "bench": "yes", "bin": "yes", "bus": "yes", "description": null, "highway": "bus_stop", "lit": "yes", "name": "Michigan Union", "operator": "University of Michigan and AAATA", "public_transport": "platform", "ref": "488", "shelter": "no", "tactile_paving": "no", "network": "AAATA", "network:wikidata": "Q4766233", "brand": null, "phone:aaata": null, "ref:aaata": null, "ref:umich": null, "route_ref:aaata": null, "website:aaata": null, "website:aaata:maps": null, "website:umich:map": null, "website:umich:routes": null, "wheelchair": null, "check_date:shelter": "2022-10-23", "note": null, "passenger_information_display": null, "network:wikipedia": null, "alt_name": null, "local_ref": null, "ref:signed": null, "operator:wikidata": null, "operator:wikipedia": null, "mapillary": null, "route_ref": null, "survey:date": null, "covered": null, "arrival_times:description": null, "phone": null, "surface": null, "website": null, "website:map": null, "wheelchair:description": null, "departures_board": null, "source": null, "source:date": null, "check_date:bench": null, "smoothness": null, "description:arrival_times": null, "check_date": null, "check_date:lit": null, "check_date:tactile_paving": null, "fixme": null, "paving_stones:material": null, "sign": null, "railway": null, "railway:ref": null, "train": null }, "geometry": { "type": "Point", "coordinates": [ -83.7406178, 42.2753258 ] } },
{ "type": "Feature", "properties": { "index": 318, "element": "node", "id": 4956909895, "bench": "no", "bin": "no", "bus": "yes", "description": null, "highway": "bus_stop", "lit": "yes", "name": "Thompson + E. Jefferson (towards YTC)", "operator": "AAATA", "public_transport": "platform", "ref": "1797", "shelter": "no", "tactile_paving": "no", "network": "AAATA", "network:wikidata": "Q4766233", "brand": null, "phone:aaata": null, "ref:aaata": null, "ref:umich": null, "route_ref:aaata": null, "website:aaata": null, "website:aaata:maps": null, "website:umich:map": null, "website:umich:routes": null, "wheelchair": null, "check_date:shelter": null, "note": "Track buses at https://www.theride.org/maps-schedules/track-bus or text \"AAATA 1797\" to 41411", "passenger_information_display": null, "network:wikipedia": "en:Ann Arbor Area Transportation Authority", "alt_name": null, "local_ref": null, "ref:signed": null, "operator:wikidata": null, "operator:wikipedia": null, "mapillary": null, "route_ref": null, "survey:date": null, "covered": null, "arrival_times:description": null, "phone": null, "surface": null, "website": null, "website:map": null, "wheelchair:description": null, "departures_board": null, "source": null, "source:date": null, "check_date:bench": null, "smoothness": null, "description:arrival_times": null, "check_date": null, "check_date:lit": null, "check_date:tactile_paving": null, "fixme": null, "paving_stones:material": null, "sign": null, "railway": null, "railway:ref": null, "train": null }, "geometry": { "type": "Point", "coordinates": [ -83.7432737, 42.2755899 ] } },
{ "type": "Feature", "properties": { "index": 319, "element": "node", "id": 4956909894, "bench": "no", "bin": "no", "bus": "yes", "description": null, "highway": "bus_stop", "lit": "yes", "name": "Thompson + Richard Kennedy (towards BTC)", "operator": "AAATA", "public_transport": "platform", "ref": "1800", "shelter": "no", "tactile_paving": "no", "network": "AAATA", "network:wikidata": "Q4766233", "brand": null, "phone:aaata": null, "ref:aaata": null, "ref:umich": null, "route_ref:aaata": null, "website:aaata": null, "website:aaata:maps": null, "website:umich:map": null, "website:umich:routes": null, "wheelchair": null, "check_date:shelter": null, "note": "Track buses at https://www.theride.org/maps-schedules/track-bus or text \"AAATA 1800\" to 41411", "passenger_information_display": null, "network:wikipedia": "en:Ann Arbor Area Transportation Authority", "alt_name": null, "local_ref": null, "ref:signed": null, "operator:wikidata": null, "operator:wikipedia": null, "mapillary": null, "route_ref": null, "survey:date": null, "covered": null, "arrival_times:description": null, "phone": null, "surface": null, "website": null, "website:map": null, "wheelchair:description": null, "departures_board": null, "source": null, "source:date": null, "check_date:bench": null, "smoothness": null, "description:arrival_times": null, "check_date": null, "check_date:lit": null, "check_date:tactile_paving": null, "fixme": null, "paving_stones:material": null, "sign": null, "railway": null, "railway:ref": null, "train": null }, "geometry": { "type": "Point", "coordinates": [ -83.7430773, 42.2757035 ] } },
{ "type": "Feature", "properties": { "index": 320, "element": "node", "id": 12185250013, "bench": null, "bin": null, "bus": "yes", "description": null, "highway": "bus_stop", "lit": null, "name": "Stockwell Hall Outbound", "operator": "University of Michigan - Logistics, Transportation & Parking", "public_transport": "platform", "ref": "M301", "shelter": "yes", "tactile_paving": null, "network": "University of Michigan Transit", "network:wikidata": null, "brand": null, "phone:aaata": null, "ref:aaata": null, "ref:umich": null, "route_ref:aaata": null, "website:aaata": null, "website:aaata:maps": null, "website:umich:map": null, "website:umich:routes": null, "wheelchair": null, "check_date:shelter": null, "note": null, "passenger_information_display": null, "network:wikipedia": null, "alt_name": null, "local_ref": null, "ref:signed": null, "operator:wikidata": "Q130321558", "operator:wikipedia": null, "mapillary": null, "route_ref": null, "survey:date": null, "covered": null, "arrival_times:description": null, "phone": null, "surface": null, "website": null, "website:map": null, "wheelchair:description": null, "departures_board": null, "source": null, "source:date": null, "check_date:bench": null, "smoothness": null, "description:arrival_times": null, "check_date": null, "check_date:lit": null, "check_date:tactile_paving": null, "fixme": null, "paving_stones:material": null, "sign": null, "railway": null, "railway:ref": null, "train": null }, "geometry": { "type": "Point", "coordinates": [ -83.7308487, 42.2776991 ] } },
{ "type": "Feature", "properties": { "index": 321, "element": "node", "id": 12185235001, "bench": "yes", "bin": "yes", "bus": "yes", "description": null, "highway": "bus_stop", "lit": "yes", "name": "Central Campus Transit Center: Chemistry", "operator": "University of Michigan - Logistics, Transportation & Parking", "public_transport": "platform", "ref": "C250", "shelter": "yes", "tactile_paving": "no", "network": "University of Michigan Transit", "network:wikidata": null, "brand": null, "phone:aaata": null, "ref:aaata": null, "ref:umich": null, "route_ref:aaata": null, "website:aaata": null, "website:aaata:maps": null, "website:umich:map": null, "website:umich:routes": null, "wheelchair": null, "check_date:shelter": null, "note": null, "passenger_information_display": null, "network:wikipedia": null, "alt_name": null, "local_ref": null, "ref:signed": null, "operator:wikidata": "Q130321558", "operator:wikipedia": null, "mapillary": null, "route_ref": null, "survey:date": null, "covered": null, "arrival_times:description": null, "phone": null, "surface": null, "website": null, "website:map": null, "wheelchair:description": null, "departures_board": null, "source": null, "source:date": null, "check_date:bench": null, "smoothness": null, "description:arrival_times": null, "check_date": null, "check_date:lit": null, "check_date:tactile_paving": null, "fixme": null, "paving_stones:material": null, "sign": null, "railway": null, "railway:ref": null, "train": null }, "geometry": { "type": "Point", "coordinates": [ -83.7349535, 42.2777494 ] } },
{ "type": "Feature", "properties": { "index": 322, "element": "node", "id": 11076651952, "bench": "yes", "bin": "yes", "bus": "yes", "description": null, "highway": "bus_stop", "lit": "yes", "name": "Central Campus Transit Center", "operator": null, "public_transport": "platform", "ref": "AATA 1285", "shelter": "yes", "tactile_paving": "no", "network": "AAATA", "network:wikidata": "Q4766233", "brand": null, "phone:aaata": null, "ref:aaata": null, "ref:umich": null, "route_ref:aaata": null, "website:aaata": null, "website:aaata:maps": null, "website:umich:map": null, "website:umich:routes": null, "wheelchair": null, "check_date:shelter": null, "note": null, "passenger_information_display": null, "network:wikipedia": null, "alt_name": null, "local_ref": null, "ref:signed": null, "operator:wikidata": null, "operator:wikipedia": null, "mapillary": null, "route_ref": null, "survey:date": null, "covered": null, "arrival_times:description": null, "phone": null, "surface": null, "website": null, "website:map": null, "wheelchair:description": null, "departures_board": null, "source": null, "source:date": null, "check_date:bench": null, "smoothness": null, "description:arrival_times": null, "check_date": null, "check_date:lit": null, "check_date:tactile_paving": null, "fixme": null, "paving_stones:material": null, "sign": null, "railway": null, "railway:ref": null, "train": null }, "geometry": { "type": "Point", "coordinates": [ -83.7353477, 42.2780584 ] } },
{ "type": "Feature", "properties": { "index": 323, "element": "node", "id": 2758637984, "bench": "yes", "bin": "no", "bus": "yes", "description": null, "highway": "bus_stop", "lit": "yes", "name": "Michigan League", "operator": "AAATA & University of Michigan", "public_transport": "platform", "ref": "C208", "shelter": "yes", "tactile_paving": "no", "network": "AAATA", "network:wikidata": "Q4766233", "brand": null, "phone:aaata": null, "ref:aaata": null, "ref:umich": null, "route_ref:aaata": null, "website:aaata": null, "website:aaata:maps": null, "website:umich:map": null, "website:umich:routes": null, "wheelchair": null, "check_date:shelter": null, "note": null, "passenger_information_display": null, "network:wikipedia": null, "alt_name": null, "local_ref": null, "ref:signed": null, "operator:wikidata": null, "operator:wikipedia": null, "mapillary": null, "route_ref": null, "survey:date": null, "covered": null, "arrival_times:description": null, "phone": null, "surface": null, "website": null, "website:map": null, "wheelchair:description": null, "departures_board": null, "source": null, "source:date": null, "check_date:bench": null, "smoothness": null, "description:arrival_times": null, "check_date": null, "check_date:lit": null, "check_date:tactile_paving": null, "fixme": null, "paving_stones:material": null, "sign": null, "railway": null, "railway:ref": null, "train": null }, "geometry": { "type": "Point", "coordinates": [ -83.7386645, 42.2784612 ] } },
{ "type": "Feature", "properties": { "index": 324, "element": "node", "id": 2874522985, "bench": "no", "bin": "no", "bus": "yes", "description": null, "highway": "bus_stop", "lit": null, "name": null, "operator": null, "public_transport": "platform", "ref": "996-0400", "shelter": "no", "tactile_paving": "no", "network": "AAATA", "network:wikidata": "Q4766233", "brand": null, "phone:aaata": null, "ref:aaata": null, "ref:umich": null, "route_ref:aaata": null, "website:aaata": null, "website:aaata:maps": null, "website:umich:map": null, "website:umich:routes": null, "wheelchair": null, "check_date:shelter": null, "note": null, "passenger_information_display": null, "network:wikipedia": null, "alt_name": null, "local_ref": null, "ref:signed": null, "operator:wikidata": null, "operator:wikipedia": null, "mapillary": null, "route_ref": null, "survey:date": null, "covered": null, "arrival_times:description": null, "phone": null, "surface": null, "website": null, "website:map": null, "wheelchair:description": null, "departures_board": null, "source": null, "source:date": null, "check_date:bench": null, "smoothness": null, "description:arrival_times": null, "check_date": null, "check_date:lit": null, "check_date:tactile_paving": null, "fixme": null, "paving_stones:material": null, "sign": null, "railway": null, "railway:ref": null, "train": null }, "geometry": { "type": "Point", "coordinates": [ -83.7383496, 42.2804221 ] } },
{ "type": "Feature", "properties": { "index": 325, "element": "node", "id": 12185209455, "bench": "yes", "bin": "yes", "bus": "yes", "description": null, "highway": "bus_stop", "lit": "yes", "name": "Rackham Building", "operator": "University of Michigan - Logistics, Transportation & Parking", "public_transport": "platform", "ref": "C211", "shelter": "no", "tactile_paving": "no", "network": "University of Michigan Transit", "network:wikidata": null, "brand": null, "phone:aaata": null, "ref:aaata": null, "ref:umich": null, "route_ref:aaata": null, "website:aaata": null, "website:aaata:maps": null, "website:umich:map": null, "website:umich:routes": null, "wheelchair": "yes", "check_date:shelter": null, "note": null, "passenger_information_display": null, "network:wikipedia": null, "alt_name": null, "local_ref": null, "ref:signed": null, "operator:wikidata": "Q130321558", "operator:wikipedia": null, "mapillary": null, "route_ref": null, "survey:date": null, "covered": null, "arrival_times:description": null, "phone": null, "surface": null, "website": null, "website:map": null, "wheelchair:description": null, "departures_board": null, "source": null, "source:date": null, "check_date:bench": null, "smoothness": null, "description:arrival_times": null, "check_date": null, "check_date:lit": null, "check_date:tactile_paving": null, "fixme": null, "paving_stones:material": null, "sign": null, "railway": null, "railway:ref": null, "train": null }, "geometry": { "type": "Point", "coordinates": [ -83.737343, 42.2806127 ] } },
{ "type": "Feature", "properties": { "index": 326, "element": "node", "id": 12185209456, "bench": "yes", "bin": "yes", "bus": "yes", "description": null, "highway": "bus_stop", "lit": "yes", "name": "Power Center", "operator": "University of Michigan - Logistics, Transportation & Parking", "public_transport": "platform", "ref": "C210", "shelter": "no", "tactile_paving": "no", "network": "University of Michigan Transit", "network:wikidata": null, "brand": null, "phone:aaata": null, "ref:aaata": null, "ref:umich": null, "route_ref:aaata": null, "website:aaata": null, "website:aaata:maps": null, "website:umich:map": null, "website:umich:routes": null, "wheelchair": "yes", "check_date:shelter": null, "note": null, "passenger_information_display": null, "network:wikipedia": null, "alt_name": null, "local_ref": null, "ref:signed": null, "operator:wikidata": "Q130321558", "operator:wikipedia": null, "mapillary": null, "route_ref": null, "survey:date": null, "covered": null, "arrival_times:description": null, "phone": null, "surface": null, "website": null, "website:map": null, "wheelchair:description": null, "departures_board": null, "source": null, "source:date": null, "check_date:bench": null, "smoothness": null, "description:arrival_times": null, "check_date": null, "check_date:lit": null, "check_date:tactile_paving": null, "fixme": null, "paving_stones:material": null, "sign": "yes", "railway": null, "railway:ref": null, "train": null }, "geometry": { "type": "Point", "coordinates": [ -83.7370393, 42.2809459 ] } },
{ "type": "Feature", "properties": { "index": 327, "element": "node", "id": 1455616908, "bench": "no", "bin": "no", "bus": "yes", "description": null, "highway": "bus_stop", "lit": null, "name": null, "operator": null, "public_transport": "platform", "ref": null, "shelter": "no", "tactile_paving": "no", "network": "AAATA", "network:wikidata": "Q4766233", "brand": null, "phone:aaata": null, "ref:aaata": null, "ref:umich": null, "route_ref:aaata": null, "website:aaata": null, "website:aaata:maps": null, "website:umich:map": null, "website:umich:routes": null, "wheelchair": null, "check_date:shelter": null, "note": null, "passenger_information_display": null, "network:wikipedia": null, "alt_name": null, "local_ref": null, "ref:signed": null, "operator:wikidata": null, "operator:wikipedia": null, "mapillary": null, "route_ref": null, "survey:date": null, "covered": null, "arrival_times:description": null, "phone": null, "surface": null, "website": null, "website:map": null, "wheelchair:description": null, "departures_board": null, "source": null, "source:date": null, "check_date:bench": null, "smoothness": null, "description:arrival_times": null, "check_date": null, "check_date:lit": null, "check_date:tactile_paving": null, "fixme": null, "paving_stones:material": null, "sign": null, "railway": null, "railway:ref": null, "train": null }, "geometry": { "type": "Point", "coordinates": [ -83.731213, 42.2810594 ] } },
{ "type": "Feature", "properties": { "index": 328, "element": "node", "id": 5799221235, "bench": null, "bin": null, "bus": "yes", "description": null, "highway": "bus_stop", "lit": null, "name": "Huron + Ingalls", "operator": "AAATA", "public_transport": "platform", "ref": "1215", "shelter": "no", "tactile_paving": null, "network": "AAATA", "network:wikidata": "Q4766233", "brand": null, "phone:aaata": null, "ref:aaata": null, "ref:umich": null, "route_ref:aaata": null, "website:aaata": null, "website:aaata:maps": null, "website:umich:map": null, "website:umich:routes": null, "wheelchair": null, "check_date:shelter": null, "note": null, "passenger_information_display": null, "network:wikipedia": null, "alt_name": null, "local_ref": null, "ref:signed": null, "operator:wikidata": null, "operator:wikipedia": null, "mapillary": null, "route_ref": null, "survey:date": null, "covered": null, "arrival_times:description": null, "phone": null, "surface": null, "website": null, "website:map": null, "wheelchair:description": null, "departures_board": null, "source": null, "source:date": null, "check_date:bench": null, "smoothness": null, "description:arrival_times": null, "check_date": null, "check_date:lit": null, "check_date:tactile_paving": null, "fixme": null, "paving_stones:material": null, "sign": null, "railway": null, "railway:ref": null, "train": null }, "geometry": { "type": "Point", "coordinates": [ -83.7386621, 42.281135 ] } },
{ "type": "Feature", "properties": { "index": 329, "element": "node", "id": 4904474852, "bench": "no", "bin": null, "bus": "yes", "description": null, "highway": "bus_stop", "lit": null, "name": null, "operator": "ATAAA", "public_transport": "platform", "ref": null, "shelter": "no", "tactile_paving": null, "network": "AAATA", "network:wikidata": "Q4766233", "brand": null, "phone:aaata": null, "ref:aaata": null, "ref:umich": null, "route_ref:aaata": null, "website:aaata": null, "website:aaata:maps": null, "website:umich:map": null, "website:umich:routes": null, "wheelchair": null, "check_date:shelter": null, "note": "4, 32, 60, 65", "passenger_information_display": null, "network:wikipedia": null, "alt_name": null, "local_ref": null, "ref:signed": null, "operator:wikidata": null, "operator:wikipedia": null, "mapillary": null, "route_ref": null, "survey:date": null, "covered": null, "arrival_times:description": null, "phone": null, "surface": null, "website": null, "website:map": null, "wheelchair:description": null, "departures_board": null, "source": null, "source:date": null, "check_date:bench": null, "smoothness": null, "description:arrival_times": null, "check_date": null, "check_date:lit": null, "check_date:tactile_paving": null, "fixme": null, "paving_stones:material": null, "sign": null, "railway": null, "railway:ref": null, "train": null }, "geometry": { "type": "Point", "coordinates": [ -83.7386856, 42.2813235 ] } },
{ "type": "Feature", "properties": { "index": 330, "element": "node", "id": 9414052275, "bench": "yes", "bin": "yes", "bus": "yes", "description": null, "highway": "bus_stop", "lit": "yes", "name": null, "operator": null, "public_transport": "platform", "ref": "M313", "shelter": "yes", "tactile_paving": "no", "network": null, "network:wikidata": null, "brand": null, "phone:aaata": null, "ref:aaata": null, "ref:umich": null, "route_ref:aaata": null, "website:aaata": null, "website:aaata:maps": null, "website:umich:map": null, "website:umich:routes": null, "wheelchair": null, "check_date:shelter": null, "note": null, "passenger_information_display": null, "network:wikipedia": null, "alt_name": null, "local_ref": null, "ref:signed": null, "operator:wikidata": null, "operator:wikipedia": null, "mapillary": null, "route_ref": null, "survey:date": null, "covered": null, "arrival_times:description": null, "phone": null, "surface": null, "website": null, "website:map": null, "wheelchair:description": null, "departures_board": null, "source": null, "source:date": null, "check_date:bench": null, "smoothness": null, "description:arrival_times": null, "check_date": null, "check_date:lit": null, "check_date:tactile_paving": null, "fixme": null, "paving_stones:material": null, "sign": null, "railway": null, "railway:ref": null, "train": null }, "geometry": { "type": "Point", "coordinates": [ -83.7280873, 42.2813291 ] } },
{ "type": "Feature", "properties": { "index": 331, "element": "node", "id": 5763980406, "bench": "yes", "bin": "yes", "bus": "yes", "description": null, "highway": "bus_stop", "lit": "no", "name": "University Hospital (Mott)", "operator": "U-M and AAATA", "public_transport": "platform", "ref": "M314", "shelter": "yes", "tactile_paving": "no", "network": null, "network:wikidata": null, "brand": null, "phone:aaata": null, "ref:aaata": null, "ref:umich": null, "route_ref:aaata": null, "website:aaata": null, "website:aaata:maps": null, "website:umich:map": null, "website:umich:routes": null, "wheelchair": null, "check_date:shelter": "2025-09-24", "note": "also #4A, 32 and more", "passenger_information_display": "no", "network:wikipedia": null, "alt_name": null, "local_ref": null, "ref:signed": null, "operator:wikidata": null, "operator:wikipedia": null, "mapillary": null, "route_ref": null, "survey:date": null, "covered": null, "arrival_times:description": null, "phone": null, "surface": null, "website": null, "website:map": null, "wheelchair:description": null, "departures_board": null, "source": null, "source:date": null, "check_date:bench": null, "smoothness": null, "description:arrival_times": null, "check_date": null, "check_date:lit": null, "check_date:tactile_paving": null, "fixme": null, "paving_stones:material": null, "sign": null, "railway": null, "railway:ref": null, "train": null }, "geometry": { "type": "Point", "coordinates": [ -83.7289877, 42.28152 ] } },
{ "type": "Feature", "properties": { "index": 332, "element": "node", "id": 1458141596, "bench": "yes", "bin": "yes", "bus": "yes", "description": null, "highway": "bus_stop", "lit": "no", "name": "Cardiovascular Center", "operator": "U-M and AAATA", "public_transport": "platform", "ref": "M303", "shelter": "yes", "tactile_paving": "no", "network": "University of Michigan Transit, AAATA", "network:wikidata": "Q4766233", "brand": null, "phone:aaata": null, "ref:aaata": null, "ref:umich": null, "route_ref:aaata": null, "website:aaata": null, "website:aaata:maps": null, "website:umich:map": null, "website:umich:routes": null, "wheelchair": null, "check_date:shelter": null, "note": null, "passenger_information_display": "no", "network:wikipedia": null, "alt_name": "U-M Hospital", "local_ref": null, "ref:signed": null, "operator:wikidata": null, "operator:wikipedia": null, "mapillary": null, "route_ref": null, "survey:date": null, "covered": null, "arrival_times:description": null, "phone": null, "surface": null, "website": null, "website:map": null, "wheelchair:description": null, "departures_board": null, "source": null, "source:date": null, "check_date:bench": null, "smoothness": null, "description:arrival_times": null, "check_date": null, "check_date:lit": null, "check_date:tactile_paving": null, "fixme": null, "paving_stones:material": null, "sign": null, "railway": null, "railway:ref": null, "train": null }, "geometry": { "type": "Point", "coordinates": [ -83.7309763, 42.281972 ] } },
{ "type": "Feature", "properties": { "index": 333, "element": "node", "id": 1458141597, "bench": "yes", "bin": "yes", "bus": "yes", "description": null, "highway": "bus_stop", "lit": "yes", "name": "U-M Hospital", "operator": "AAATA", "public_transport": "platform", "ref": "M304", "shelter": "yes", "tactile_paving": "no", "network": "AAATA", "network:wikidata": "Q4766233", "brand": null, "phone:aaata": null, "ref:aaata": null, "ref:umich": null, "route_ref:aaata": null, "website:aaata": null, "website:aaata:maps": null, "website:umich:map": null, "website:umich:routes": null, "wheelchair": null, "check_date:shelter": "2025-09-10", "note": null, "passenger_information_display": null, "network:wikipedia": null, "alt_name": null, "local_ref": null, "ref:signed": null, "operator:wikidata": null, "operator:wikipedia": null, "mapillary": null, "route_ref": null, "survey:date": null, "covered": null, "arrival_times:description": null, "phone": null, "surface": null, "website": null, "website:map": null, "wheelchair:description": null, "departures_board": null, "source": null, "source:date": null, "check_date:bench": null, "smoothness": null, "description:arrival_times": null, "check_date": null, "check_date:lit": null, "check_date:tactile_paving": null, "fixme": null, "paving_stones:material": null, "sign": null, "railway": null, "railway:ref": null, "train": null }, "geometry": { "type": "Point", "coordinates": [ -83.7312526, 42.2819898 ] } },
{ "type": "Feature", "properties": { "index": 334, "element": "node", "id": 1455616873, "bench": "no", "bin": "no", "bus": "yes", "description": null, "highway": "bus_stop", "lit": "no", "name": "Biomedical Science Research Building", "operator": "U-M and AAATA", "public_transport": "platform", "ref": "M307", "shelter": "no", "tactile_paving": "no", "network": "AAATA", "network:wikidata": "Q4766233", "brand": null, "phone:aaata": null, "ref:aaata": null, "ref:umich": null, "route_ref:aaata": null, "website:aaata": null, "website:aaata:maps": null, "website:umich:map": null, "website:umich:routes": null, "wheelchair": null, "check_date:shelter": "2025-09-10", "note": null, "passenger_information_display": "no", "network:wikipedia": null, "alt_name": null, "local_ref": null, "ref:signed": null, "operator:wikidata": null, "operator:wikipedia": null, "mapillary": null, "route_ref": null, "survey:date": null, "covered": null, "arrival_times:description": null, "phone": null, "surface": null, "website": null, "website:map": null, "wheelchair:description": null, "departures_board": null, "source": null, "source:date": null, "check_date:bench": null, "smoothness": null, "description:arrival_times": null, "check_date": null, "check_date:lit": null, "check_date:tactile_paving": null, "fixme": null, "paving_stones:material": null, "sign": null, "railway": null, "railway:ref": null, "train": null }, "geometry": { "type": "Point", "coordinates": [ -83.7336191, 42.282004 ] } },
{ "type": "Feature", "properties": { "index": 335, "element": "node", "id": 5538505935, "bench": "no", "bin": null, "bus": "yes", "description": null, "highway": "bus_stop", "lit": null, "name": "Ann + Ingalls", "operator": "AAATA", "public_transport": "platform", "ref": null, "shelter": "no", "tactile_paving": null, "network": "AAATA", "network:wikidata": "Q4766233", "brand": null, "phone:aaata": null, "ref:aaata": null, "ref:umich": null, "route_ref:aaata": null, "website:aaata": null, "website:aaata:maps": null, "website:umich:map": null, "website:umich:routes": null, "wheelchair": null, "check_date:shelter": null, "note": null, "passenger_information_display": null, "network:wikipedia": null, "alt_name": null, "local_ref": null, "ref:signed": "no", "operator:wikidata": null, "operator:wikipedia": null, "mapillary": null, "route_ref": null, "survey:date": null, "covered": null, "arrival_times:description": null, "phone": null, "surface": null, "website": null, "website:map": null, "wheelchair:description": null, "departures_board": null, "source": null, "source:date": null, "check_date:bench": null, "smoothness": null, "description:arrival_times": null, "check_date": null, "check_date:lit": null, "check_date:tactile_paving": null, "fixme": null, "paving_stones:material": null, "sign": null, "railway": null, "railway:ref": null, "train": null }, "geometry": { "type": "Point", "coordinates": [ -83.7387285, 42.2820829 ] } },
{ "type": "Feature", "properties": { "index": 336, "element": "node", "id": 1455616872, "bench": "no", "bin": "no", "bus": "yes", "description": null, "highway": "bus_stop", "lit": "no", "name": null, "operator": "U-M and AAATA", "public_transport": "platform", "ref": "M305", "shelter": "no", "tactile_paving": "no", "network": "AAATA", "network:wikidata": "Q4766233", "brand": null, "phone:aaata": null, "ref:aaata": null, "ref:umich": null, "route_ref:aaata": null, "website:aaata": null, "website:aaata:maps": null, "website:umich:map": null, "website:umich:routes": null, "wheelchair": null, "check_date:shelter": "2025-09-10", "note": "Also #4A", "passenger_information_display": "no", "network:wikipedia": null, "alt_name": null, "local_ref": null, "ref:signed": null, "operator:wikidata": null, "operator:wikipedia": null, "mapillary": null, "route_ref": null, "survey:date": null, "covered": null, "arrival_times:description": null, "phone": null, "surface": null, "website": null, "website:map": null, "wheelchair:description": null, "departures_board": null, "source": null, "source:date": null, "check_date:bench": null, "smoothness": null, "description:arrival_times": null, "check_date": null, "check_date:lit": null, "check_date:tactile_paving": null, "fixme": null, "paving_stones:material": null, "sign": null, "railway": null, "railway:ref": null, "train": null }, "geometry": { "type": "Point", "coordinates": [ -83.733249, 42.2822461 ] } },
{ "type": "Feature", "properties": { "index": 337, "element": "node", "id": 4926922355, "bench": "no", "bin": "no", "bus": "yes", "description": null, "highway": "bus_stop", "lit": null, "name": "Ingalls + Catherine", "operator": "AAATA", "public_transport": "platform", "ref": null, "shelter": "no", "tactile_paving": "no", "network": "AAATA", "network:wikidata": "Q4766233", "brand": null, "phone:aaata": null, "ref:aaata": null, "ref:umich": null, "route_ref:aaata": null, "website:aaata": null, "website:aaata:maps": null, "website:umich:map": null, "website:umich:routes": null, "wheelchair": null, "check_date:shelter": null, "note": null, "passenger_information_display": null, "network:wikipedia": null, "alt_name": null, "local_ref": null, "ref:signed": "no", "operator:wikidata": null, "operator:wikipedia": null, "mapillary": null, "route_ref": null, "survey:date": null, "covered": null, "arrival_times:description": null, "phone": null, "surface": null, "website": null, "website:map": null, "wheelchair:description": null, "departures_board": null, "source": null, "source:date": null, "check_date:bench": null, "smoothness": null, "description:arrival_times": null, "check_date": null, "check_date:lit": null, "check_date:tactile_paving": null, "fixme": null, "paving_stones:material": null, "sign": null, "railway": null, "railway:ref": null, "train": null }, "geometry": { "type": "Point", "coordinates": [ -83.7384285, 42.2830208 ] } },
{ "type": "Feature", "properties": { "index": 338, "element": "node", "id": 9435407948, "bench": "no", "bin": "no", "bus": "yes", "description": null, "highway": "bus_stop", "lit": null, "name": null, "operator": null, "public_transport": "platform", "ref": null, "shelter": "no", "tactile_paving": "no", "network": "AAATA", "network:wikidata": "Q4766233", "brand": null, "phone:aaata": null, "ref:aaata": null, "ref:umich": null, "route_ref:aaata": null, "website:aaata": null, "website:aaata:maps": null, "website:umich:map": null, "website:umich:routes": null, "wheelchair": null, "check_date:shelter": null, "note": null, "passenger_information_display": null, "network:wikipedia": null, "alt_name": null, "local_ref": null, "ref:signed": null, "operator:wikidata": null, "operator:wikipedia": null, "mapillary": null, "route_ref": null, "survey:date": null, "covered": null, "arrival_times:description": null, "phone": null, "surface": null, "website": null, "website:map": null, "wheelchair:description": null, "departures_board": null, "source": null, "source:date": null, "check_date:bench": null, "smoothness": null, "description:arrival_times": null, "check_date": null, "check_date:lit": null, "check_date:tactile_paving": null, "fixme": null, "paving_stones:material": null, "sign": null, "railway": null, "railway:ref": null, "train": null }, "geometry": { "type": "Point", "coordinates": [ -83.7358237, 42.2833963 ] } },
{ "type": "Feature", "properties": { "index": 339, "element": "node", "id": 4926922354, "bench": "no", "bin": "yes", "bus": "yes", "description": null, "highway": "bus_stop", "lit": null, "name": "North Ingalls", "operator": "University of Michigan", "public_transport": "platform", "ref": "M311", "shelter": "no", "tactile_paving": "no", "network": "AAATA", "network:wikidata": "Q4766233", "brand": null, "phone:aaata": null, "ref:aaata": null, "ref:umich": null, "route_ref:aaata": null, "website:aaata": null, "website:aaata:maps": null, "website:umich:map": null, "website:umich:routes": null, "wheelchair": null, "check_date:shelter": null, "note": null, "passenger_information_display": null, "network:wikipedia": null, "alt_name": null, "local_ref": null, "ref:signed": null, "operator:wikidata": null, "operator:wikipedia": null, "mapillary": null, "route_ref": null, "survey:date": null, "covered": null, "arrival_times:description": null, "phone": null, "surface": null, "website": null, "website:map": null, "wheelchair:description": null, "departures_board": null, "source": null, "source:date": null, "check_date:bench": null, "smoothness": null, "description:arrival_times": null, "check_date": null, "check_date:lit": null, "check_date:tactile_paving": null, "fixme": null, "paving_stones:material": null, "sign": null, "railway": null, "railway:ref": null, "train": null }, "geometry": { "type": "Point", "coordinates": [ -83.7383843, 42.2834643 ] } },
{ "type": "Feature", "properties": { "index": 340, "element": "node", "id": 4842839290, "bench": "no", "bin": "no", "bus": "yes", "description": null, "highway": "bus_stop", "lit": "no", "name": "Geddes + Oxford", "operator": null, "public_transport": "platform", "ref": null, "shelter": "no", "tactile_paving": "no", "network": "AAATA", "network:wikidata": "Q4766233", "brand": null, "phone:aaata": null, "ref:aaata": null, "ref:umich": null, "route_ref:aaata": null, "website:aaata": null, "website:aaata:maps": null, "website:umich:map": null, "website:umich:routes": null, "wheelchair": null, "check_date:shelter": null, "note": null, "passenger_information_display": null, "network:wikipedia": null, "alt_name": null, "local_ref": null, "ref:signed": "no", "operator:wikidata": null, "operator:wikipedia": null, "mapillary": null, "route_ref": null, "survey:date": null, "covered": null, "arrival_times:description": null, "phone": null, "surface": null, "website": null, "website:map": null, "wheelchair:description": null, "departures_board": null, "source": null, "source:date": null, "check_date:bench": null, "smoothness": null, "description:arrival_times": null, "check_date": null, "check_date:lit": null, "check_date:tactile_paving": null, "fixme": null, "paving_stones:material": null, "sign": null, "railway": null, "railway:ref": null, "train": null }, "geometry": { "type": "Point", "coordinates": [ -83.7249727, 42.2756304 ] } },
{ "type": "Feature", "properties": { "index": 341, "element": "node", "id": 4842839289, "bench": "no", "bin": "no", "bus": "yes", "description": null, "highway": "bus_stop", "lit": "no", "name": "Geddes + Ridgeway", "operator": null, "public_transport": "platform", "ref": null, "shelter": "no", "tactile_paving": "no", "network": "AAATA", "network:wikidata": "Q4766233", "brand": null, "phone:aaata": null, "ref:aaata": null, "ref:umich": null, "route_ref:aaata": null, "website:aaata": null, "website:aaata:maps": null, "website:umich:map": null, "website:umich:routes": null, "wheelchair": null, "check_date:shelter": null, "note": null, "passenger_information_display": null, "network:wikipedia": null, "alt_name": null, "local_ref": null, "ref:signed": "no", "operator:wikidata": null, "operator:wikipedia": null, "mapillary": null, "route_ref": null, "survey:date": null, "covered": null, "arrival_times:description": null, "phone": null, "surface": null, "website": null, "website:map": null, "wheelchair:description": null, "departures_board": null, "source": null, "source:date": null, "check_date:bench": null, "smoothness": null, "description:arrival_times": null, "check_date": null, "check_date:lit": null, "check_date:tactile_paving": null, "fixme": null, "paving_stones:material": null, "sign": null, "railway": null, "railway:ref": null, "train": null }, "geometry": { "type": "Point", "coordinates": [ -83.7249257, 42.2757385 ] } },
{ "type": "Feature", "properties": { "index": 342, "element": "node", "id": 9416654027, "bench": null, "bin": null, "bus": "yes", "description": null, "highway": "bus_stop", "lit": null, "name": "University Hospital (Taubman)", "operator": null, "public_transport": "platform", "ref": "M315", "shelter": null, "tactile_paving": null, "network": "AAATA", "network:wikidata": "Q4766233", "brand": null, "phone:aaata": null, "ref:aaata": null, "ref:umich": null, "route_ref:aaata": null, "website:aaata": null, "website:aaata:maps": null, "website:umich:map": null, "website:umich:routes": null, "wheelchair": null, "check_date:shelter": null, "note": null, "passenger_information_display": null, "network:wikipedia": null, "alt_name": null, "local_ref": null, "ref:signed": null, "operator:wikidata": null, "operator:wikipedia": null, "mapillary": null, "route_ref": null, "survey:date": null, "covered": null, "arrival_times:description": null, "phone": null, "surface": null, "website": null, "website:map": null, "wheelchair:description": null, "departures_board": null, "source": null, "source:date": null, "check_date:bench": null, "smoothness": null, "description:arrival_times": null, "check_date": null, "check_date:lit": null, "check_date:tactile_paving": null, "fixme": null, "paving_stones:material": null, "sign": null, "railway": null, "railway:ref": null, "train": null }, "geometry": { "type": "Point", "coordinates": [ -83.7269183, 42.2838504 ] } },
{ "type": "Feature", "properties": { "index": 343, "element": "node", "id": 5763980405, "bench": "yes", "bin": "yes", "bus": "yes", "description": null, "highway": "bus_stop", "lit": "no", "name": "University Hospital (Taubman)", "operator": "U-M and AAATA", "public_transport": "platform", "ref": "M316", "shelter": "yes", "tactile_paving": "no", "network": "AAATA", "network:wikidata": "Q4766233", "brand": null, "phone:aaata": null, "ref:aaata": null, "ref:umich": null, "route_ref:aaata": null, "website:aaata": null, "website:aaata:maps": null, "website:umich:map": null, "website:umich:routes": null, "wheelchair": null, "check_date:shelter": null, "note": null, "passenger_information_display": "no", "network:wikipedia": null, "alt_name": null, "local_ref": null, "ref:signed": null, "operator:wikidata": null, "operator:wikipedia": null, "mapillary": null, "route_ref": null, "survey:date": null, "covered": null, "arrival_times:description": null, "phone": null, "surface": null, "website": null, "website:map": null, "wheelchair:description": null, "departures_board": null, "source": null, "source:date": null, "check_date:bench": null, "smoothness": null, "description:arrival_times": null, "check_date": null, "check_date:lit": null, "check_date:tactile_paving": null, "fixme": null, "paving_stones:material": null, "sign": null, "railway": null, "railway:ref": null, "train": null }, "geometry": { "type": "Point", "coordinates": [ -83.7273375, 42.2840287 ] } },
{ "type": "Feature", "properties": { "index": 344, "element": "node", "id": 12692102609, "bench": "yes", "bin": null, "bus": "yes", "description": null, "highway": "bus_stop", "lit": null, "name": "Lot M-75 Mitchell Field Inbound (2)", "operator": "University of Michigan - Logistics, Transportation & Parking", "public_transport": "platform", "ref": "M353", "shelter": "yes", "tactile_paving": null, "network": "University of Michigan Transit", "network:wikidata": null, "brand": null, "phone:aaata": null, "ref:aaata": null, "ref:umich": null, "route_ref:aaata": null, "website:aaata": null, "website:aaata:maps": null, "website:umich:map": null, "website:umich:routes": null, "wheelchair": null, "check_date:shelter": null, "note": null, "passenger_information_display": null, "network:wikipedia": null, "alt_name": null, "local_ref": null, "ref:signed": null, "operator:wikidata": "Q130321558", "operator:wikipedia": null, "mapillary": null, "route_ref": null, "survey:date": null, "covered": null, "arrival_times:description": null, "phone": null, "surface": null, "website": null, "website:map": null, "wheelchair:description": null, "departures_board": null, "source": null, "source:date": null, "check_date:bench": null, "smoothness": null, "description:arrival_times": null, "check_date": null, "check_date:lit": null, "check_date:tactile_paving": null, "fixme": null, "paving_stones:material": null, "sign": null, "railway": null, "railway:ref": null, "train": null }, "geometry": { "type": "Point", "coordinates": [ -83.7237173, 42.2867801 ] } },
{ "type": "Feature", "properties": { "index": 345, "element": "node", "id": 12692102610, "bench": "yes", "bin": null, "bus": "yes", "description": null, "highway": "bus_stop", "lit": null, "name": "Lot M-75 Mitchell Field Inbound (1)", "operator": "University of Michigan - Logistics, Transportation & Parking", "public_transport": "platform", "ref": "M352", "shelter": "yes", "tactile_paving": null, "network": "University of Michigan Transit", "network:wikidata": null, "brand": null, "phone:aaata": null, "ref:aaata": null, "ref:umich": null, "route_ref:aaata": null, "website:aaata": null, "website:aaata:maps": null, "website:umich:map": null, "website:umich:routes": null, "wheelchair": null, "check_date:shelter": null, "note": null, "passenger_information_display": null, "network:wikipedia": null, "alt_name": null, "local_ref": null, "ref:signed": null, "operator:wikidata": "Q130321558", "operator:wikipedia": null, "mapillary": null, "route_ref": null, "survey:date": null, "covered": null, "arrival_times:description": null, "phone": null, "surface": null, "website": null, "website:map": null, "wheelchair:description": null, "departures_board": null, "source": null, "source:date": null, "check_date:bench": null, "smoothness": null, "description:arrival_times": null, "check_date": null, "check_date:lit": null, "check_date:tactile_paving": null, "fixme": null, "paving_stones:material": null, "sign": null, "railway": null, "railway:ref": null, "train": null }, "geometry": { "type": "Point", "coordinates": [ -83.7225673, 42.2868053 ] } },
{ "type": "Feature", "properties": { "index": 346, "element": "node", "id": 12185186599, "bench": "no", "bin": null, "bus": "yes", "description": null, "highway": "bus_stop", "lit": null, "name": "Fuller Rd at Mitchell Field Lot M-75", "operator": "University of Michigan - Logistics, Transportation & Parking", "public_transport": "platform", "ref": "N350", "shelter": "no", "tactile_paving": null, "network": "University of Michigan Transit", "network:wikidata": null, "brand": null, "phone:aaata": null, "ref:aaata": null, "ref:umich": null, "route_ref:aaata": null, "website:aaata": null, "website:aaata:maps": null, "website:umich:map": null, "website:umich:routes": null, "wheelchair": null, "check_date:shelter": null, "note": null, "passenger_information_display": null, "network:wikipedia": null, "alt_name": null, "local_ref": null, "ref:signed": null, "operator:wikidata": "Q130321558", "operator:wikipedia": null, "mapillary": null, "route_ref": null, "survey:date": null, "covered": null, "arrival_times:description": null, "phone": null, "surface": null, "website": null, "website:map": null, "wheelchair:description": null, "departures_board": null, "source": null, "source:date": null, "check_date:bench": null, "smoothness": null, "description:arrival_times": null, "check_date": null, "check_date:lit": null, "check_date:tactile_paving": null, "fixme": null, "paving_stones:material": null, "sign": null, "railway": null, "railway:ref": null, "train": null }, "geometry": { "type": "Point", "coordinates": [ -83.7232073, 42.2870282 ] } },
{ "type": "Feature", "properties": { "index": 347, "element": "node", "id": 12185186597, "bench": "yes", "bin": null, "bus": "yes", "description": null, "highway": "bus_stop", "lit": null, "name": "Fuller Rd at Lot NC-78 Mitchell Field (1)", "operator": "University of Michigan - Logistics, Transportation & Parking", "public_transport": "platform", "ref": "N450", "shelter": "yes", "tactile_paving": null, "network": "University of Michigan Transit", "network:wikidata": null, "brand": null, "phone:aaata": null, "ref:aaata": null, "ref:umich": null, "route_ref:aaata": null, "website:aaata": null, "website:aaata:maps": null, "website:umich:map": null, "website:umich:routes": null, "wheelchair": null, "check_date:shelter": null, "note": null, "passenger_information_display": null, "network:wikipedia": null, "alt_name": null, "local_ref": null, "ref:signed": null, "operator:wikidata": "Q130321558", "operator:wikipedia": null, "mapillary": null, "route_ref": null, "survey:date": null, "covered": null, "arrival_times:description": null, "phone": null, "surface": null, "website": null, "website:map": null, "wheelchair:description": null, "departures_board": null, "source": null, "source:date": null, "check_date:bench": null, "smoothness": null, "description:arrival_times": null, "check_date": null, "check_date:lit": null, "check_date:tactile_paving": null, "fixme": null, "paving_stones:material": null, "sign": null, "railway": null, "railway:ref": null, "train": null }, "geometry": { "type": "Point", "coordinates": [ -83.7227106, 42.2873083 ] } },
{ "type": "Feature", "properties": { "index": 348, "element": "node", "id": 6790491150, "bench": "yes", "bin": "yes", "bus": "yes", "description": null, "highway": "bus_stop", "lit": "yes", "name": null, "operator": "AATA", "public_transport": "platform", "ref": "3, 66", "shelter": "yes", "tactile_paving": "no", "network": "AAATA", "network:wikidata": "Q4766233", "brand": null, "phone:aaata": null, "ref:aaata": null, "ref:umich": null, "route_ref:aaata": null, "website:aaata": null, "website:aaata:maps": null, "website:umich:map": null, "website:umich:routes": null, "wheelchair": null, "check_date:shelter": null, "note": null, "passenger_information_display": null, "network:wikipedia": null, "alt_name": null, "local_ref": null, "ref:signed": null, "operator:wikidata": null, "operator:wikipedia": null, "mapillary": null, "route_ref": null, "survey:date": null, "covered": null, "arrival_times:description": null, "phone": null, "surface": null, "website": null, "website:map": null, "wheelchair:description": null, "departures_board": "no", "source": null, "source:date": null, "check_date:bench": null, "smoothness": null, "description:arrival_times": null, "check_date": null, "check_date:lit": null, "check_date:tactile_paving": null, "fixme": null, "paving_stones:material": null, "sign": null, "railway": null, "railway:ref": null, "train": null }, "geometry": { "type": "Point", "coordinates": [ -83.7178489, 42.2875618 ] } },
{ "type": "Feature", "properties": { "index": 349, "element": "node", "id": 955598825, "bench": "yes", "bin": "no", "bus": "yes", "description": null, "highway": "bus_stop", "lit": "yes", "name": "Art & Architechture", "operator": "University of Michigan;AAATA", "public_transport": "platform", "ref": "N552", "shelter": "no", "tactile_paving": "no", "network": "Commuter North;22;AAATA", "network:wikidata": "Q4766233", "brand": null, "phone:aaata": null, "ref:aaata": null, "ref:umich": null, "route_ref:aaata": null, "website:aaata": null, "website:aaata:maps": null, "website:umich:map": null, "website:umich:routes": null, "wheelchair": null, "check_date:shelter": null, "note": null, "passenger_information_display": null, "network:wikipedia": null, "alt_name": null, "local_ref": null, "ref:signed": null, "operator:wikidata": null, "operator:wikipedia": null, "mapillary": null, "route_ref": null, "survey:date": null, "covered": null, "arrival_times:description": null, "phone": null, "surface": null, "website": null, "website:map": null, "wheelchair:description": null, "departures_board": null, "source": null, "source:date": null, "check_date:bench": null, "smoothness": null, "description:arrival_times": null, "check_date": null, "check_date:lit": null, "check_date:tactile_paving": null, "fixme": null, "paving_stones:material": null, "sign": null, "railway": null, "railway:ref": null, "train": null }, "geometry": { "type": "Point", "coordinates": [ -83.7166559, 42.2901821 ] } },
{ "type": "Feature", "properties": { "index": 350, "element": "node", "id": 9435266256, "bench": "no", "bin": "no", "bus": "yes", "description": null, "highway": "bus_stop", "lit": null, "name": null, "operator": null, "public_transport": "platform", "ref": null, "shelter": "no", "tactile_paving": "no", "network": "AAATA", "network:wikidata": "Q4766233", "brand": null, "phone:aaata": null, "ref:aaata": null, "ref:umich": null, "route_ref:aaata": null, "website:aaata": null, "website:aaata:maps": null, "website:umich:map": null, "website:umich:routes": null, "wheelchair": null, "check_date:shelter": null, "note": null, "passenger_information_display": null, "network:wikipedia": null, "alt_name": null, "local_ref": null, "ref:signed": null, "operator:wikidata": null, "operator:wikipedia": null, "mapillary": null, "route_ref": null, "survey:date": null, "covered": null, "arrival_times:description": null, "phone": null, "surface": null, "website": null, "website:map": null, "wheelchair:description": null, "departures_board": null, "source": null, "source:date": null, "check_date:bench": null, "smoothness": null, "description:arrival_times": null, "check_date": null, "check_date:lit": null, "check_date:tactile_paving": null, "fixme": null, "paving_stones:material": null, "sign": null, "railway": null, "railway:ref": null, "train": null }, "geometry": { "type": "Point", "coordinates": [ -83.7356106, 42.2834706 ] } },
{ "type": "Feature", "properties": { "index": 351, "element": "node", "id": 12185209785, "bench": "no", "bin": null, "bus": "yes", "description": null, "highway": "bus_stop", "lit": null, "name": "Glen/Catherine Outbound", "operator": "University of Michigan - Logistics, Transportation & Parking", "public_transport": "platform", "ref": "M309", "shelter": "no", "tactile_paving": null, "network": "University of Michigan Transit", "network:wikidata": null, "brand": null, "phone:aaata": null, "ref:aaata": null, "ref:umich": null, "route_ref:aaata": null, "website:aaata": null, "website:aaata:maps": null, "website:umich:map": null, "website:umich:routes": null, "wheelchair": null, "check_date:shelter": null, "note": null, "passenger_information_display": null, "network:wikipedia": null, "alt_name": null, "local_ref": null, "ref:signed": null, "operator:wikidata": "Q130321558", "operator:wikipedia": null, "mapillary": null, "route_ref": null, "survey:date": null, "covered": null, "arrival_times:description": null, "phone": null, "surface": null, "website": null, "website:map": null, "wheelchair:description": null, "departures_board": null, "source": null, "source:date": null, "check_date:bench": null, "smoothness": null, "description:arrival_times": null, "check_date": null, "check_date:lit": null, "check_date:tactile_paving": null, "fixme": null, "paving_stones:material": null, "sign": null, "railway": null, "railway:ref": null, "train": null }, "geometry": { "type": "Point", "coordinates": [ -83.7356114, 42.2834779 ] } },
{ "type": "Feature", "properties": { "index": 352, "element": "node", "id": 12185209783, "bench": "no", "bin": null, "bus": "yes", "description": null, "highway": "bus_stop", "lit": null, "name": "Glen/Catherine Inbound (Temporary)", "operator": "University of Michigan - Logistics, Transportation & Parking", "public_transport": "platform", "ref": "M310", "shelter": "no", "tactile_paving": null, "network": "University of Michigan Transit", "network:wikidata": null, "brand": null, "phone:aaata": null, "ref:aaata": null, "ref:umich": null, "route_ref:aaata": null, "website:aaata": null, "website:aaata:maps": null, "website:umich:map": null, "website:umich:routes": null, "wheelchair": null, "check_date:shelter": null, "note": "Temporary stop until construction at 213 Glen is completed.", "passenger_information_display": null, "network:wikipedia": null, "alt_name": null, "local_ref": null, "ref:signed": null, "operator:wikidata": "Q130321558", "operator:wikipedia": null, "mapillary": null, "route_ref": null, "survey:date": null, "covered": null, "arrival_times:description": null, "phone": null, "surface": null, "website": null, "website:map": null, "wheelchair:description": null, "departures_board": null, "source": null, "source:date": null, "check_date:bench": null, "smoothness": null, "description:arrival_times": null, "check_date": "2024-09-18", "check_date:lit": null, "check_date:tactile_paving": null, "fixme": null, "paving_stones:material": null, "sign": null, "railway": null, "railway:ref": null, "train": null }, "geometry": { "type": "Point", "coordinates": [ -83.735886, 42.2841753 ] } },
{ "type": "Feature", "properties": { "index": 353, "element": "node", "id": 9416654028, "bench": null, "bin": null, "bus": "yes", "description": null, "highway": "bus_stop", "lit": null, "name": null, "operator": null, "public_transport": "platform", "ref": "M319", "shelter": null, "tactile_paving": null, "network": null, "network:wikidata": null, "brand": null, "phone:aaata": null, "ref:aaata": null, "ref:umich": null, "route_ref:aaata": null, "website:aaata": null, "website:aaata:maps": null, "website:umich:map": null, "website:umich:routes": null, "wheelchair": null, "check_date:shelter": null, "note": null, "passenger_information_display": null, "network:wikipedia": null, "alt_name": null, "local_ref": null, "ref:signed": null, "operator:wikidata": null, "operator:wikipedia": null, "mapillary": null, "route_ref": null, "survey:date": null, "covered": null, "arrival_times:description": null, "phone": null, "surface": null, "website": null, "website:map": null, "wheelchair:description": null, "departures_board": null, "source": null, "source:date": null, "check_date:bench": null, "smoothness": null, "description:arrival_times": null, "check_date": null, "check_date:lit": null, "check_date:tactile_paving": null, "fixme": null, "paving_stones:material": null, "sign": null, "railway": null, "railway:ref": null, "train": null }, "geometry": { "type": "Point", "coordinates": [ -83.730184, 42.2854553 ] } },
{ "type": "Feature", "properties": { "index": 354, "element": "node", "id": 4964930145, "bench": "no", "bin": null, "bus": "yes", "description": null, "highway": "bus_stop", "lit": null, "name": "Moore + Traver", "operator": "AAATA", "public_transport": "platform", "ref": null, "shelter": "no", "tactile_paving": null, "network": "AAATA", "network:wikidata": "Q4766233", "brand": null, "phone:aaata": null, "ref:aaata": null, "ref:umich": null, "route_ref:aaata": null, "website:aaata": null, "website:aaata:maps": null, "website:umich:map": null, "website:umich:routes": null, "wheelchair": null, "check_date:shelter": null, "note": null, "passenger_information_display": null, "network:wikipedia": null, "alt_name": null, "local_ref": null, "ref:signed": null, "operator:wikidata": null, "operator:wikipedia": null, "mapillary": null, "route_ref": null, "survey:date": null, "covered": null, "arrival_times:description": null, "phone": null, "surface": null, "website": null, "website:map": null, "wheelchair:description": null, "departures_board": null, "source": null, "source:date": null, "check_date:bench": null, "smoothness": null, "description:arrival_times": null, "check_date": null, "check_date:lit": null, "check_date:tactile_paving": null, "fixme": null, "paving_stones:material": null, "sign": null, "railway": null, "railway:ref": null, "train": null }, "geometry": { "type": "Point", "coordinates": [ -83.7388139, 42.2902903 ] } },
{ "type": "Feature", "properties": { "index": 355, "element": "node", "id": 6010983907, "bench": "yes", "bin": null, "bus": "yes", "description": null, "highway": "bus_stop", "lit": null, "name": "Plymouth + Barton", "operator": "AAATA", "public_transport": "platform", "ref": null, "shelter": "yes", "tactile_paving": null, "network": "AAATA", "network:wikidata": "Q4766233", "brand": null, "phone:aaata": null, "ref:aaata": null, "ref:umich": null, "route_ref:aaata": null, "website:aaata": null, "website:aaata:maps": null, "website:umich:map": null, "website:umich:routes": null, "wheelchair": null, "check_date:shelter": null, "note": "Busses 23 and 65", "passenger_information_display": null, "network:wikipedia": null, "alt_name": null, "local_ref": null, "ref:signed": null, "operator:wikidata": null, "operator:wikipedia": null, "mapillary": null, "route_ref": null, "survey:date": null, "covered": null, "arrival_times:description": null, "phone": null, "surface": null, "website": null, "website:map": null, "wheelchair:description": null, "departures_board": null, "source": null, "source:date": null, "check_date:bench": null, "smoothness": null, "description:arrival_times": null, "check_date": null, "check_date:lit": null, "check_date:tactile_paving": null, "fixme": null, "paving_stones:material": null, "sign": null, "railway": null, "railway:ref": null, "train": null }, "geometry": { "type": "Point", "coordinates": [ -83.7309225, 42.2962168 ] } },
{ "type": "Feature", "properties": { "index": 356, "element": "node", "id": 9898237795, "bench": "yes", "bin": null, "bus": "yes", "description": null, "highway": "bus_stop", "lit": null, "name": "Plymouth + Barton", "operator": "AAATA", "public_transport": "platform", "ref": null, "shelter": null, "tactile_paving": null, "network": "AAATA", "network:wikidata": "Q4766233", "brand": null, "phone:aaata": null, "ref:aaata": null, "ref:umich": null, "route_ref:aaata": null, "website:aaata": null, "website:aaata:maps": null, "website:umich:map": null, "website:umich:routes": null, "wheelchair": null, "check_date:shelter": null, "note": "Busses 23 and 65", "passenger_information_display": null, "network:wikipedia": null, "alt_name": null, "local_ref": null, "ref:signed": null, "operator:wikidata": null, "operator:wikipedia": null, "mapillary": null, "route_ref": null, "survey:date": null, "covered": null, "arrival_times:description": null, "phone": null, "surface": null, "website": null, "website:map": null, "wheelchair:description": null, "departures_board": null, "source": null, "source:date": null, "check_date:bench": null, "smoothness": null, "description:arrival_times": null, "check_date": null, "check_date:lit": null, "check_date:tactile_paving": null, "fixme": null, "paving_stones:material": null, "sign": null, "railway": null, "railway:ref": null, "train": null }, "geometry": { "type": "Point", "coordinates": [ -83.7301936, 42.2963888 ] } },
{ "type": "Feature", "properties": { "index": 357, "element": "node", "id": 9878273942, "bench": null, "bin": null, "bus": "yes", "description": null, "highway": "bus_stop", "lit": null, "name": "Pontiac + Arrowwood", "operator": "AAATA", "public_transport": "platform", "ref": "1562", "shelter": null, "tactile_paving": null, "network": "AAATA", "network:wikidata": "Q4766233", "brand": null, "phone:aaata": null, "ref:aaata": null, "ref:umich": null, "route_ref:aaata": null, "website:aaata": null, "website:aaata:maps": null, "website:umich:map": null, "website:umich:routes": null, "wheelchair": null, "check_date:shelter": null, "note": null, "passenger_information_display": null, "network:wikipedia": null, "alt_name": "Arrowwood Hills", "local_ref": null, "ref:signed": null, "operator:wikidata": null, "operator:wikipedia": null, "mapillary": null, "route_ref": null, "survey:date": null, "covered": null, "arrival_times:description": null, "phone": null, "surface": null, "website": null, "website:map": null, "wheelchair:description": null, "departures_board": null, "source": null, "source:date": null, "check_date:bench": null, "smoothness": null, "description:arrival_times": null, "check_date": null, "check_date:lit": null, "check_date:tactile_paving": null, "fixme": null, "paving_stones:material": null, "sign": null, "railway": null, "railway:ref": null, "train": null }, "geometry": { "type": "Point", "coordinates": [ -83.7351276, 42.3063305 ] } },
{ "type": "Feature", "properties": { "index": 358, "element": "node", "id": 9878273929, "bench": null, "bin": null, "bus": "yes", "description": null, "highway": "bus_stop", "lit": null, "name": "Pontiac + Arrowwood", "operator": "AAATA", "public_transport": "platform", "ref": "1560", "shelter": null, "tactile_paving": null, "network": "AAATA", "network:wikidata": "Q4766233", "brand": null, "phone:aaata": null, "ref:aaata": null, "ref:umich": null, "route_ref:aaata": null, "website:aaata": null, "website:aaata:maps": null, "website:umich:map": null, "website:umich:routes": null, "wheelchair": null, "check_date:shelter": null, "note": null, "passenger_information_display": null, "network:wikipedia": null, "alt_name": "Arrowwood Hills", "local_ref": null, "ref:signed": null, "operator:wikidata": null, "operator:wikipedia": null, "mapillary": null, "route_ref": null, "survey:date": null, "covered": null, "arrival_times:description": null, "phone": null, "surface": null, "website": null, "website:map": null, "wheelchair:description": null, "departures_board": null, "source": null, "source:date": null, "check_date:bench": null, "smoothness": null, "description:arrival_times": null, "check_date": null, "check_date:lit": null, "check_date:tactile_paving": null, "fixme": null, "paving_stones:material": null, "sign": null, "railway": null, "railway:ref": null, "train": null }, "geometry": { "type": "Point", "coordinates": [ -83.73483, 42.3079646 ] } },
{ "type": "Feature", "properties": { "index": 359, "element": "node", "id": 13252701278, "bench": null, "bin": null, "bus": "yes", "description": null, "highway": "bus_stop", "lit": null, "name": null, "operator": null, "public_transport": "platform", "ref": null, "shelter": null, "tactile_paving": null, "network": null, "network:wikidata": null, "brand": null, "phone:aaata": null, "ref:aaata": null, "ref:umich": null, "route_ref:aaata": null, "website:aaata": null, "website:aaata:maps": null, "website:umich:map": null, "website:umich:routes": null, "wheelchair": null, "check_date:shelter": null, "note": null, "passenger_information_display": null, "network:wikipedia": null, "alt_name": null, "local_ref": null, "ref:signed": null, "operator:wikidata": null, "operator:wikipedia": null, "mapillary": null, "route_ref": null, "survey:date": null, "covered": null, "arrival_times:description": null, "phone": null, "surface": null, "website": null, "website:map": null, "wheelchair:description": null, "departures_board": null, "source": null, "source:date": null, "check_date:bench": null, "smoothness": null, "description:arrival_times": null, "check_date": null, "check_date:lit": null, "check_date:tactile_paving": null, "fixme": null, "paving_stones:material": null, "sign": null, "railway": null, "railway:ref": null, "train": null }, "geometry": { "type": "Point", "coordinates": [ -83.7320985, 42.3163956 ] } },
{ "type": "Feature", "properties": { "index": 360, "element": "node", "id": 10906823488, "bench": "no", "bin": "no", "bus": "yes", "description": null, "highway": "bus_stop", "lit": "yes", "name": "Northwood III Inbound", "operator": "University of Michigan", "public_transport": "platform", "ref": "N413", "shelter": "no", "tactile_paving": "no", "network": null, "network:wikidata": null, "brand": null, "phone:aaata": null, "ref:aaata": null, "ref:umich": null, "route_ref:aaata": null, "website:aaata": null, "website:aaata:maps": null, "website:umich:map": null, "website:umich:routes": null, "wheelchair": null, "check_date:shelter": null, "note": null, "passenger_information_display": null, "network:wikipedia": null, "alt_name": null, "local_ref": null, "ref:signed": null, "operator:wikidata": null, "operator:wikipedia": null, "mapillary": null, "route_ref": null, "survey:date": null, "covered": null, "arrival_times:description": null, "phone": null, "surface": null, "website": null, "website:map": null, "wheelchair:description": null, "departures_board": null, "source": null, "source:date": null, "check_date:bench": null, "smoothness": null, "description:arrival_times": null, "check_date": null, "check_date:lit": null, "check_date:tactile_paving": null, "fixme": null, "paving_stones:material": null, "sign": null, "railway": null, "railway:ref": null, "train": null }, "geometry": { "type": "Point", "coordinates": [ -83.7182392, 42.2949384 ] } },
{ "type": "Feature", "properties": { "index": 361, "element": "node", "id": 4200368787, "bench": "no", "bin": null, "bus": "yes", "description": null, "highway": "bus_stop", "lit": null, "name": null, "operator": "Ann Arbor Area Transportation Authority", "public_transport": "platform", "ref": null, "shelter": "no", "tactile_paving": null, "network": null, "network:wikidata": null, "brand": null, "phone:aaata": null, "ref:aaata": null, "ref:umich": null, "route_ref:aaata": null, "website:aaata": null, "website:aaata:maps": null, "website:umich:map": null, "website:umich:routes": null, "wheelchair": null, "check_date:shelter": null, "note": null, "passenger_information_display": null, "network:wikipedia": null, "alt_name": null, "local_ref": null, "ref:signed": null, "operator:wikidata": null, "operator:wikipedia": null, "mapillary": null, "route_ref": null, "survey:date": null, "covered": "no", "arrival_times:description": null, "phone": null, "surface": null, "website": null, "website:map": null, "wheelchair:description": null, "departures_board": null, "source": null, "source:date": null, "check_date:bench": null, "smoothness": null, "description:arrival_times": null, "check_date": null, "check_date:lit": null, "check_date:tactile_paving": null, "fixme": null, "paving_stones:material": null, "sign": null, "railway": null, "railway:ref": null, "train": null }, "geometry": { "type": "Point", "coordinates": [ -83.7208101, 42.2978133 ] } },
{ "type": "Feature", "properties": { "index": 362, "element": "node", "id": 4200368786, "bench": "yes", "bin": "yes", "bus": "yes", "description": null, "highway": "bus_stop", "lit": null, "name": null, "operator": "Ann Arbor Area Transportation Authority", "public_transport": "platform", "ref": null, "shelter": "no", "tactile_paving": null, "network": null, "network:wikidata": null, "brand": null, "phone:aaata": null, "ref:aaata": null, "ref:umich": null, "route_ref:aaata": null, "website:aaata": null, "website:aaata:maps": null, "website:umich:map": null, "website:umich:routes": null, "wheelchair": null, "check_date:shelter": null, "note": null, "passenger_information_display": null, "network:wikipedia": null, "alt_name": null, "local_ref": null, "ref:signed": null, "operator:wikidata": null, "operator:wikipedia": null, "mapillary": null, "route_ref": null, "survey:date": null, "covered": "no", "arrival_times:description": null, "phone": null, "surface": null, "website": null, "website:map": null, "wheelchair:description": null, "departures_board": null, "source": null, "source:date": null, "check_date:bench": null, "smoothness": null, "description:arrival_times": null, "check_date": null, "check_date:lit": null, "check_date:tactile_paving": null, "fixme": null, "paving_stones:material": null, "sign": null, "railway": null, "railway:ref": null, "train": null }, "geometry": { "type": "Point", "coordinates": [ -83.7209226, 42.2980478 ] } },
{ "type": "Feature", "properties": { "index": 363, "element": "node", "id": 3142153830, "bench": "yes", "bin": null, "bus": "yes", "description": null, "highway": "bus_stop", "lit": null, "name": null, "operator": "Ann Arbor Area Transportation Authority", "public_transport": "platform", "ref": null, "shelter": "yes", "tactile_paving": null, "network": null, "network:wikidata": null, "brand": null, "phone:aaata": null, "ref:aaata": null, "ref:umich": null, "route_ref:aaata": null, "website:aaata": null, "website:aaata:maps": null, "website:umich:map": null, "website:umich:routes": null, "wheelchair": null, "check_date:shelter": "2025-02-25", "note": null, "passenger_information_display": null, "network:wikipedia": null, "alt_name": null, "local_ref": null, "ref:signed": null, "operator:wikidata": null, "operator:wikipedia": null, "mapillary": null, "route_ref": null, "survey:date": null, "covered": null, "arrival_times:description": null, "phone": null, "surface": null, "website": null, "website:map": null, "wheelchair:description": null, "departures_board": null, "source": null, "source:date": null, "check_date:bench": null, "smoothness": null, "description:arrival_times": null, "check_date": null, "check_date:lit": null, "check_date:tactile_paving": null, "fixme": null, "paving_stones:material": null, "sign": null, "railway": null, "railway:ref": null, "train": null }, "geometry": { "type": "Point", "coordinates": [ -83.7176181, 42.2989969 ] } },
{ "type": "Feature", "properties": { "index": 364, "element": "node", "id": 9878273930, "bench": null, "bin": null, "bus": "yes", "description": null, "highway": "bus_stop", "lit": null, "name": "Dhu Varren + Carrot Way", "operator": "AAATA", "public_transport": "platform", "ref": "1698", "shelter": null, "tactile_paving": null, "network": "AAATA", "network:wikidata": "Q4766233", "brand": null, "phone:aaata": null, "ref:aaata": null, "ref:umich": null, "route_ref:aaata": null, "website:aaata": null, "website:aaata:maps": null, "website:umich:map": null, "website:umich:routes": null, "wheelchair": null, "check_date:shelter": null, "note": null, "passenger_information_display": null, "network:wikipedia": null, "alt_name": null, "local_ref": null, "ref:signed": null, "operator:wikidata": null, "operator:wikipedia": null, "mapillary": null, "route_ref": null, "survey:date": null, "covered": null, "arrival_times:description": null, "phone": null, "surface": null, "website": null, "website:map": null, "wheelchair:description": null, "departures_board": null, "source": null, "source:date": null, "check_date:bench": null, "smoothness": null, "description:arrival_times": null, "check_date": null, "check_date:lit": null, "check_date:tactile_paving": null, "fixme": null, "paving_stones:material": null, "sign": null, "railway": null, "railway:ref": null, "train": null }, "geometry": { "type": "Point", "coordinates": [ -83.7273032, 42.3164873 ] } },
{ "type": "Feature", "properties": { "index": 365, "element": "node", "id": 9878273931, "bench": null, "bin": null, "bus": "yes", "description": null, "highway": "bus_stop", "lit": null, "name": "Dhu Varren + Carrot Way", "operator": "AAATA", "public_transport": "platform", "ref": "1836", "shelter": null, "tactile_paving": null, "network": "AAATA", "network:wikidata": "Q4766233", "brand": null, "phone:aaata": null, "ref:aaata": null, "ref:umich": null, "route_ref:aaata": null, "website:aaata": null, "website:aaata:maps": null, "website:umich:map": null, "website:umich:routes": null, "wheelchair": null, "check_date:shelter": null, "note": null, "passenger_information_display": null, "network:wikipedia": null, "alt_name": null, "local_ref": null, "ref:signed": null, "operator:wikidata": null, "operator:wikipedia": null, "mapillary": null, "route_ref": null, "survey:date": null, "covered": null, "arrival_times:description": null, "phone": null, "surface": null, "website": null, "website:map": null, "wheelchair:description": null, "departures_board": null, "source": null, "source:date": null, "check_date:bench": null, "smoothness": null, "description:arrival_times": null, "check_date": null, "check_date:lit": null, "check_date:tactile_paving": null, "fixme": null, "paving_stones:material": null, "sign": null, "railway": null, "railway:ref": null, "train": null }, "geometry": { "type": "Point", "coordinates": [ -83.7273151, 42.3166337 ] } },
{ "type": "Feature", "properties": { "index": 366, "element": "node", "id": 9878273938, "bench": null, "bin": null, "bus": "yes", "description": null, "highway": "bus_stop", "lit": null, "name": "Dhu Varren + Omlesaad", "operator": "AAATA", "public_transport": "platform", "ref": "1673", "shelter": null, "tactile_paving": null, "network": "AAATA", "network:wikidata": "Q4766233", "brand": null, "phone:aaata": null, "ref:aaata": null, "ref:umich": null, "route_ref:aaata": null, "website:aaata": null, "website:aaata:maps": null, "website:umich:map": null, "website:umich:routes": null, "wheelchair": null, "check_date:shelter": null, "note": null, "passenger_information_display": null, "network:wikipedia": null, "alt_name": null, "local_ref": null, "ref:signed": null, "operator:wikidata": null, "operator:wikipedia": null, "mapillary": null, "route_ref": null, "survey:date": null, "covered": null, "arrival_times:description": null, "phone": null, "surface": null, "website": null, "website:map": null, "wheelchair:description": null, "departures_board": null, "source": null, "source:date": null, "check_date:bench": null, "smoothness": null, "description:arrival_times": null, "check_date": null, "check_date:lit": null, "check_date:tactile_paving": null, "fixme": null, "paving_stones:material": null, "sign": null, "railway": null, "railway:ref": null, "train": null }, "geometry": { "type": "Point", "coordinates": [ -83.716815, 42.3169632 ] } },
{ "type": "Feature", "properties": { "index": 367, "element": "node", "id": 13252724174, "bench": null, "bin": null, "bus": "yes", "description": null, "highway": "bus_stop", "lit": null, "name": null, "operator": null, "public_transport": "platform", "ref": null, "shelter": null, "tactile_paving": null, "network": null, "network:wikidata": null, "brand": null, "phone:aaata": null, "ref:aaata": null, "ref:umich": null, "route_ref:aaata": null, "website:aaata": null, "website:aaata:maps": null, "website:umich:map": null, "website:umich:routes": null, "wheelchair": null, "check_date:shelter": null, "note": null, "passenger_information_display": null, "network:wikipedia": null, "alt_name": null, "local_ref": null, "ref:signed": null, "operator:wikidata": null, "operator:wikipedia": null, "mapillary": null, "route_ref": null, "survey:date": null, "covered": null, "arrival_times:description": null, "phone": null, "surface": null, "website": null, "website:map": null, "wheelchair:description": null, "departures_board": null, "source": null, "source:date": null, "check_date:bench": null, "smoothness": null, "description:arrival_times": null, "check_date": null, "check_date:lit": null, "check_date:tactile_paving": null, "fixme": null, "paving_stones:material": null, "sign": null, "railway": null, "railway:ref": null, "train": null }, "geometry": { "type": "Point", "coordinates": [ -83.7209368, 42.3170093 ] } },
{ "type": "Feature", "properties": { "index": 368, "element": "node", "id": 9878273939, "bench": null, "bin": null, "bus": "yes", "description": null, "highway": "bus_stop", "lit": null, "name": "Dhu Varren + Omlesaad", "operator": "AAATA", "public_transport": "platform", "ref": "1677", "shelter": null, "tactile_paving": null, "network": "AAATA", "network:wikidata": "Q4766233", "brand": null, "phone:aaata": null, "ref:aaata": null, "ref:umich": null, "route_ref:aaata": null, "website:aaata": null, "website:aaata:maps": null, "website:umich:map": null, "website:umich:routes": null, "wheelchair": null, "check_date:shelter": null, "note": null, "passenger_information_display": null, "network:wikipedia": null, "alt_name": null, "local_ref": null, "ref:signed": null, "operator:wikidata": null, "operator:wikipedia": null, "mapillary": null, "route_ref": null, "survey:date": null, "covered": null, "arrival_times:description": null, "phone": null, "surface": null, "website": null, "website:map": null, "wheelchair:description": null, "departures_board": null, "source": null, "source:date": null, "check_date:bench": null, "smoothness": null, "description:arrival_times": null, "check_date": null, "check_date:lit": null, "check_date:tactile_paving": null, "fixme": null, "paving_stones:material": null, "sign": null, "railway": null, "railway:ref": null, "train": null }, "geometry": { "type": "Point", "coordinates": [ -83.7175406, 42.3170694 ] } },
{ "type": "Feature", "properties": { "index": 369, "element": "node", "id": 2343810594, "bench": null, "bin": null, "bus": "yes", "description": null, "highway": "bus_stop", "lit": null, "name": "Food Gatherers", "operator": null, "public_transport": "platform", "ref": null, "shelter": null, "tactile_paving": null, "network": "AAATA", "network:wikidata": "Q4766233", "brand": null, "phone:aaata": null, "ref:aaata": null, "ref:umich": null, "route_ref:aaata": null, "website:aaata": null, "website:aaata:maps": null, "website:umich:map": null, "website:umich:routes": null, "wheelchair": null, "check_date:shelter": null, "note": null, "passenger_information_display": null, "network:wikipedia": null, "alt_name": null, "local_ref": null, "ref:signed": null, "operator:wikidata": null, "operator:wikipedia": null, "mapillary": null, "route_ref": null, "survey:date": null, "covered": null, "arrival_times:description": null, "phone": null, "surface": null, "website": null, "website:map": null, "wheelchair:description": null, "departures_board": null, "source": null, "source:date": null, "check_date:bench": null, "smoothness": null, "description:arrival_times": null, "check_date": null, "check_date:lit": null, "check_date:tactile_paving": null, "fixme": null, "paving_stones:material": null, "sign": null, "railway": null, "railway:ref": null, "train": null }, "geometry": { "type": "Point", "coordinates": [ -83.7272532, 42.3174737 ] } },
{ "type": "Feature", "properties": { "index": 370, "element": "node", "id": 4763445641, "bench": null, "bin": null, "bus": "yes", "description": null, "highway": "bus_stop", "lit": null, "name": "W - Main north of Jefferson", "operator": null, "public_transport": "platform", "ref": null, "shelter": null, "tactile_paving": null, "network": "AAATA", "network:wikidata": "Q4766233", "brand": null, "phone:aaata": null, "ref:aaata": null, "ref:umich": null, "route_ref:aaata": null, "website:aaata": null, "website:aaata:maps": null, "website:umich:map": null, "website:umich:routes": null, "wheelchair": null, "check_date:shelter": null, "note": null, "passenger_information_display": null, "network:wikipedia": null, "alt_name": null, "local_ref": null, "ref:signed": null, "operator:wikidata": null, "operator:wikipedia": null, "mapillary": null, "route_ref": null, "survey:date": null, "covered": null, "arrival_times:description": null, "phone": null, "surface": null, "website": null, "website:map": null, "wheelchair:description": null, "departures_board": null, "source": null, "source:date": null, "check_date:bench": null, "smoothness": null, "description:arrival_times": null, "check_date": null, "check_date:lit": null, "check_date:tactile_paving": null, "fixme": null, "paving_stones:material": null, "sign": null, "railway": null, "railway:ref": null, "train": null }, "geometry": { "type": "Point", "coordinates": [ -83.7488844, 42.2763642 ] } },
{ "type": "Feature", "properties": { "index": 371, "element": "node", "id": 4763445640, "bench": null, "bin": null, "bus": "yes", "description": null, "highway": "bus_stop", "lit": null, "name": "E - Main north of Packard", "operator": null, "public_transport": "platform", "ref": null, "shelter": null, "tactile_paving": null, "network": "AAATA", "network:wikidata": "Q4766233", "brand": null, "phone:aaata": null, "ref:aaata": null, "ref:umich": null, "route_ref:aaata": null, "website:aaata": null, "website:aaata:maps": null, "website:umich:map": null, "website:umich:routes": null, "wheelchair": null, "check_date:shelter": null, "note": null, "passenger_information_display": null, "network:wikipedia": null, "alt_name": null, "local_ref": null, "ref:signed": null, "operator:wikidata": null, "operator:wikipedia": null, "mapillary": null, "route_ref": null, "survey:date": null, "covered": null, "arrival_times:description": null, "phone": null, "surface": null, "website": null, "website:map": null, "wheelchair:description": null, "departures_board": null, "source": null, "source:date": null, "check_date:bench": null, "smoothness": null, "description:arrival_times": null, "check_date": null, "check_date:lit": null, "check_date:tactile_paving": null, "fixme": null, "paving_stones:material": null, "sign": null, "railway": null, "railway:ref": null, "train": null }, "geometry": { "type": "Point", "coordinates": [ -83.7486135, 42.2770508 ] } },
{ "type": "Feature", "properties": { "index": 372, "element": "node", "id": 4934264075, "bench": "no", "bin": null, "bus": "yes", "description": null, "highway": "bus_stop", "lit": "no", "name": "William + Main", "operator": "AAATA", "public_transport": "platform", "ref": "1820", "shelter": "no", "tactile_paving": null, "network": "AAATA", "network:wikidata": "Q4766233", "brand": null, "phone:aaata": null, "ref:aaata": null, "ref:umich": null, "route_ref:aaata": null, "website:aaata": null, "website:aaata:maps": null, "website:umich:map": null, "website:umich:routes": null, "wheelchair": null, "check_date:shelter": null, "note": "#28, 29", "passenger_information_display": "no", "network:wikipedia": "en:Ann Arbor Area Transportation Authority", "alt_name": null, "local_ref": null, "ref:signed": null, "operator:wikidata": null, "operator:wikipedia": null, "mapillary": null, "route_ref": null, "survey:date": null, "covered": null, "arrival_times:description": null, "phone": null, "surface": null, "website": null, "website:map": null, "wheelchair:description": null, "departures_board": null, "source": null, "source:date": null, "check_date:bench": null, "smoothness": null, "description:arrival_times": null, "check_date": null, "check_date:lit": null, "check_date:tactile_paving": null, "fixme": null, "paving_stones:material": null, "sign": null, "railway": null, "railway:ref": null, "train": null }, "geometry": { "type": "Point", "coordinates": [ -83.7493859, 42.2779131 ] } },
{ "type": "Feature", "properties": { "index": 373, "element": "node", "id": 3908834957, "bench": "no", "bin": "no", "bus": "yes", "description": null, "highway": "bus_stop", "lit": "no", "name": "Liberty + Fifth", "operator": "AAATA", "public_transport": "platform", "ref": "748", "shelter": "no", "tactile_paving": "no", "network": "AAATA", "network:wikidata": "Q4766233", "brand": null, "phone:aaata": null, "ref:aaata": null, "ref:umich": null, "route_ref:aaata": null, "website:aaata": null, "website:aaata:maps": null, "website:umich:map": null, "website:umich:routes": null, "wheelchair": null, "check_date:shelter": "2023-07-25", "note": "#28", "passenger_information_display": "no", "network:wikipedia": null, "alt_name": null, "local_ref": null, "ref:signed": null, "operator:wikidata": null, "operator:wikipedia": null, "mapillary": null, "route_ref": null, "survey:date": null, "covered": null, "arrival_times:description": null, "phone": null, "surface": null, "website": null, "website:map": null, "wheelchair:description": null, "departures_board": null, "source": null, "source:date": null, "check_date:bench": null, "smoothness": null, "description:arrival_times": null, "check_date": null, "check_date:lit": null, "check_date:tactile_paving": null, "fixme": null, "paving_stones:material": null, "sign": null, "railway": null, "railway:ref": null, "train": null }, "geometry": { "type": "Point", "coordinates": [ -83.755786, 42.2784481 ] } },
{ "type": "Feature", "properties": { "index": 374, "element": "node", "id": 4936161155, "bench": "no", "bin": "no", "bus": "yes", "description": null, "highway": "bus_stop", "lit": "no", "name": "Liberty + Fifth", "operator": "AAATA", "public_transport": "platform", "ref": "752", "shelter": "no", "tactile_paving": "no", "network": "AAATA", "network:wikidata": "Q4766233", "brand": null, "phone:aaata": null, "ref:aaata": null, "ref:umich": null, "route_ref:aaata": null, "website:aaata": null, "website:aaata:maps": null, "website:umich:map": null, "website:umich:routes": null, "wheelchair": null, "check_date:shelter": "2023-07-25", "note": null, "passenger_information_display": "no", "network:wikipedia": null, "alt_name": null, "local_ref": null, "ref:signed": null, "operator:wikidata": null, "operator:wikipedia": null, "mapillary": null, "route_ref": null, "survey:date": null, "covered": null, "arrival_times:description": null, "phone": null, "surface": null, "website": null, "website:map": null, "wheelchair:description": null, "departures_board": null, "source": null, "source:date": null, "check_date:bench": null, "smoothness": null, "description:arrival_times": null, "check_date": null, "check_date:lit": null, "check_date:tactile_paving": null, "fixme": null, "paving_stones:material": null, "sign": null, "railway": null, "railway:ref": null, "train": null }, "geometry": { "type": "Point", "coordinates": [ -83.7559512, 42.2785432 ] } },
{ "type": "Feature", "properties": { "index": 375, "element": "node", "id": 4835371990, "bench": "no", "bin": "no", "bus": "yes", "description": null, "highway": "bus_stop", "lit": "no", "name": "Liberty + Third", "operator": "AAATA", "public_transport": "platform", "ref": "749", "shelter": "no", "tactile_paving": "yes", "network": "AAATA", "network:wikidata": "Q4766233", "brand": null, "phone:aaata": null, "ref:aaata": null, "ref:umich": null, "route_ref:aaata": null, "website:aaata": null, "website:aaata:maps": null, "website:umich:map": null, "website:umich:routes": null, "wheelchair": null, "check_date:shelter": "2023-07-25", "note": "#28", "passenger_information_display": "no", "network:wikipedia": null, "alt_name": null, "local_ref": null, "ref:signed": null, "operator:wikidata": null, "operator:wikipedia": null, "mapillary": null, "route_ref": null, "survey:date": null, "covered": null, "arrival_times:description": null, "phone": null, "surface": null, "website": null, "website:map": null, "wheelchair:description": null, "departures_board": null, "source": null, "source:date": null, "check_date:bench": null, "smoothness": null, "description:arrival_times": null, "check_date": null, "check_date:lit": null, "check_date:tactile_paving": null, "fixme": null, "paving_stones:material": null, "sign": null, "railway": null, "railway:ref": null, "train": null }, "geometry": { "type": "Point", "coordinates": [ -83.7537542, 42.2788698 ] } },
{ "type": "Feature", "properties": { "index": 376, "element": "node", "id": 4835371991, "bench": "no", "bin": "no", "bus": "yes", "description": null, "highway": "bus_stop", "lit": "no", "name": "Liberty + Third", "operator": "AAATA", "public_transport": "platform", "ref": "751", "shelter": "no", "tactile_paving": "no", "network": "AAATA", "network:wikidata": "Q4766233", "brand": null, "phone:aaata": null, "ref:aaata": null, "ref:umich": null, "route_ref:aaata": null, "website:aaata": null, "website:aaata:maps": null, "website:umich:map": null, "website:umich:routes": null, "wheelchair": null, "check_date:shelter": null, "note": null, "passenger_information_display": "no", "network:wikipedia": null, "alt_name": null, "local_ref": null, "ref:signed": null, "operator:wikidata": null, "operator:wikipedia": null, "mapillary": null, "route_ref": null, "survey:date": null, "covered": null, "arrival_times:description": null, "phone": null, "surface": null, "website": null, "website:map": null, "wheelchair:description": null, "departures_board": null, "source": null, "source:date": null, "check_date:bench": null, "smoothness": null, "description:arrival_times": null, "check_date": null, "check_date:lit": null, "check_date:tactile_paving": null, "fixme": null, "paving_stones:material": null, "sign": null, "railway": null, "railway:ref": null, "train": null }, "geometry": { "type": "Point", "coordinates": [ -83.7540613, 42.2789303 ] } },
{ "type": "Feature", "properties": { "index": 377, "element": "node", "id": 5799783985, "bench": "no", "bin": "no", "bus": "yes", "description": null, "highway": "bus_stop", "lit": "no", "name": "Liberty + Railroad crossing", "operator": "AAATA", "public_transport": "platform", "ref": "750", "shelter": "no", "tactile_paving": "no", "network": "AAATA", "network:wikidata": "Q4766233", "brand": null, "phone:aaata": null, "ref:aaata": null, "ref:umich": null, "route_ref:aaata": null, "website:aaata": null, "website:aaata:maps": null, "website:umich:map": null, "website:umich:routes": null, "wheelchair": null, "check_date:shelter": null, "note": null, "passenger_information_display": "no", "network:wikipedia": "en:Ann Arbor Area Transportation Authority", "alt_name": null, "local_ref": null, "ref:signed": null, "operator:wikidata": null, "operator:wikipedia": null, "mapillary": null, "route_ref": null, "survey:date": null, "covered": null, "arrival_times:description": null, "phone": null, "surface": null, "website": null, "website:map": null, "wheelchair:description": null, "departures_board": null, "source": null, "source:date": null, "check_date:bench": null, "smoothness": null, "description:arrival_times": null, "check_date": null, "check_date:lit": null, "check_date:tactile_paving": null, "fixme": null, "paving_stones:material": null, "sign": null, "railway": null, "railway:ref": null, "train": null }, "geometry": { "type": "Point", "coordinates": [ -83.7513977, 42.2795023 ] } },
{ "type": "Feature", "properties": { "index": 378, "element": "node", "id": 5919368085, "bench": "no", "bin": "no", "bus": "yes", "description": null, "highway": "bus_stop", "lit": "no", "name": "Washington + Ashley", "operator": null, "public_transport": "platform", "ref": "1919", "shelter": "no", "tactile_paving": "no", "network": null, "network:wikidata": null, "brand": null, "phone:aaata": null, "ref:aaata": null, "ref:umich": null, "route_ref:aaata": null, "website:aaata": null, "website:aaata:maps": null, "website:umich:map": null, "website:umich:routes": null, "wheelchair": null, "check_date:shelter": null, "note": null, "passenger_information_display": null, "network:wikipedia": null, "alt_name": null, "local_ref": null, "ref:signed": null, "operator:wikidata": null, "operator:wikipedia": null, "mapillary": null, "route_ref": null, "survey:date": null, "covered": null, "arrival_times:description": null, "phone": null, "surface": null, "website": null, "website:map": null, "wheelchair:description": null, "departures_board": null, "source": null, "source:date": null, "check_date:bench": null, "smoothness": null, "description:arrival_times": null, "check_date": null, "check_date:lit": null, "check_date:tactile_paving": null, "fixme": null, "paving_stones:material": null, "sign": null, "railway": null, "railway:ref": null, "train": null }, "geometry": { "type": "Point", "coordinates": [ -83.7503766, 42.2805156 ] } },
{ "type": "Feature", "properties": { "index": 379, "element": "node", "id": 4919630432, "bench": "no", "bin": null, "bus": "yes", "description": null, "highway": "bus_stop", "lit": null, "name": "Huron + Main", "operator": "ATAAA", "public_transport": "platform", "ref": "721", "shelter": "no", "tactile_paving": null, "network": "AAATA", "network:wikidata": "Q4766233", "brand": null, "phone:aaata": null, "ref:aaata": null, "ref:umich": null, "route_ref:aaata": null, "website:aaata": null, "website:aaata:maps": null, "website:umich:map": null, "website:umich:routes": null, "wheelchair": null, "check_date:shelter": null, "note": "30, 31, 32, 60", "passenger_information_display": null, "network:wikipedia": null, "alt_name": null, "local_ref": null, "ref:signed": null, "operator:wikidata": null, "operator:wikipedia": null, "mapillary": null, "route_ref": null, "survey:date": null, "covered": null, "arrival_times:description": null, "phone": null, "surface": null, "website": null, "website:map": null, "wheelchair:description": null, "departures_board": null, "source": null, "source:date": null, "check_date:bench": null, "smoothness": null, "description:arrival_times": null, "check_date": null, "check_date:lit": null, "check_date:tactile_paving": null, "fixme": null, "paving_stones:material": null, "sign": null, "railway": null, "railway:ref": null, "train": null }, "geometry": { "type": "Point", "coordinates": [ -83.7492097, 42.2813677 ] } },
{ "type": "Feature", "properties": { "index": 380, "element": "node", "id": 2317660499, "bench": "yes", "bin": "yes", "bus": "yes", "description": null, "highway": "bus_stop", "lit": "yes", "name": "BTC Mall Stop", "operator": "AAATA", "public_transport": "platform", "ref": null, "shelter": "yes", "tactile_paving": "yes", "network": "AAATA", "network:wikidata": "Q4766233", "brand": null, "phone:aaata": null, "ref:aaata": null, "ref:umich": null, "route_ref:aaata": null, "website:aaata": null, "website:aaata:maps": null, "website:umich:map": null, "website:umich:routes": null, "wheelchair": "yes", "check_date:shelter": null, "note": null, "passenger_information_display": null, "network:wikipedia": "en:Ann Arbor Area Transportation Authority", "alt_name": null, "local_ref": null, "ref:signed": "no", "operator:wikidata": null, "operator:wikipedia": null, "mapillary": null, "route_ref": null, "survey:date": null, "covered": null, "arrival_times:description": null, "phone": null, "surface": null, "website": null, "website:map": null, "wheelchair:description": null, "departures_board": null, "source": null, "source:date": null, "check_date:bench": null, "smoothness": null, "description:arrival_times": null, "check_date": null, "check_date:lit": null, "check_date:tactile_paving": null, "fixme": null, "paving_stones:material": null, "sign": null, "railway": null, "railway:ref": null, "train": null }, "geometry": { "type": "Point", "coordinates": [ -83.7468724, 42.2783919 ] } },
{ "type": "Feature", "properties": { "index": 381, "element": "node", "id": 9871481637, "bench": "yes", "bin": "yes", "bus": "yes", "description": null, "highway": "bus_stop", "lit": "yes", "name": "BTC Mall Stop 6", "operator": "AAATA", "public_transport": "platform", "ref": "137", "shelter": "yes", "tactile_paving": "no", "network": "AAATA", "network:wikidata": "Q4766233", "brand": null, "phone:aaata": null, "ref:aaata": null, "ref:umich": null, "route_ref:aaata": null, "website:aaata": null, "website:aaata:maps": null, "website:umich:map": null, "website:umich:routes": null, "wheelchair": null, "check_date:shelter": null, "note": "This platform used for boarding of busses 25 and 27, as part of the Blake Transit Center.", "passenger_information_display": null, "network:wikipedia": null, "alt_name": null, "local_ref": null, "ref:signed": null, "operator:wikidata": null, "operator:wikipedia": null, "mapillary": null, "route_ref": null, "survey:date": null, "covered": null, "arrival_times:description": null, "phone": null, "surface": null, "website": null, "website:map": null, "wheelchair:description": null, "departures_board": null, "source": null, "source:date": null, "check_date:bench": null, "smoothness": null, "description:arrival_times": null, "check_date": null, "check_date:lit": null, "check_date:tactile_paving": null, "fixme": null, "paving_stones:material": null, "sign": null, "railway": null, "railway:ref": null, "train": null }, "geometry": { "type": "Point", "coordinates": [ -83.7469276, 42.2784355 ] } },
{ "type": "Feature", "properties": { "index": 382, "element": "node", "id": 9871481636, "bench": "yes", "bin": "yes", "bus": "yes", "description": null, "highway": "bus_stop", "lit": "yes", "name": "BTC Mall Stop 5", "operator": "AAATA", "public_transport": "platform", "ref": "138", "shelter": "yes", "tactile_paving": "no", "network": "AAATA", "network:wikidata": "Q4766233", "brand": null, "phone:aaata": null, "ref:aaata": null, "ref:umich": null, "route_ref:aaata": null, "website:aaata": null, "website:aaata:maps": null, "website:umich:map": null, "website:umich:routes": null, "wheelchair": null, "check_date:shelter": null, "note": "This platform used for boarding of bus 5, as part of the Blake Transit Center.", "passenger_information_display": null, "network:wikipedia": null, "alt_name": null, "local_ref": null, "ref:signed": null, "operator:wikidata": null, "operator:wikipedia": null, "mapillary": null, "route_ref": null, "survey:date": null, "covered": null, "arrival_times:description": null, "phone": null, "surface": null, "website": null, "website:map": null, "wheelchair:description": null, "departures_board": null, "source": null, "source:date": null, "check_date:bench": null, "smoothness": null, "description:arrival_times": null, "check_date": null, "check_date:lit": null, "check_date:tactile_paving": null, "fixme": null, "paving_stones:material": null, "sign": null, "railway": null, "railway:ref": null, "train": null }, "geometry": { "type": "Point", "coordinates": [ -83.7471537, 42.2784409 ] } },
{ "type": "Feature", "properties": { "index": 383, "element": "node", "id": 9871481638, "bench": "yes", "bin": "yes", "bus": "yes", "description": null, "highway": "bus_stop", "lit": "yes", "name": "BTC Mall Stop 7", "operator": "AAATA", "public_transport": "platform", "ref": "140", "shelter": "yes", "tactile_paving": "yes", "network": "AAATA", "network:wikidata": "Q4766233", "brand": null, "phone:aaata": null, "ref:aaata": null, "ref:umich": null, "route_ref:aaata": null, "website:aaata": null, "website:aaata:maps": null, "website:umich:map": null, "website:umich:routes": null, "wheelchair": null, "check_date:shelter": null, "note": "This platform used for boarding of busses 6, 24, 26, and 28, as part of the Blake Transit Center.", "passenger_information_display": null, "network:wikipedia": null, "alt_name": null, "local_ref": null, "ref:signed": null, "operator:wikidata": null, "operator:wikipedia": null, "mapillary": null, "route_ref": null, "survey:date": null, "covered": null, "arrival_times:description": null, "phone": null, "surface": null, "website": null, "website:map": null, "wheelchair:description": null, "departures_board": null, "source": null, "source:date": null, "check_date:bench": null, "smoothness": null, "description:arrival_times": null, "check_date": null, "check_date:lit": null, "check_date:tactile_paving": null, "fixme": null, "paving_stones:material": null, "sign": null, "railway": null, "railway:ref": null, "train": null }, "geometry": { "type": "Point", "coordinates": [ -83.7466376, 42.2784618 ] } },
{ "type": "Feature", "properties": { "index": 384, "element": "node", "id": 2758637990, "bench": "no", "bin": "no", "bus": "yes", "description": null, "highway": "bus_stop", "lit": "yes", "name": "N University + Thayer", "operator": "AAATA", "public_transport": "platform", "ref": "245", "shelter": "no", "tactile_paving": "no", "network": "AAATA", "network:wikidata": "Q4766233", "brand": null, "phone:aaata": null, "ref:aaata": null, "ref:umich": null, "route_ref:aaata": null, "website:aaata": null, "website:aaata:maps": null, "website:umich:map": null, "website:umich:routes": null, "wheelchair": null, "check_date:shelter": null, "note": null, "passenger_information_display": null, "network:wikipedia": "en:Ann Arbor Area Transportation Authority", "alt_name": null, "local_ref": null, "ref:signed": null, "operator:wikidata": null, "operator:wikipedia": null, "mapillary": null, "route_ref": null, "survey:date": null, "covered": null, "arrival_times:description": null, "phone": null, "surface": null, "website": null, "website:map": null, "wheelchair:description": null, "departures_board": null, "source": null, "source:date": null, "check_date:bench": null, "smoothness": null, "description:arrival_times": null, "check_date": null, "check_date:lit": null, "check_date:tactile_paving": null, "fixme": null, "paving_stones:material": null, "sign": null, "railway": null, "railway:ref": null, "train": null }, "geometry": { "type": "Point", "coordinates": [ -83.7394135, 42.2786951 ] } },
{ "type": "Feature", "properties": { "index": 385, "element": "node", "id": 9878273925, "bench": "yes", "bin": "yes", "bus": "yes", "description": null, "highway": "bus_stop", "lit": "yes", "name": "BTC - Fourth Ave Stop 2", "operator": "AAATA", "public_transport": "platform", "ref": "144", "shelter": "yes", "tactile_paving": "no", "network": "AAATA", "network:wikidata": "Q4766233", "brand": null, "phone:aaata": null, "ref:aaata": null, "ref:umich": null, "route_ref:aaata": null, "website:aaata": null, "website:aaata:maps": null, "website:umich:map": null, "website:umich:routes": null, "wheelchair": null, "check_date:shelter": "2026-01-23", "note": "This platform used for boarding of buses 22, 29, and 32, as part of the Blake Transit Center.", "passenger_information_display": null, "network:wikipedia": null, "alt_name": null, "local_ref": null, "ref:signed": null, "operator:wikidata": null, "operator:wikipedia": null, "mapillary": null, "route_ref": null, "survey:date": null, "covered": null, "arrival_times:description": null, "phone": null, "surface": null, "website": null, "website:map": null, "wheelchair:description": null, "departures_board": null, "source": null, "source:date": null, "check_date:bench": null, "smoothness": null, "description:arrival_times": null, "check_date": null, "check_date:lit": null, "check_date:tactile_paving": null, "fixme": null, "paving_stones:material": null, "sign": null, "railway": null, "railway:ref": null, "train": null }, "geometry": { "type": "Point", "coordinates": [ -83.7472987, 42.2787406 ] } },
{ "type": "Feature", "properties": { "index": 386, "element": "node", "id": 9863081083, "bench": "yes", "bin": "yes", "bus": "yes", "description": null, "highway": "bus_stop", "lit": null, "name": "BTC - Fourth Ave Stop 3", "operator": "AAATA", "public_transport": "platform", "ref": null, "shelter": "yes", "tactile_paving": "no", "network": "AAATA", "network:wikidata": "Q4766233", "brand": null, "phone:aaata": null, "ref:aaata": null, "ref:umich": null, "route_ref:aaata": null, "website:aaata": null, "website:aaata:maps": null, "website:umich:map": null, "website:umich:routes": null, "wheelchair": null, "check_date:shelter": "2026-01-23", "note": "This platform used for boarding of buses 3, 30, and 31, as part of the Blake Transit Center.", "passenger_information_display": null, "network:wikipedia": null, "alt_name": null, "local_ref": null, "ref:signed": null, "operator:wikidata": null, "operator:wikipedia": null, "mapillary": null, "route_ref": null, "survey:date": null, "covered": null, "arrival_times:description": null, "phone": null, "surface": null, "website": null, "website:map": null, "wheelchair:description": null, "departures_board": null, "source": null, "source:date": null, "check_date:bench": null, "smoothness": null, "description:arrival_times": null, "check_date": null, "check_date:lit": null, "check_date:tactile_paving": null, "fixme": null, "paving_stones:material": null, "sign": null, "railway": null, "railway:ref": null, "train": null }, "geometry": { "type": "Point", "coordinates": [ -83.7472864, 42.2790334 ] } },
{ "type": "Feature", "properties": { "index": 387, "element": "node", "id": 4945806643, "bench": "no", "bin": "no", "bus": "yes", "description": null, "highway": "bus_stop", "lit": "yes", "name": null, "operator": "University of Michigan", "public_transport": "platform", "ref": "C225", "shelter": "no", "tactile_paving": "no", "network": null, "network:wikidata": null, "brand": null, "phone:aaata": null, "ref:aaata": null, "ref:umich": null, "route_ref:aaata": null, "website:aaata": null, "website:aaata:maps": null, "website:umich:map": null, "website:umich:routes": null, "wheelchair": null, "check_date:shelter": "2025-01-07", "note": null, "passenger_information_display": null, "network:wikipedia": null, "alt_name": null, "local_ref": null, "ref:signed": null, "operator:wikidata": null, "operator:wikipedia": null, "mapillary": null, "route_ref": null, "survey:date": null, "covered": null, "arrival_times:description": null, "phone": null, "surface": null, "website": null, "website:map": null, "wheelchair:description": null, "departures_board": null, "source": null, "source:date": null, "check_date:bench": null, "smoothness": null, "description:arrival_times": null, "check_date": null, "check_date:lit": null, "check_date:tactile_paving": null, "fixme": null, "paving_stones:material": null, "sign": null, "railway": null, "railway:ref": null, "train": null }, "geometry": { "type": "Point", "coordinates": [ -83.7418428, 42.2793166 ] } },
{ "type": "Feature", "properties": { "index": 388, "element": "node", "id": 5003417192, "bench": "no", "bin": null, "bus": "yes", "description": null, "highway": "bus_stop", "lit": null, "name": "Washington + State", "operator": null, "public_transport": "platform", "ref": null, "shelter": "no", "tactile_paving": null, "network": "AAATA", "network:wikidata": "Q4766233", "brand": null, "phone:aaata": null, "ref:aaata": null, "ref:umich": null, "route_ref:aaata": null, "website:aaata": null, "website:aaata:maps": null, "website:umich:map": null, "website:umich:routes": null, "wheelchair": null, "check_date:shelter": null, "note": null, "passenger_information_display": null, "network:wikipedia": null, "alt_name": null, "local_ref": null, "ref:signed": null, "operator:wikidata": null, "operator:wikipedia": null, "mapillary": null, "route_ref": null, "survey:date": null, "covered": null, "arrival_times:description": null, "phone": null, "surface": null, "website": null, "website:map": null, "wheelchair:description": null, "departures_board": null, "source": null, "source:date": null, "check_date:bench": null, "smoothness": null, "description:arrival_times": null, "check_date": null, "check_date:lit": null, "check_date:tactile_paving": null, "fixme": null, "paving_stones:material": null, "sign": null, "railway": null, "railway:ref": null, "train": null }, "geometry": { "type": "Point", "coordinates": [ -83.742713, 42.280261 ] } },
{ "type": "Feature", "properties": { "index": 389, "element": "node", "id": 5003417191, "bench": "no", "bin": null, "bus": "yes", "description": null, "highway": "bus_stop", "lit": null, "name": "Washington + State", "operator": "AAATA", "public_transport": "platform", "ref": null, "shelter": "no", "tactile_paving": null, "network": "AAATA", "network:wikidata": "Q4766233", "brand": null, "phone:aaata": null, "ref:aaata": null, "ref:umich": null, "route_ref:aaata": null, "website:aaata": null, "website:aaata:maps": null, "website:umich:map": null, "website:umich:routes": null, "wheelchair": null, "check_date:shelter": null, "note": "#4", "passenger_information_display": null, "network:wikipedia": "en:Ann Arbor Area Transportation Authority", "alt_name": null, "local_ref": null, "ref:signed": null, "operator:wikidata": null, "operator:wikipedia": null, "mapillary": null, "route_ref": null, "survey:date": null, "covered": null, "arrival_times:description": null, "phone": null, "surface": null, "website": null, "website:map": null, "wheelchair:description": null, "departures_board": null, "source": null, "source:date": null, "check_date:bench": null, "smoothness": null, "description:arrival_times": null, "check_date": null, "check_date:lit": null, "check_date:tactile_paving": null, "fixme": null, "paving_stones:material": null, "sign": null, "railway": null, "railway:ref": null, "train": null }, "geometry": { "type": "Point", "coordinates": [ -83.7423871, 42.2803742 ] } },
{ "type": "Feature", "properties": { "index": 390, "element": "node", "id": 3908834356, "bench": "no", "bin": "no", "bus": "yes", "description": null, "highway": "bus_stop", "lit": "no", "name": "Liberty + Seventh", "operator": "AAATA", "public_transport": "platform", "ref": "747", "shelter": "no", "tactile_paving": "no", "network": "AAATA", "network:wikidata": "Q4766233", "brand": null, "phone:aaata": null, "ref:aaata": null, "ref:umich": null, "route_ref:aaata": null, "website:aaata": null, "website:aaata:maps": null, "website:umich:map": null, "website:umich:routes": null, "wheelchair": null, "check_date:shelter": "2023-07-25", "note": "#28", "passenger_information_display": null, "network:wikipedia": null, "alt_name": null, "local_ref": null, "ref:signed": null, "operator:wikidata": null, "operator:wikipedia": null, "mapillary": null, "route_ref": null, "survey:date": null, "covered": null, "arrival_times:description": null, "phone": null, "surface": null, "website": null, "website:map": null, "wheelchair:description": null, "departures_board": null, "source": null, "source:date": null, "check_date:bench": null, "smoothness": null, "description:arrival_times": null, "check_date": null, "check_date:lit": null, "check_date:tactile_paving": null, "fixme": null, "paving_stones:material": null, "sign": null, "railway": null, "railway:ref": null, "train": null }, "geometry": { "type": "Point", "coordinates": [ -83.7580212, 42.2779883 ] } },
{ "type": "Feature", "properties": { "index": 391, "element": "node", "id": 4438417266, "bench": null, "bin": null, "bus": "yes", "description": null, "highway": "bus_stop", "lit": null, "name": "#32", "operator": null, "public_transport": "platform", "ref": "32", "shelter": null, "tactile_paving": null, "network": null, "network:wikidata": null, "brand": null, "phone:aaata": null, "ref:aaata": null, "ref:umich": null, "route_ref:aaata": null, "website:aaata": null, "website:aaata:maps": null, "website:umich:map": null, "website:umich:routes": null, "wheelchair": null, "check_date:shelter": null, "note": null, "passenger_information_display": null, "network:wikipedia": null, "alt_name": null, "local_ref": null, "ref:signed": null, "operator:wikidata": null, "operator:wikipedia": null, "mapillary": null, "route_ref": null, "survey:date": null, "covered": null, "arrival_times:description": null, "phone": null, "surface": null, "website": null, "website:map": null, "wheelchair:description": null, "departures_board": null, "source": "GPS", "source:date": null, "check_date:bench": null, "smoothness": null, "description:arrival_times": null, "check_date": null, "check_date:lit": null, "check_date:tactile_paving": null, "fixme": null, "paving_stones:material": null, "sign": null, "railway": null, "railway:ref": null, "train": null }, "geometry": { "type": "Point", "coordinates": [ -83.7799895, 42.2792566 ] } },
{ "type": "Feature", "properties": { "index": 392, "element": "node", "id": 4438417267, "bench": null, "bin": null, "bus": "yes", "description": null, "highway": "bus_stop", "lit": null, "name": "#32", "operator": null, "public_transport": "platform", "ref": "32", "shelter": null, "tactile_paving": null, "network": "AAATA", "network:wikidata": "Q4766233", "brand": null, "phone:aaata": null, "ref:aaata": null, "ref:umich": null, "route_ref:aaata": null, "website:aaata": null, "website:aaata:maps": null, "website:umich:map": null, "website:umich:routes": null, "wheelchair": null, "check_date:shelter": null, "note": null, "passenger_information_display": null, "network:wikipedia": null, "alt_name": null, "local_ref": null, "ref:signed": null, "operator:wikidata": null, "operator:wikipedia": null, "mapillary": null, "route_ref": null, "survey:date": null, "covered": null, "arrival_times:description": null, "phone": null, "surface": null, "website": null, "website:map": null, "wheelchair:description": null, "departures_board": null, "source": "GPS", "source:date": null, "check_date:bench": null, "smoothness": null, "description:arrival_times": null, "check_date": null, "check_date:lit": null, "check_date:tactile_paving": null, "fixme": null, "paving_stones:material": null, "sign": null, "railway": null, "railway:ref": null, "train": null }, "geometry": { "type": "Point", "coordinates": [ -83.7804401, 42.2800003 ] } },
{ "type": "Feature", "properties": { "index": 393, "element": "node", "id": 4438319184, "bench": "no", "bin": "no", "bus": "yes", "description": null, "highway": "bus_stop", "lit": "yes", "name": null, "operator": null, "public_transport": "platform", "ref": "30", "shelter": "no", "tactile_paving": "no", "network": "AAATA", "network:wikidata": "Q4766233", "brand": null, "phone:aaata": null, "ref:aaata": null, "ref:umich": null, "route_ref:aaata": null, "website:aaata": null, "website:aaata:maps": null, "website:umich:map": null, "website:umich:routes": null, "wheelchair": null, "check_date:shelter": null, "note": null, "passenger_information_display": null, "network:wikipedia": null, "alt_name": null, "local_ref": null, "ref:signed": null, "operator:wikidata": null, "operator:wikipedia": null, "mapillary": null, "route_ref": null, "survey:date": null, "covered": null, "arrival_times:description": null, "phone": null, "surface": null, "website": null, "website:map": null, "wheelchair:description": null, "departures_board": null, "source": "GPS", "source:date": null, "check_date:bench": null, "smoothness": null, "description:arrival_times": null, "check_date": null, "check_date:lit": null, "check_date:tactile_paving": null, "fixme": null, "paving_stones:material": null, "sign": null, "railway": null, "railway:ref": null, "train": null }, "geometry": { "type": "Point", "coordinates": [ -83.7796552, 42.2804159 ] } },
{ "type": "Feature", "properties": { "index": 394, "element": "node", "id": 4953780466, "bench": "no", "bin": "no", "bus": "yes", "description": null, "highway": "bus_stop", "lit": null, "name": "Huron + Seventh", "operator": "AAATA", "public_transport": "platform", "ref": null, "shelter": "no", "tactile_paving": null, "network": "AAATA", "network:wikidata": "Q4766233", "brand": null, "phone:aaata": null, "ref:aaata": null, "ref:umich": null, "route_ref:aaata": null, "website:aaata": null, "website:aaata:maps": null, "website:umich:map": null, "website:umich:routes": null, "wheelchair": null, "check_date:shelter": null, "note": null, "passenger_information_display": null, "network:wikipedia": null, "alt_name": null, "local_ref": null, "ref:signed": null, "operator:wikidata": null, "operator:wikipedia": null, "mapillary": null, "route_ref": null, "survey:date": null, "covered": null, "arrival_times:description": null, "phone": null, "surface": null, "website": null, "website:map": null, "wheelchair:description": null, "departures_board": null, "source": null, "source:date": null, "check_date:bench": null, "smoothness": null, "description:arrival_times": null, "check_date": null, "check_date:lit": null, "check_date:tactile_paving": null, "fixme": null, "paving_stones:material": null, "sign": null, "railway": null, "railway:ref": null, "train": null }, "geometry": { "type": "Point", "coordinates": [ -83.7575859, 42.2816635 ] } },
{ "type": "Feature", "properties": { "index": 395, "element": "node", "id": 3908834963, "bench": "no", "bin": "no", "bus": "yes", "description": null, "highway": "bus_stop", "lit": "no", "name": "#9, 609", "operator": null, "public_transport": "platform", "ref": "9, 609", "shelter": "no", "tactile_paving": "no", "network": "AAATA", "network:wikidata": "Q4766233", "brand": null, "phone:aaata": null, "ref:aaata": null, "ref:umich": null, "route_ref:aaata": null, "website:aaata": null, "website:aaata:maps": null, "website:umich:map": null, "website:umich:routes": null, "wheelchair": null, "check_date:shelter": null, "note": "185", "passenger_information_display": null, "network:wikipedia": null, "alt_name": null, "local_ref": null, "ref:signed": null, "operator:wikidata": null, "operator:wikipedia": null, "mapillary": null, "route_ref": null, "survey:date": null, "covered": null, "arrival_times:description": null, "phone": null, "surface": null, "website": null, "website:map": null, "wheelchair:description": null, "departures_board": null, "source": null, "source:date": null, "check_date:bench": null, "smoothness": null, "description:arrival_times": null, "check_date": null, "check_date:lit": null, "check_date:tactile_paving": null, "fixme": null, "paving_stones:material": null, "sign": null, "railway": null, "railway:ref": null, "train": null }, "geometry": { "type": "Point", "coordinates": [ -83.760512, 42.281732 ] } },
{ "type": "Feature", "properties": { "index": 396, "element": "node", "id": 5797106854, "bench": "no", "bin": "no", "bus": "yes", "description": null, "highway": "bus_stop", "lit": "no", "name": "Huron + Seventh", "operator": "AAATA", "public_transport": "platform", "ref": "696", "shelter": "no", "tactile_paving": "no", "network": "AAATA", "network:wikidata": "Q4766233", "brand": null, "phone:aaata": null, "ref:aaata": null, "ref:umich": null, "route_ref:aaata": null, "website:aaata": null, "website:aaata:maps": null, "website:umich:map": null, "website:umich:routes": null, "wheelchair": null, "check_date:shelter": null, "note": null, "passenger_information_display": "no", "network:wikipedia": null, "alt_name": null, "local_ref": null, "ref:signed": null, "operator:wikidata": null, "operator:wikipedia": null, "mapillary": null, "route_ref": null, "survey:date": null, "covered": null, "arrival_times:description": null, "phone": null, "surface": null, "website": null, "website:map": null, "wheelchair:description": null, "departures_board": null, "source": null, "source:date": null, "check_date:bench": null, "smoothness": null, "description:arrival_times": null, "check_date": null, "check_date:lit": null, "check_date:tactile_paving": null, "fixme": null, "paving_stones:material": null, "sign": null, "railway": null, "railway:ref": null, "train": null }, "geometry": { "type": "Point", "coordinates": [ -83.7593105, 42.2818393 ] } },
{ "type": "Feature", "properties": { "index": 397, "element": "node", "id": 5797106857, "bench": "no", "bin": "no", "bus": "yes", "description": null, "highway": "bus_stop", "lit": "no", "name": "Jackson + Dexter", "operator": "AAATA", "public_transport": "platform", "ref": "699", "shelter": "no", "tactile_paving": "no", "network": "AAATA", "network:wikidata": "Q4766233", "brand": null, "phone:aaata": null, "ref:aaata": null, "ref:umich": null, "route_ref:aaata": null, "website:aaata": null, "website:aaata:maps": null, "website:umich:map": null, "website:umich:routes": null, "wheelchair": null, "check_date:shelter": "2023-07-24", "note": null, "passenger_information_display": "no", "network:wikipedia": null, "alt_name": null, "local_ref": null, "ref:signed": null, "operator:wikidata": null, "operator:wikipedia": null, "mapillary": null, "route_ref": null, "survey:date": null, "covered": null, "arrival_times:description": null, "phone": null, "surface": null, "website": null, "website:map": null, "wheelchair:description": null, "departures_board": null, "source": null, "source:date": null, "check_date:bench": null, "smoothness": null, "description:arrival_times": null, "check_date": null, "check_date:lit": null, "check_date:tactile_paving": null, "fixme": null, "paving_stones:material": null, "sign": null, "railway": null, "railway:ref": null, "train": null }, "geometry": { "type": "Point", "coordinates": [ -83.7670194, 42.2818667 ] } },
{ "type": "Feature", "properties": { "index": 398, "element": "node", "id": 5797106855, "bench": "no", "bin": null, "bus": "yes", "description": null, "highway": "bus_stop", "lit": "no", "name": "Huron + Arbara", "operator": "AAATA", "public_transport": "platform", "ref": "697", "shelter": "no", "tactile_paving": null, "network": "AAATA", "network:wikidata": "Q4766233", "brand": null, "phone:aaata": null, "ref:aaata": null, "ref:umich": null, "route_ref:aaata": null, "website:aaata": null, "website:aaata:maps": null, "website:umich:map": null, "website:umich:routes": null, "wheelchair": null, "check_date:shelter": null, "note": null, "passenger_information_display": "no", "network:wikipedia": null, "alt_name": null, "local_ref": null, "ref:signed": null, "operator:wikidata": null, "operator:wikipedia": null, "mapillary": null, "route_ref": null, "survey:date": null, "covered": null, "arrival_times:description": null, "phone": null, "surface": null, "website": null, "website:map": null, "wheelchair:description": null, "departures_board": null, "source": null, "source:date": null, "check_date:bench": null, "smoothness": null, "description:arrival_times": null, "check_date": null, "check_date:lit": null, "check_date:tactile_paving": null, "fixme": null, "paving_stones:material": null, "sign": null, "railway": null, "railway:ref": null, "train": null }, "geometry": { "type": "Point", "coordinates": [ -83.7624602, 42.281942 ] } },
{ "type": "Feature", "properties": { "index": 399, "element": "node", "id": 5797106856, "bench": "no", "bin": "no", "bus": "yes", "description": null, "highway": "bus_stop", "lit": "no", "name": "Huron + Edmund", "operator": "AAATA", "public_transport": "platform", "ref": "698", "shelter": "no", "tactile_paving": null, "network": "AAATA", "network:wikidata": "Q4766233", "brand": null, "phone:aaata": null, "ref:aaata": null, "ref:umich": null, "route_ref:aaata": null, "website:aaata": null, "website:aaata:maps": null, "website:umich:map": null, "website:umich:routes": null, "wheelchair": null, "check_date:shelter": "2023-07-24", "note": null, "passenger_information_display": "no", "network:wikipedia": null, "alt_name": null, "local_ref": null, "ref:signed": null, "operator:wikidata": null, "operator:wikipedia": null, "mapillary": null, "route_ref": null, "survey:date": null, "covered": null, "arrival_times:description": null, "phone": null, "surface": null, "website": null, "website:map": null, "wheelchair:description": null, "departures_board": null, "source": null, "source:date": null, "check_date:bench": null, "smoothness": null, "description:arrival_times": null, "check_date": null, "check_date:lit": null, "check_date:tactile_paving": null, "fixme": null, "paving_stones:material": null, "sign": null, "railway": null, "railway:ref": null, "train": null }, "geometry": { "type": "Point", "coordinates": [ -83.7646395, 42.2820114 ] } },
{ "type": "Feature", "properties": { "index": 400, "element": "node", "id": 2874452530, "bench": "no", "bin": "no", "bus": "yes", "description": null, "highway": "bus_stop", "lit": null, "name": "State + Washington", "operator": "AAATA", "public_transport": "platform", "ref": null, "shelter": "no", "tactile_paving": "no", "network": "AAATA", "network:wikidata": "Q4766233", "brand": null, "phone:aaata": null, "ref:aaata": null, "ref:umich": null, "route_ref:aaata": null, "website:aaata": null, "website:aaata:maps": null, "website:umich:map": null, "website:umich:routes": null, "wheelchair": "yes", "check_date:shelter": null, "note": null, "passenger_information_display": null, "network:wikipedia": "en:Ann Arbor Area Transportation Authority", "alt_name": null, "local_ref": null, "ref:signed": "no", "operator:wikidata": null, "operator:wikipedia": null, "mapillary": null, "route_ref": null, "survey:date": null, "covered": null, "arrival_times:description": null, "phone": null, "surface": null, "website": null, "website:map": null, "wheelchair:description": null, "departures_board": null, "source": null, "source:date": null, "check_date:bench": null, "smoothness": null, "description:arrival_times": null, "check_date": null, "check_date:lit": null, "check_date:tactile_paving": null, "fixme": null, "paving_stones:material": null, "sign": null, "railway": null, "railway:ref": null, "train": null }, "geometry": { "type": "Point", "coordinates": [ -83.7409571, 42.2806121 ] } },
{ "type": "Feature", "properties": { "index": 401, "element": "node", "id": 13270958642, "bench": null, "bin": null, "bus": "yes", "description": null, "highway": "bus_stop", "lit": null, "name": null, "operator": null, "public_transport": "platform", "ref": null, "shelter": null, "tactile_paving": null, "network": null, "network:wikidata": null, "brand": null, "phone:aaata": null, "ref:aaata": null, "ref:umich": null, "route_ref:aaata": null, "website:aaata": null, "website:aaata:maps": null, "website:umich:map": null, "website:umich:routes": null, "wheelchair": null, "check_date:shelter": null, "note": null, "passenger_information_display": null, "network:wikipedia": null, "alt_name": null, "local_ref": null, "ref:signed": null, "operator:wikidata": null, "operator:wikipedia": null, "mapillary": null, "route_ref": null, "survey:date": null, "covered": null, "arrival_times:description": null, "phone": null, "surface": null, "website": null, "website:map": null, "wheelchair:description": null, "departures_board": null, "source": null, "source:date": null, "check_date:bench": null, "smoothness": null, "description:arrival_times": null, "check_date": null, "check_date:lit": null, "check_date:tactile_paving": null, "fixme": null, "paving_stones:material": null, "sign": null, "railway": null, "railway:ref": null, "train": null }, "geometry": { "type": "Point", "coordinates": [ -83.7461256, 42.2810206 ] } },
{ "type": "Feature", "properties": { "index": 402, "element": "node", "id": 4966097563, "bench": "no", "bin": null, "bus": "yes", "description": null, "highway": "bus_stop", "lit": null, "name": "State + Ann", "operator": "AAATA", "public_transport": "platform", "ref": null, "shelter": "no", "tactile_paving": null, "network": "AAATA", "network:wikidata": "Q4766233", "brand": null, "phone:aaata": null, "ref:aaata": null, "ref:umich": null, "route_ref:aaata": null, "website:aaata": null, "website:aaata:maps": null, "website:umich:map": null, "website:umich:routes": null, "wheelchair": null, "check_date:shelter": null, "note": null, "passenger_information_display": null, "network:wikipedia": null, "alt_name": null, "local_ref": null, "ref:signed": "no", "operator:wikidata": null, "operator:wikipedia": null, "mapillary": null, "route_ref": null, "survey:date": null, "covered": null, "arrival_times:description": null, "phone": null, "surface": null, "website": null, "website:map": null, "wheelchair:description": null, "departures_board": null, "source": null, "source:date": null, "check_date:bench": null, "smoothness": null, "description:arrival_times": null, "check_date": null, "check_date:lit": null, "check_date:tactile_paving": null, "fixme": null, "paving_stones:material": null, "sign": null, "railway": null, "railway:ref": null, "train": null }, "geometry": { "type": "Point", "coordinates": [ -83.7408342, 42.2820234 ] } },
{ "type": "Feature", "properties": { "index": 403, "element": "node", "id": 4966097564, "bench": "no", "bin": null, "bus": "yes", "description": null, "highway": "bus_stop", "lit": null, "name": "State + Ann", "operator": "AAATA", "public_transport": "platform", "ref": null, "shelter": "no", "tactile_paving": null, "network": "AAATA", "network:wikidata": "Q4766233", "brand": null, "phone:aaata": null, "ref:aaata": null, "ref:umich": null, "route_ref:aaata": null, "website:aaata": null, "website:aaata:maps": null, "website:umich:map": null, "website:umich:routes": null, "wheelchair": null, "check_date:shelter": null, "note": null, "passenger_information_display": null, "network:wikipedia": null, "alt_name": null, "local_ref": null, "ref:signed": "no", "operator:wikidata": null, "operator:wikipedia": null, "mapillary": null, "route_ref": null, "survey:date": null, "covered": null, "arrival_times:description": null, "phone": null, "surface": null, "website": null, "website:map": null, "wheelchair:description": null, "departures_board": null, "source": null, "source:date": null, "check_date:bench": null, "smoothness": null, "description:arrival_times": null, "check_date": null, "check_date:lit": null, "check_date:tactile_paving": null, "fixme": null, "paving_stones:material": null, "sign": null, "railway": null, "railway:ref": null, "train": null }, "geometry": { "type": "Point", "coordinates": [ -83.741022, 42.2822844 ] } },
{ "type": "Feature", "properties": { "index": 404, "element": "node", "id": 4926922356, "bench": "no", "bin": null, "bus": "yes", "description": null, "highway": "bus_stop", "lit": null, "name": "Catherine + Ingalls", "operator": "AAATA", "public_transport": "platform", "ref": null, "shelter": "no", "tactile_paving": "no", "network": "AAATA", "network:wikidata": "Q4766233", "brand": null, "phone:aaata": null, "ref:aaata": null, "ref:umich": null, "route_ref:aaata": null, "website:aaata": null, "website:aaata:maps": null, "website:umich:map": null, "website:umich:routes": null, "wheelchair": null, "check_date:shelter": null, "note": null, "passenger_information_display": null, "network:wikipedia": null, "alt_name": null, "local_ref": null, "ref:signed": null, "operator:wikidata": null, "operator:wikipedia": null, "mapillary": null, "route_ref": null, "survey:date": null, "covered": null, "arrival_times:description": null, "phone": null, "surface": null, "website": null, "website:map": null, "wheelchair:description": null, "departures_board": null, "source": null, "source:date": null, "check_date:bench": null, "smoothness": null, "description:arrival_times": null, "check_date": null, "check_date:lit": null, "check_date:tactile_paving": null, "fixme": null, "paving_stones:material": null, "sign": null, "railway": null, "railway:ref": null, "train": null }, "geometry": { "type": "Point", "coordinates": [ -83.7390615, 42.2831329 ] } },
{ "type": "Feature", "properties": { "index": 405, "element": "node", "id": 4598137000, "bench": "yes", "bin": "no", "bus": "yes", "description": null, "highway": "bus_stop", "lit": null, "name": null, "operator": null, "public_transport": "platform", "ref": "996-0400", "shelter": "no", "tactile_paving": "no", "network": "AAATA", "network:wikidata": "Q4766233", "brand": null, "phone:aaata": null, "ref:aaata": null, "ref:umich": null, "route_ref:aaata": null, "website:aaata": null, "website:aaata:maps": null, "website:umich:map": null, "website:umich:routes": null, "wheelchair": "yes", "check_date:shelter": "2021-09-14", "note": null, "passenger_information_display": null, "network:wikipedia": null, "alt_name": null, "local_ref": null, "ref:signed": null, "operator:wikidata": null, "operator:wikipedia": null, "mapillary": null, "route_ref": null, "survey:date": "2017-01-03", "covered": null, "arrival_times:description": null, "phone": null, "surface": null, "website": null, "website:map": null, "wheelchair:description": null, "departures_board": null, "source": "survey", "source:date": null, "check_date:bench": null, "smoothness": null, "description:arrival_times": null, "check_date": null, "check_date:lit": null, "check_date:tactile_paving": null, "fixme": null, "paving_stones:material": null, "sign": null, "railway": null, "railway:ref": null, "train": null }, "geometry": { "type": "Point", "coordinates": [ -83.7473796, 42.2831636 ] } },
{ "type": "Feature", "properties": { "index": 406, "element": "node", "id": 4917115633, "bench": "no", "bin": "no", "bus": "yes", "description": null, "highway": "bus_stop", "lit": "no", "name": "Community High School", "operator": "ATAAA", "public_transport": "platform", "ref": "149", "shelter": "no", "tactile_paving": "no", "network": "AAATA", "network:wikidata": "Q4766233", "brand": null, "phone:aaata": null, "ref:aaata": null, "ref:umich": null, "route_ref:aaata": null, "website:aaata": null, "website:aaata:maps": null, "website:umich:map": null, "website:umich:routes": null, "wheelchair": null, "check_date:shelter": null, "note": "21, 22, 65", "passenger_information_display": null, "network:wikipedia": null, "alt_name": null, "local_ref": null, "ref:signed": null, "operator:wikidata": null, "operator:wikipedia": null, "mapillary": null, "route_ref": null, "survey:date": null, "covered": null, "arrival_times:description": null, "phone": null, "surface": null, "website": null, "website:map": null, "wheelchair:description": null, "departures_board": null, "source": null, "source:date": null, "check_date:bench": null, "smoothness": null, "description:arrival_times": null, "check_date": null, "check_date:lit": null, "check_date:tactile_paving": null, "fixme": null, "paving_stones:material": null, "sign": null, "railway": null, "railway:ref": null, "train": null }, "geometry": { "type": "Point", "coordinates": [ -83.743664, 42.2834099 ] } },
{ "type": "Feature", "properties": { "index": 407, "element": "node", "id": 9878273944, "bench": null, "bin": null, "bus": "yes", "description": null, "highway": "bus_stop", "lit": null, "name": "Beakes + Summit", "operator": "AAATA", "public_transport": "platform", "ref": "173", "shelter": null, "tactile_paving": null, "network": "AAATA", "network:wikidata": "Q4766233", "brand": null, "phone:aaata": null, "ref:aaata": null, "ref:umich": null, "route_ref:aaata": null, "website:aaata": null, "website:aaata:maps": null, "website:umich:map": null, "website:umich:routes": null, "wheelchair": null, "check_date:shelter": null, "note": null, "passenger_information_display": null, "network:wikipedia": null, "alt_name": null, "local_ref": null, "ref:signed": null, "operator:wikidata": null, "operator:wikipedia": null, "mapillary": null, "route_ref": null, "survey:date": null, "covered": null, "arrival_times:description": null, "phone": null, "surface": null, "website": null, "website:map": null, "wheelchair:description": null, "departures_board": null, "source": null, "source:date": null, "check_date:bench": null, "smoothness": null, "description:arrival_times": null, "check_date": null, "check_date:lit": null, "check_date:tactile_paving": null, "fixme": null, "paving_stones:material": null, "sign": null, "railway": null, "railway:ref": null, "train": null }, "geometry": { "type": "Point", "coordinates": [ -83.7440037, 42.2868828 ] } },
{ "type": "Feature", "properties": { "index": 408, "element": "node", "id": 6440487786, "bench": "no", "bin": "no", "bus": "yes", "description": null, "highway": "bus_stop", "lit": "no", "name": "#21", "operator": null, "public_transport": "platform", "ref": "1885", "shelter": "no", "tactile_paving": "no", "network": "AAATA", "network:wikidata": "Q4766233", "brand": null, "phone:aaata": null, "ref:aaata": null, "ref:umich": null, "route_ref:aaata": null, "website:aaata": null, "website:aaata:maps": null, "website:umich:map": null, "website:umich:routes": null, "wheelchair": null, "check_date:shelter": null, "note": null, "passenger_information_display": null, "network:wikipedia": null, "alt_name": null, "local_ref": null, "ref:signed": null, "operator:wikidata": null, "operator:wikipedia": null, "mapillary": null, "route_ref": null, "survey:date": null, "covered": null, "arrival_times:description": null, "phone": null, "surface": null, "website": null, "website:map": null, "wheelchair:description": null, "departures_board": null, "source": null, "source:date": null, "check_date:bench": null, "smoothness": null, "description:arrival_times": null, "check_date": null, "check_date:lit": null, "check_date:tactile_paving": null, "fixme": null, "paving_stones:material": null, "sign": null, "railway": null, "railway:ref": null, "train": null }, "geometry": { "type": "Point", "coordinates": [ -83.7427889, 42.28751 ] } },
{ "type": "Feature", "properties": { "index": 409, "element": "node", "id": 4964930126, "bench": "no", "bin": null, "bus": "yes", "description": null, "highway": "bus_stop", "lit": null, "name": null, "operator": null, "public_transport": "platform", "ref": null, "shelter": "no", "tactile_paving": null, "network": null, "network:wikidata": null, "brand": null, "phone:aaata": null, "ref:aaata": null, "ref:umich": null, "route_ref:aaata": null, "website:aaata": null, "website:aaata:maps": null, "website:umich:map": null, "website:umich:routes": null, "wheelchair": null, "check_date:shelter": null, "note": "65", "passenger_information_display": null, "network:wikipedia": null, "alt_name": null, "local_ref": null, "ref:signed": null, "operator:wikidata": null, "operator:wikipedia": null, "mapillary": null, "route_ref": null, "survey:date": null, "covered": null, "arrival_times:description": null, "phone": null, "surface": null, "website": null, "website:map": null, "wheelchair:description": null, "departures_board": null, "source": null, "source:date": null, "check_date:bench": null, "smoothness": null, "description:arrival_times": null, "check_date": null, "check_date:lit": null, "check_date:tactile_paving": null, "fixme": null, "paving_stones:material": null, "sign": null, "railway": null, "railway:ref": null, "train": null }, "geometry": { "type": "Point", "coordinates": [ -83.7390288, 42.2891867 ] } },
{ "type": "Feature", "properties": { "index": 410, "element": "node", "id": 4961795619, "bench": "no", "bin": "no", "bus": "yes", "description": null, "highway": "bus_stop", "lit": null, "name": "Washtenaw Courthouse", "operator": null, "public_transport": "platform", "ref": null, "shelter": "no", "tactile_paving": "no", "network": "AAATA", "network:wikidata": "Q4766233", "brand": null, "phone:aaata": null, "ref:aaata": null, "ref:umich": null, "route_ref:aaata": null, "website:aaata": null, "website:aaata:maps": null, "website:umich:map": null, "website:umich:routes": null, "wheelchair": null, "check_date:shelter": null, "note": "#32, 60", "passenger_information_display": null, "network:wikipedia": null, "alt_name": null, "local_ref": null, "ref:signed": null, "operator:wikidata": null, "operator:wikipedia": null, "mapillary": null, "route_ref": null, "survey:date": null, "covered": null, "arrival_times:description": null, "phone": null, "surface": null, "website": null, "website:map": null, "wheelchair:description": null, "departures_board": null, "source": null, "source:date": null, "check_date:bench": null, "smoothness": null, "description:arrival_times": null, "check_date": null, "check_date:lit": null, "check_date:tactile_paving": null, "fixme": null, "paving_stones:material": null, "sign": null, "railway": null, "railway:ref": null, "train": null }, "geometry": { "type": "Point", "coordinates": [ -83.7476168, 42.2814849 ] } },
{ "type": "Feature", "properties": { "index": 411, "element": "node", "id": 4839341208, "bench": "yes", "bin": "no", "bus": "yes", "description": null, "highway": "bus_stop", "lit": null, "name": "Lurie Terrace", "operator": null, "public_transport": "platform", "ref": null, "shelter": "yes", "tactile_paving": "no", "network": "AAATA", "network:wikidata": "Q4766233", "brand": null, "phone:aaata": null, "ref:aaata": null, "ref:umich": null, "route_ref:aaata": null, "website:aaata": null, "website:aaata:maps": null, "website:umich:map": null, "website:umich:routes": null, "wheelchair": null, "check_date:shelter": "2021-10-24", "note": "60", "passenger_information_display": null, "network:wikipedia": null, "alt_name": null, "local_ref": null, "ref:signed": null, "operator:wikidata": null, "operator:wikipedia": null, "mapillary": null, "route_ref": null, "survey:date": null, "covered": null, "arrival_times:description": null, "phone": null, "surface": null, "website": null, "website:map": null, "wheelchair:description": null, "departures_board": null, "source": null, "source:date": null, "check_date:bench": null, "smoothness": null, "description:arrival_times": null, "check_date": null, "check_date:lit": null, "check_date:tactile_paving": null, "fixme": null, "paving_stones:material": null, "sign": null, "railway": null, "railway:ref": null, "train": null }, "geometry": { "type": "Point", "coordinates": [ -83.7535574, 42.2815095 ] } },
{ "type": "Feature", "properties": { "index": 412, "element": "node", "id": 4919630425, "bench": "no", "bin": null, "bus": "yes", "description": null, "highway": "bus_stop", "lit": null, "name": "Huron + Main", "operator": "ATAAA", "public_transport": "platform", "ref": "693", "shelter": "no", "tactile_paving": null, "network": "AAATA", "network:wikidata": "Q4766233", "brand": null, "phone:aaata": null, "ref:aaata": null, "ref:umich": null, "route_ref:aaata": null, "website:aaata": null, "website:aaata:maps": null, "website:umich:map": null, "website:umich:routes": null, "wheelchair": null, "check_date:shelter": null, "note": "30, 31, 32, 60", "passenger_information_display": null, "network:wikipedia": null, "alt_name": null, "local_ref": null, "ref:signed": null, "operator:wikidata": null, "operator:wikipedia": null, "mapillary": null, "route_ref": null, "survey:date": null, "covered": null, "arrival_times:description": null, "phone": null, "surface": null, "website": null, "website:map": null, "wheelchair:description": null, "departures_board": null, "source": null, "source:date": null, "check_date:bench": null, "smoothness": null, "description:arrival_times": null, "check_date": null, "check_date:lit": null, "check_date:tactile_paving": null, "fixme": null, "paving_stones:material": null, "sign": null, "railway": null, "railway:ref": null, "train": null }, "geometry": { "type": "Point", "coordinates": [ -83.7491762, 42.2815309 ] } },
{ "type": "Feature", "properties": { "index": 413, "element": "node", "id": 4839341207, "bench": "yes", "bin": "no", "bus": "yes", "description": null, "highway": "bus_stop", "lit": null, "name": "Lurie Terrace", "operator": "AAATA", "public_transport": "platform", "ref": "695", "shelter": "yes", "tactile_paving": null, "network": "AAATA", "network:wikidata": "Q4766233", "brand": null, "phone:aaata": null, "ref:aaata": null, "ref:umich": null, "route_ref:aaata": null, "website:aaata": null, "website:aaata:maps": null, "website:umich:map": null, "website:umich:routes": null, "wheelchair": null, "check_date:shelter": "2023-07-26", "note": "60", "passenger_information_display": null, "network:wikipedia": null, "alt_name": null, "local_ref": null, "ref:signed": null, "operator:wikidata": null, "operator:wikipedia": null, "mapillary": null, "route_ref": null, "survey:date": null, "covered": null, "arrival_times:description": null, "phone": null, "surface": null, "website": null, "website:map": null, "wheelchair:description": null, "departures_board": null, "source": null, "source:date": null, "check_date:bench": null, "smoothness": null, "description:arrival_times": null, "check_date": null, "check_date:lit": null, "check_date:tactile_paving": null, "fixme": null, "paving_stones:material": null, "sign": null, "railway": null, "railway:ref": null, "train": null }, "geometry": { "type": "Point", "coordinates": [ -83.7541867, 42.2816839 ] } },
{ "type": "Feature", "properties": { "index": 414, "element": "node", "id": 4936280375, "bench": "no", "bin": null, "bus": "yes", "description": null, "highway": "bus_stop", "lit": null, "name": null, "operator": "AAATA", "public_transport": "platform", "ref": null, "shelter": "no", "tactile_paving": null, "network": "AAATA", "network:wikidata": "Q4766233", "brand": null, "phone:aaata": null, "ref:aaata": null, "ref:umich": null, "route_ref:aaata": null, "website:aaata": null, "website:aaata:maps": null, "website:umich:map": null, "website:umich:routes": null, "wheelchair": null, "check_date:shelter": null, "note": null, "passenger_information_display": null, "network:wikipedia": null, "alt_name": null, "local_ref": null, "ref:signed": null, "operator:wikidata": null, "operator:wikipedia": null, "mapillary": null, "route_ref": null, "survey:date": null, "covered": null, "arrival_times:description": null, "phone": null, "surface": null, "website": null, "website:map": null, "wheelchair:description": null, "departures_board": null, "source": null, "source:date": null, "check_date:bench": null, "smoothness": null, "description:arrival_times": null, "check_date": null, "check_date:lit": null, "check_date:tactile_paving": null, "fixme": null, "paving_stones:material": null, "sign": null, "railway": null, "railway:ref": null, "train": null }, "geometry": { "type": "Point", "coordinates": [ -83.7493133, 42.2832327 ] } },
{ "type": "Feature", "properties": { "index": 415, "element": "node", "id": 4598136999, "bench": "no", "bin": "no", "bus": "yes", "description": null, "highway": "bus_stop", "lit": "yes", "name": null, "operator": null, "public_transport": "platform", "ref": "996-0400", "shelter": "no", "tactile_paving": "no", "network": "AAATA", "network:wikidata": "Q4766233", "brand": null, "phone:aaata": null, "ref:aaata": null, "ref:umich": null, "route_ref:aaata": null, "website:aaata": null, "website:aaata:maps": null, "website:umich:map": null, "website:umich:routes": null, "wheelchair": "yes", "check_date:shelter": null, "note": null, "passenger_information_display": null, "network:wikipedia": null, "alt_name": null, "local_ref": null, "ref:signed": null, "operator:wikidata": null, "operator:wikipedia": null, "mapillary": null, "route_ref": null, "survey:date": "2017-01-03", "covered": null, "arrival_times:description": null, "phone": null, "surface": null, "website": null, "website:map": null, "wheelchair:description": null, "departures_board": null, "source": "survey", "source:date": null, "check_date:bench": null, "smoothness": null, "description:arrival_times": null, "check_date": null, "check_date:lit": null, "check_date:tactile_paving": null, "fixme": null, "paving_stones:material": null, "sign": null, "railway": null, "railway:ref": null, "train": null }, "geometry": { "type": "Point", "coordinates": [ -83.7476505, 42.2833145 ] } },
{ "type": "Feature", "properties": { "index": 416, "element": "node", "id": 4936280368, "bench": "no", "bin": null, "bus": "yes", "description": null, "highway": "bus_stop", "lit": null, "name": null, "operator": "AAATA", "public_transport": "platform", "ref": null, "shelter": "no", "tactile_paving": null, "network": "AAATA", "network:wikidata": "Q4766233", "brand": null, "phone:aaata": null, "ref:aaata": null, "ref:umich": null, "route_ref:aaata": null, "website:aaata": null, "website:aaata:maps": null, "website:umich:map": null, "website:umich:routes": null, "wheelchair": null, "check_date:shelter": null, "note": null, "passenger_information_display": null, "network:wikipedia": null, "alt_name": null, "local_ref": null, "ref:signed": null, "operator:wikidata": null, "operator:wikipedia": null, "mapillary": null, "route_ref": null, "survey:date": null, "covered": null, "arrival_times:description": null, "phone": null, "surface": null, "website": null, "website:map": null, "wheelchair:description": null, "departures_board": null, "source": null, "source:date": null, "check_date:bench": null, "smoothness": null, "description:arrival_times": null, "check_date": null, "check_date:lit": null, "check_date:tactile_paving": null, "fixme": null, "paving_stones:material": null, "sign": null, "railway": null, "railway:ref": null, "train": null }, "geometry": { "type": "Point", "coordinates": [ -83.7501368, 42.2833775 ] } },
{ "type": "Feature", "properties": { "index": 417, "element": "node", "id": 4995646827, "bench": "no", "bin": null, "bus": "yes", "description": null, "highway": "bus_stop", "lit": null, "name": null, "operator": "AAATA", "public_transport": "platform", "ref": null, "shelter": "no", "tactile_paving": null, "network": "AAATA", "network:wikidata": "Q4766233", "brand": null, "phone:aaata": null, "ref:aaata": null, "ref:umich": null, "route_ref:aaata": null, "website:aaata": null, "website:aaata:maps": null, "website:umich:map": null, "website:umich:routes": null, "wheelchair": null, "check_date:shelter": null, "note": null, "passenger_information_display": null, "network:wikipedia": null, "alt_name": null, "local_ref": null, "ref:signed": null, "operator:wikidata": null, "operator:wikipedia": null, "mapillary": null, "route_ref": null, "survey:date": null, "covered": null, "arrival_times:description": null, "phone": null, "surface": null, "website": null, "website:map": null, "wheelchair:description": null, "departures_board": null, "source": null, "source:date": null, "check_date:bench": null, "smoothness": null, "description:arrival_times": null, "check_date": null, "check_date:lit": null, "check_date:tactile_paving": null, "fixme": null, "paving_stones:material": null, "sign": null, "railway": null, "railway:ref": null, "train": null }, "geometry": { "type": "Point", "coordinates": [ -83.7527396, 42.2838297 ] } },
{ "type": "Feature", "properties": { "index": 418, "element": "node", "id": 4995646826, "bench": "no", "bin": null, "bus": "yes", "description": null, "highway": "bus_stop", "lit": null, "name": null, "operator": "AAATA", "public_transport": "platform", "ref": null, "shelter": "no", "tactile_paving": null, "network": "AAATA", "network:wikidata": "Q4766233", "brand": null, "phone:aaata": null, "ref:aaata": null, "ref:umich": null, "route_ref:aaata": null, "website:aaata": null, "website:aaata:maps": null, "website:umich:map": null, "website:umich:routes": null, "wheelchair": null, "check_date:shelter": null, "note": "#32", "passenger_information_display": null, "network:wikipedia": null, "alt_name": null, "local_ref": null, "ref:signed": null, "operator:wikidata": null, "operator:wikipedia": null, "mapillary": null, "route_ref": null, "survey:date": null, "covered": null, "arrival_times:description": null, "phone": null, "surface": null, "website": null, "website:map": null, "wheelchair:description": null, "departures_board": null, "source": null, "source:date": null, "check_date:bench": null, "smoothness": null, "description:arrival_times": null, "check_date": null, "check_date:lit": null, "check_date:tactile_paving": null, "fixme": null, "paving_stones:material": null, "sign": null, "railway": null, "railway:ref": null, "train": null }, "geometry": { "type": "Point", "coordinates": [ -83.752678, 42.2839378 ] } },
{ "type": "Feature", "properties": { "index": 419, "element": "node", "id": 6044903714, "bench": "no", "bin": "no", "bus": "yes", "description": null, "highway": "bus_stop", "lit": null, "name": "#33", "operator": "Ann Arbor Area Transit Authority", "public_transport": "platform", "ref": "33", "shelter": "no", "tactile_paving": null, "network": "AAATA", "network:wikidata": "Q4766233", "brand": null, "phone:aaata": null, "ref:aaata": null, "ref:umich": null, "route_ref:aaata": null, "website:aaata": null, "website:aaata:maps": null, "website:umich:map": null, "website:umich:routes": null, "wheelchair": null, "check_date:shelter": null, "note": null, "passenger_information_display": null, "network:wikipedia": null, "alt_name": null, "local_ref": null, "ref:signed": null, "operator:wikidata": null, "operator:wikipedia": null, "mapillary": null, "route_ref": null, "survey:date": null, "covered": null, "arrival_times:description": null, "phone": null, "surface": null, "website": null, "website:map": null, "wheelchair:description": null, "departures_board": null, "source": null, "source:date": null, "check_date:bench": null, "smoothness": null, "description:arrival_times": null, "check_date": null, "check_date:lit": null, "check_date:tactile_paving": null, "fixme": null, "paving_stones:material": null, "sign": null, "railway": null, "railway:ref": null, "train": null }, "geometry": { "type": "Point", "coordinates": [ -83.7486888, 42.2888236 ] } },
{ "type": "Feature", "properties": { "index": 420, "element": "node", "id": 5921512190, "bench": null, "bin": null, "bus": "yes", "description": null, "highway": "bus_stop", "lit": null, "name": null, "operator": null, "public_transport": "platform", "ref": null, "shelter": null, "tactile_paving": null, "network": "AAATA", "network:wikidata": "Q4766233", "brand": null, "phone:aaata": null, "ref:aaata": null, "ref:umich": null, "route_ref:aaata": null, "website:aaata": null, "website:aaata:maps": null, "website:umich:map": null, "website:umich:routes": null, "wheelchair": null, "check_date:shelter": null, "note": null, "passenger_information_display": null, "network:wikipedia": null, "alt_name": null, "local_ref": null, "ref:signed": null, "operator:wikidata": null, "operator:wikipedia": null, "mapillary": null, "route_ref": null, "survey:date": null, "covered": null, "arrival_times:description": null, "phone": null, "surface": null, "website": null, "website:map": null, "wheelchair:description": null, "departures_board": null, "source": null, "source:date": null, "check_date:bench": null, "smoothness": null, "description:arrival_times": null, "check_date": null, "check_date:lit": null, "check_date:tactile_paving": null, "fixme": null, "paving_stones:material": null, "sign": null, "railway": null, "railway:ref": null, "train": null }, "geometry": { "type": "Point", "coordinates": [ -83.7763874, 42.2842551 ] } },
{ "type": "Feature", "properties": { "index": 421, "element": "node", "id": 5921512189, "bench": null, "bin": null, "bus": "yes", "description": null, "highway": "bus_stop", "lit": null, "name": null, "operator": null, "public_transport": "platform", "ref": null, "shelter": null, "tactile_paving": null, "network": "AAATA", "network:wikidata": "Q4766233", "brand": null, "phone:aaata": null, "ref:aaata": null, "ref:umich": null, "route_ref:aaata": null, "website:aaata": null, "website:aaata:maps": null, "website:umich:map": null, "website:umich:routes": null, "wheelchair": null, "check_date:shelter": null, "note": null, "passenger_information_display": null, "network:wikipedia": null, "alt_name": null, "local_ref": null, "ref:signed": null, "operator:wikidata": null, "operator:wikipedia": null, "mapillary": null, "route_ref": null, "survey:date": null, "covered": null, "arrival_times:description": null, "phone": null, "surface": null, "website": null, "website:map": null, "wheelchair:description": null, "departures_board": null, "source": null, "source:date": null, "check_date:bench": null, "smoothness": null, "description:arrival_times": null, "check_date": null, "check_date:lit": null, "check_date:tactile_paving": null, "fixme": null, "paving_stones:material": null, "sign": null, "railway": null, "railway:ref": null, "train": null }, "geometry": { "type": "Point", "coordinates": [ -83.7762806, 42.284336 ] } },
{ "type": "Feature", "properties": { "index": 422, "element": "node", "id": 5642501896, "bench": null, "bin": null, "bus": "yes", "description": null, "highway": "bus_stop", "lit": null, "name": null, "operator": "AATA", "public_transport": "platform", "ref": null, "shelter": null, "tactile_paving": null, "network": "AAATA", "network:wikidata": "Q4766233", "brand": null, "phone:aaata": null, "ref:aaata": null, "ref:umich": null, "route_ref:aaata": null, "website:aaata": null, "website:aaata:maps": null, "website:umich:map": null, "website:umich:routes": null, "wheelchair": null, "check_date:shelter": null, "note": null, "passenger_information_display": null, "network:wikipedia": null, "alt_name": null, "local_ref": null, "ref:signed": null, "operator:wikidata": null, "operator:wikipedia": null, "mapillary": null, "route_ref": null, "survey:date": null, "covered": null, "arrival_times:description": null, "phone": null, "surface": null, "website": null, "website:map": null, "wheelchair:description": null, "departures_board": null, "source": null, "source:date": null, "check_date:bench": null, "smoothness": null, "description:arrival_times": null, "check_date": null, "check_date:lit": null, "check_date:tactile_paving": null, "fixme": null, "paving_stones:material": null, "sign": null, "railway": null, "railway:ref": null, "train": null }, "geometry": { "type": "Point", "coordinates": [ -83.7795609, 42.2851042 ] } },
{ "type": "Feature", "properties": { "index": 423, "element": "node", "id": 5642501890, "bench": null, "bin": null, "bus": "yes", "description": null, "highway": "bus_stop", "lit": null, "name": null, "operator": "AATA", "public_transport": "platform", "ref": null, "shelter": null, "tactile_paving": null, "network": "AAATA", "network:wikidata": "Q4766233", "brand": null, "phone:aaata": null, "ref:aaata": null, "ref:umich": null, "route_ref:aaata": null, "website:aaata": null, "website:aaata:maps": null, "website:umich:map": null, "website:umich:routes": null, "wheelchair": null, "check_date:shelter": null, "note": null, "passenger_information_display": null, "network:wikipedia": null, "alt_name": null, "local_ref": null, "ref:signed": null, "operator:wikidata": null, "operator:wikipedia": null, "mapillary": null, "route_ref": null, "survey:date": null, "covered": null, "arrival_times:description": null, "phone": null, "surface": null, "website": null, "website:map": null, "wheelchair:description": null, "departures_board": null, "source": null, "source:date": null, "check_date:bench": null, "smoothness": null, "description:arrival_times": null, "check_date": null, "check_date:lit": null, "check_date:tactile_paving": null, "fixme": null, "paving_stones:material": null, "sign": null, "railway": null, "railway:ref": null, "train": null }, "geometry": { "type": "Point", "coordinates": [ -83.7796252, 42.2852824 ] } },
{ "type": "Feature", "properties": { "index": 424, "element": "node", "id": 5921734362, "bench": null, "bin": null, "bus": "yes", "description": null, "highway": "bus_stop", "lit": null, "name": null, "operator": null, "public_transport": "platform", "ref": null, "shelter": null, "tactile_paving": null, "network": "AAATA", "network:wikidata": "Q4766233", "brand": null, "phone:aaata": null, "ref:aaata": null, "ref:umich": null, "route_ref:aaata": null, "website:aaata": null, "website:aaata:maps": null, "website:umich:map": null, "website:umich:routes": null, "wheelchair": null, "check_date:shelter": null, "note": null, "passenger_information_display": null, "network:wikipedia": null, "alt_name": null, "local_ref": null, "ref:signed": null, "operator:wikidata": null, "operator:wikipedia": null, "mapillary": null, "route_ref": null, "survey:date": null, "covered": null, "arrival_times:description": null, "phone": null, "surface": null, "website": null, "website:map": null, "wheelchair:description": null, "departures_board": null, "source": null, "source:date": null, "check_date:bench": null, "smoothness": null, "description:arrival_times": null, "check_date": null, "check_date:lit": null, "check_date:tactile_paving": null, "fixme": null, "paving_stones:material": null, "sign": null, "railway": null, "railway:ref": null, "train": null }, "geometry": { "type": "Point", "coordinates": [ -83.7803532, 42.2857213 ] } },
{ "type": "Feature", "properties": { "index": 425, "element": "node", "id": 5929967911, "bench": null, "bin": null, "bus": "yes", "description": null, "highway": "bus_stop", "lit": null, "name": null, "operator": null, "public_transport": "platform", "ref": null, "shelter": null, "tactile_paving": null, "network": "AAATA", "network:wikidata": "Q4766233", "brand": null, "phone:aaata": null, "ref:aaata": null, "ref:umich": null, "route_ref:aaata": null, "website:aaata": null, "website:aaata:maps": null, "website:umich:map": null, "website:umich:routes": null, "wheelchair": null, "check_date:shelter": null, "note": null, "passenger_information_display": null, "network:wikipedia": null, "alt_name": null, "local_ref": null, "ref:signed": null, "operator:wikidata": null, "operator:wikipedia": null, "mapillary": null, "route_ref": null, "survey:date": null, "covered": null, "arrival_times:description": null, "phone": null, "surface": null, "website": null, "website:map": null, "wheelchair:description": null, "departures_board": null, "source": null, "source:date": null, "check_date:bench": null, "smoothness": null, "description:arrival_times": null, "check_date": null, "check_date:lit": null, "check_date:tactile_paving": null, "fixme": null, "paving_stones:material": null, "sign": null, "railway": null, "railway:ref": null, "train": null }, "geometry": { "type": "Point", "coordinates": [ -83.7811174, 42.2857515 ] } },
{ "type": "Feature", "properties": { "index": 426, "element": "node", "id": 5929967912, "bench": null, "bin": null, "bus": "yes", "description": null, "highway": "bus_stop", "lit": null, "name": null, "operator": null, "public_transport": "platform", "ref": null, "shelter": null, "tactile_paving": null, "network": "AAATA", "network:wikidata": "Q4766233", "brand": null, "phone:aaata": null, "ref:aaata": null, "ref:umich": null, "route_ref:aaata": null, "website:aaata": null, "website:aaata:maps": null, "website:umich:map": null, "website:umich:routes": null, "wheelchair": null, "check_date:shelter": null, "note": null, "passenger_information_display": null, "network:wikipedia": null, "alt_name": null, "local_ref": null, "ref:signed": null, "operator:wikidata": null, "operator:wikipedia": null, "mapillary": null, "route_ref": null, "survey:date": null, "covered": null, "arrival_times:description": null, "phone": null, "surface": null, "website": null, "website:map": null, "wheelchair:description": null, "departures_board": null, "source": null, "source:date": null, "check_date:bench": null, "smoothness": null, "description:arrival_times": null, "check_date": null, "check_date:lit": null, "check_date:tactile_paving": null, "fixme": null, "paving_stones:material": null, "sign": null, "railway": null, "railway:ref": null, "train": null }, "geometry": { "type": "Point", "coordinates": [ -83.7816503, 42.2857606 ] } },
{ "type": "Feature", "properties": { "index": 427, "element": "node", "id": 5929967913, "bench": null, "bin": null, "bus": "yes", "description": null, "highway": "bus_stop", "lit": null, "name": null, "operator": null, "public_transport": "platform", "ref": null, "shelter": null, "tactile_paving": null, "network": "AAATA", "network:wikidata": "Q4766233", "brand": null, "phone:aaata": null, "ref:aaata": null, "ref:umich": null, "route_ref:aaata": null, "website:aaata": null, "website:aaata:maps": null, "website:umich:map": null, "website:umich:routes": null, "wheelchair": null, "check_date:shelter": null, "note": null, "passenger_information_display": null, "network:wikipedia": null, "alt_name": null, "local_ref": null, "ref:signed": null, "operator:wikidata": null, "operator:wikipedia": null, "mapillary": null, "route_ref": null, "survey:date": null, "covered": null, "arrival_times:description": null, "phone": null, "surface": null, "website": null, "website:map": null, "wheelchair:description": null, "departures_board": null, "source": null, "source:date": null, "check_date:bench": null, "smoothness": null, "description:arrival_times": null, "check_date": null, "check_date:lit": null, "check_date:tactile_paving": null, "fixme": null, "paving_stones:material": null, "sign": null, "railway": null, "railway:ref": null, "train": null }, "geometry": { "type": "Point", "coordinates": [ -83.7848713, 42.2869206 ] } },
{ "type": "Feature", "properties": { "index": 428, "element": "node", "id": 5921507224, "bench": null, "bin": null, "bus": "yes", "description": null, "highway": "bus_stop", "lit": null, "name": null, "operator": null, "public_transport": "platform", "ref": null, "shelter": null, "tactile_paving": null, "network": null, "network:wikidata": null, "brand": null, "phone:aaata": null, "ref:aaata": null, "ref:umich": null, "route_ref:aaata": null, "website:aaata": null, "website:aaata:maps": null, "website:umich:map": null, "website:umich:routes": null, "wheelchair": null, "check_date:shelter": null, "note": null, "passenger_information_display": null, "network:wikipedia": null, "alt_name": null, "local_ref": null, "ref:signed": null, "operator:wikidata": null, "operator:wikipedia": null, "mapillary": null, "route_ref": null, "survey:date": null, "covered": null, "arrival_times:description": null, "phone": null, "surface": null, "website": null, "website:map": null, "wheelchair:description": null, "departures_board": null, "source": null, "source:date": null, "check_date:bench": null, "smoothness": null, "description:arrival_times": null, "check_date": null, "check_date:lit": null, "check_date:tactile_paving": null, "fixme": null, "paving_stones:material": null, "sign": null, "railway": null, "railway:ref": null, "train": null }, "geometry": { "type": "Point", "coordinates": [ -83.7806652, 42.2872758 ] } },
{ "type": "Feature", "properties": { "index": 429, "element": "node", "id": 5929967914, "bench": null, "bin": null, "bus": "yes", "description": null, "highway": "bus_stop", "lit": null, "name": null, "operator": null, "public_transport": "platform", "ref": null, "shelter": null, "tactile_paving": null, "network": "AAATA", "network:wikidata": "Q4766233", "brand": null, "phone:aaata": null, "ref:aaata": null, "ref:umich": null, "route_ref:aaata": null, "website:aaata": null, "website:aaata:maps": null, "website:umich:map": null, "website:umich:routes": null, "wheelchair": null, "check_date:shelter": null, "note": null, "passenger_information_display": null, "network:wikipedia": null, "alt_name": null, "local_ref": null, "ref:signed": null, "operator:wikidata": null, "operator:wikipedia": null, "mapillary": null, "route_ref": null, "survey:date": null, "covered": null, "arrival_times:description": null, "phone": null, "surface": null, "website": null, "website:map": null, "wheelchair:description": null, "departures_board": null, "source": null, "source:date": null, "check_date:bench": null, "smoothness": null, "description:arrival_times": null, "check_date": null, "check_date:lit": null, "check_date:tactile_paving": null, "fixme": null, "paving_stones:material": null, "sign": null, "railway": null, "railway:ref": null, "train": null }, "geometry": { "type": "Point", "coordinates": [ -83.7860776, 42.2875263 ] } },
{ "type": "Feature", "properties": { "index": 430, "element": "node", "id": 5928676102, "bench": null, "bin": null, "bus": "yes", "description": null, "highway": "bus_stop", "lit": null, "name": null, "operator": null, "public_transport": "platform", "ref": null, "shelter": null, "tactile_paving": null, "network": "AAATA", "network:wikidata": "Q4766233", "brand": null, "phone:aaata": null, "ref:aaata": null, "ref:umich": null, "route_ref:aaata": null, "website:aaata": null, "website:aaata:maps": null, "website:umich:map": null, "website:umich:routes": null, "wheelchair": null, "check_date:shelter": null, "note": null, "passenger_information_display": null, "network:wikipedia": null, "alt_name": null, "local_ref": null, "ref:signed": null, "operator:wikidata": null, "operator:wikipedia": null, "mapillary": null, "route_ref": null, "survey:date": null, "covered": null, "arrival_times:description": null, "phone": null, "surface": null, "website": null, "website:map": null, "wheelchair:description": null, "departures_board": null, "source": null, "source:date": null, "check_date:bench": null, "smoothness": null, "description:arrival_times": null, "check_date": null, "check_date:lit": null, "check_date:tactile_paving": null, "fixme": null, "paving_stones:material": null, "sign": null, "railway": null, "railway:ref": null, "train": null }, "geometry": { "type": "Point", "coordinates": [ -83.7879615, 42.2881508 ] } },
{ "type": "Feature", "properties": { "index": 431, "element": "node", "id": 5921518815, "bench": null, "bin": null, "bus": "yes", "description": null, "highway": "bus_stop", "lit": null, "name": null, "operator": null, "public_transport": "platform", "ref": null, "shelter": null, "tactile_paving": null, "network": null, "network:wikidata": null, "brand": null, "phone:aaata": null, "ref:aaata": null, "ref:umich": null, "route_ref:aaata": null, "website:aaata": null, "website:aaata:maps": null, "website:umich:map": null, "website:umich:routes": null, "wheelchair": null, "check_date:shelter": null, "note": null, "passenger_information_display": null, "network:wikipedia": null, "alt_name": null, "local_ref": null, "ref:signed": null, "operator:wikidata": null, "operator:wikipedia": null, "mapillary": null, "route_ref": null, "survey:date": null, "covered": null, "arrival_times:description": null, "phone": null, "surface": null, "website": null, "website:map": null, "wheelchair:description": null, "departures_board": null, "source": null, "source:date": null, "check_date:bench": null, "smoothness": null, "description:arrival_times": null, "check_date": null, "check_date:lit": null, "check_date:tactile_paving": null, "fixme": null, "paving_stones:material": null, "sign": null, "railway": null, "railway:ref": null, "train": null }, "geometry": { "type": "Point", "coordinates": [ -83.7916031, 42.2894838 ] } },
{ "type": "Feature", "properties": { "index": 432, "element": "node", "id": 5921507222, "bench": null, "bin": null, "bus": "yes", "description": null, "highway": "bus_stop", "lit": null, "name": null, "operator": null, "public_transport": "platform", "ref": null, "shelter": null, "tactile_paving": null, "network": "AAATA", "network:wikidata": "Q4766233", "brand": null, "phone:aaata": null, "ref:aaata": null, "ref:umich": null, "route_ref:aaata": null, "website:aaata": null, "website:aaata:maps": null, "website:umich:map": null, "website:umich:routes": null, "wheelchair": null, "check_date:shelter": null, "note": null, "passenger_information_display": null, "network:wikipedia": null, "alt_name": null, "local_ref": null, "ref:signed": null, "operator:wikidata": null, "operator:wikipedia": null, "mapillary": null, "route_ref": null, "survey:date": null, "covered": null, "arrival_times:description": null, "phone": null, "surface": null, "website": null, "website:map": null, "wheelchair:description": null, "departures_board": null, "source": null, "source:date": null, "check_date:bench": null, "smoothness": null, "description:arrival_times": null, "check_date": null, "check_date:lit": null, "check_date:tactile_paving": null, "fixme": null, "paving_stones:material": null, "sign": null, "railway": null, "railway:ref": null, "train": null }, "geometry": { "type": "Point", "coordinates": [ -83.7805266, 42.2897367 ] } },
{ "type": "Feature", "properties": { "index": 433, "element": "node", "id": 5921507221, "bench": null, "bin": null, "bus": "yes", "description": null, "highway": "bus_stop", "lit": null, "name": null, "operator": null, "public_transport": "platform", "ref": null, "shelter": null, "tactile_paving": null, "network": "AAATA", "network:wikidata": "Q4766233", "brand": null, "phone:aaata": null, "ref:aaata": null, "ref:umich": null, "route_ref:aaata": null, "website:aaata": null, "website:aaata:maps": null, "website:umich:map": null, "website:umich:routes": null, "wheelchair": null, "check_date:shelter": null, "note": null, "passenger_information_display": null, "network:wikipedia": null, "alt_name": null, "local_ref": null, "ref:signed": null, "operator:wikidata": null, "operator:wikipedia": null, "mapillary": null, "route_ref": null, "survey:date": null, "covered": null, "arrival_times:description": null, "phone": null, "surface": null, "website": null, "website:map": null, "wheelchair:description": null, "departures_board": null, "source": null, "source:date": null, "check_date:bench": null, "smoothness": null, "description:arrival_times": null, "check_date": null, "check_date:lit": null, "check_date:tactile_paving": null, "fixme": null, "paving_stones:material": null, "sign": null, "railway": null, "railway:ref": null, "train": null }, "geometry": { "type": "Point", "coordinates": [ -83.7807392, 42.2898149 ] } },
{ "type": "Feature", "properties": { "index": 434, "element": "node", "id": 5884374023, "bench": null, "bin": null, "bus": "yes", "description": null, "highway": "bus_stop", "lit": null, "name": "#31", "operator": null, "public_transport": "platform", "ref": "31", "shelter": null, "tactile_paving": null, "network": "AAATA", "network:wikidata": "Q4766233", "brand": null, "phone:aaata": null, "ref:aaata": null, "ref:umich": null, "route_ref:aaata": null, "website:aaata": null, "website:aaata:maps": null, "website:umich:map": null, "website:umich:routes": null, "wheelchair": null, "check_date:shelter": null, "note": null, "passenger_information_display": null, "network:wikipedia": null, "alt_name": null, "local_ref": null, "ref:signed": null, "operator:wikidata": null, "operator:wikipedia": null, "mapillary": null, "route_ref": null, "survey:date": null, "covered": null, "arrival_times:description": null, "phone": null, "surface": null, "website": null, "website:map": null, "wheelchair:description": null, "departures_board": null, "source": null, "source:date": null, "check_date:bench": null, "smoothness": null, "description:arrival_times": null, "check_date": null, "check_date:lit": null, "check_date:tactile_paving": null, "fixme": null, "paving_stones:material": null, "sign": null, "railway": null, "railway:ref": null, "train": null }, "geometry": { "type": "Point", "coordinates": [ -83.7945936, 42.2903928 ] } },
{ "type": "Feature", "properties": { "index": 435, "element": "node", "id": 5884374024, "bench": null, "bin": null, "bus": "yes", "description": null, "highway": "bus_stop", "lit": null, "name": "#31", "operator": null, "public_transport": "platform", "ref": "31", "shelter": null, "tactile_paving": null, "network": "AAATA", "network:wikidata": "Q4766233", "brand": null, "phone:aaata": null, "ref:aaata": null, "ref:umich": null, "route_ref:aaata": null, "website:aaata": null, "website:aaata:maps": null, "website:umich:map": null, "website:umich:routes": null, "wheelchair": null, "check_date:shelter": null, "note": null, "passenger_information_display": null, "network:wikipedia": null, "alt_name": null, "local_ref": null, "ref:signed": null, "operator:wikidata": null, "operator:wikipedia": null, "mapillary": null, "route_ref": null, "survey:date": null, "covered": null, "arrival_times:description": null, "phone": null, "surface": null, "website": null, "website:map": null, "wheelchair:description": null, "departures_board": null, "source": null, "source:date": null, "check_date:bench": null, "smoothness": null, "description:arrival_times": null, "check_date": null, "check_date:lit": null, "check_date:tactile_paving": null, "fixme": null, "paving_stones:material": null, "sign": null, "railway": null, "railway:ref": null, "train": null }, "geometry": { "type": "Point", "coordinates": [ -83.7954389, 42.2904283 ] } },
{ "type": "Feature", "properties": { "index": 436, "element": "node", "id": 5921507223, "bench": null, "bin": null, "bus": "yes", "description": null, "highway": "bus_stop", "lit": null, "name": null, "operator": null, "public_transport": "platform", "ref": null, "shelter": null, "tactile_paving": null, "network": "AAATA", "network:wikidata": "Q4766233", "brand": null, "phone:aaata": null, "ref:aaata": null, "ref:umich": null, "route_ref:aaata": null, "website:aaata": null, "website:aaata:maps": null, "website:umich:map": null, "website:umich:routes": null, "wheelchair": null, "check_date:shelter": null, "note": null, "passenger_information_display": null, "network:wikipedia": null, "alt_name": null, "local_ref": null, "ref:signed": null, "operator:wikidata": null, "operator:wikipedia": null, "mapillary": null, "route_ref": null, "survey:date": null, "covered": null, "arrival_times:description": null, "phone": null, "surface": null, "website": null, "website:map": null, "wheelchair:description": null, "departures_board": null, "source": null, "source:date": null, "check_date:bench": null, "smoothness": null, "description:arrival_times": null, "check_date": null, "check_date:lit": null, "check_date:tactile_paving": null, "fixme": null, "paving_stones:material": null, "sign": null, "railway": null, "railway:ref": null, "train": null }, "geometry": { "type": "Point", "coordinates": [ -83.7808504, 42.2928868 ] } },
{ "type": "Feature", "properties": { "index": 437, "element": "node", "id": 1586565353, "bench": "yes", "bin": null, "bus": "yes", "description": null, "highway": "bus_stop", "lit": null, "name": "Miller P&R Lot", "operator": null, "public_transport": "platform", "ref": null, "shelter": "yes", "tactile_paving": null, "network": null, "network:wikidata": null, "brand": null, "phone:aaata": null, "ref:aaata": null, "ref:umich": null, "route_ref:aaata": null, "website:aaata": null, "website:aaata:maps": null, "website:umich:map": null, "website:umich:routes": null, "wheelchair": null, "check_date:shelter": null, "note": null, "passenger_information_display": "yes", "network:wikipedia": null, "alt_name": null, "local_ref": "18", "ref:signed": null, "operator:wikidata": null, "operator:wikipedia": null, "mapillary": null, "route_ref": null, "survey:date": null, "covered": null, "arrival_times:description": null, "phone": null, "surface": null, "website": null, "website:map": null, "wheelchair:description": null, "departures_board": null, "source": null, "source:date": null, "check_date:bench": null, "smoothness": null, "description:arrival_times": null, "check_date": null, "check_date:lit": null, "check_date:tactile_paving": null, "fixme": null, "paving_stones:material": null, "sign": null, "railway": null, "railway:ref": null, "train": null }, "geometry": { "type": "Point", "coordinates": [ -83.7880628, 42.298587 ] } },
{ "type": "Feature", "properties": { "index": 438, "element": "node", "id": 1586565091, "bench": null, "bin": null, "bus": "yes", "description": null, "highway": "bus_stop", "lit": null, "name": "Skyline High School", "operator": null, "public_transport": "platform", "ref": null, "shelter": null, "tactile_paving": null, "network": null, "network:wikidata": null, "brand": null, "phone:aaata": null, "ref:aaata": null, "ref:umich": null, "route_ref:aaata": null, "website:aaata": null, "website:aaata:maps": null, "website:umich:map": null, "website:umich:routes": null, "wheelchair": null, "check_date:shelter": null, "note": null, "passenger_information_display": null, "network:wikipedia": null, "alt_name": null, "local_ref": "18", "ref:signed": null, "operator:wikidata": null, "operator:wikipedia": null, "mapillary": null, "route_ref": null, "survey:date": null, "covered": null, "arrival_times:description": null, "phone": null, "surface": null, "website": null, "website:map": null, "wheelchair:description": null, "departures_board": null, "source": null, "source:date": null, "check_date:bench": null, "smoothness": null, "description:arrival_times": null, "check_date": null, "check_date:lit": null, "check_date:tactile_paving": null, "fixme": null, "paving_stones:material": null, "sign": null, "railway": null, "railway:ref": null, "train": null }, "geometry": { "type": "Point", "coordinates": [ -83.7801965, 42.3056825 ] } },
{ "type": "Feature", "properties": { "index": 439, "element": "node", "id": 4833725747, "bench": null, "bin": null, "bus": "yes", "description": null, "highway": "bus_stop", "lit": null, "name": "Warrington + Lincolnshire", "operator": null, "public_transport": "platform", "ref": null, "shelter": null, "tactile_paving": null, "network": "AAATA", "network:wikidata": "Q4766233", "brand": null, "phone:aaata": null, "ref:aaata": null, "ref:umich": null, "route_ref:aaata": null, "website:aaata": null, "website:aaata:maps": null, "website:umich:map": null, "website:umich:routes": null, "wheelchair": null, "check_date:shelter": null, "note": null, "passenger_information_display": null, "network:wikipedia": null, "alt_name": null, "local_ref": null, "ref:signed": null, "operator:wikidata": null, "operator:wikipedia": null, "mapillary": null, "route_ref": null, "survey:date": null, "covered": null, "arrival_times:description": null, "phone": null, "surface": null, "website": null, "website:map": null, "wheelchair:description": null, "departures_board": null, "source": null, "source:date": null, "check_date:bench": null, "smoothness": null, "description:arrival_times": null, "check_date": null, "check_date:lit": null, "check_date:tactile_paving": null, "fixme": null, "paving_stones:material": null, "sign": null, "railway": null, "railway:ref": null, "train": null }, "geometry": { "type": "Point", "coordinates": [ -83.763765, 42.3101398 ] } },
{ "type": "Feature", "properties": { "index": 440, "element": "node", "id": 10859169457, "bench": "yes", "bin": "no", "bus": "yes", "description": "This bus stop is served by AAATA route 66. Send text to 41411 with: AAATA 1712 or UMICH N433 for arrival times at this stop.", "highway": "bus_stop", "lit": "yes", "name": "AAATA 1712 and UMICH N433", "operator": "Ann Arbor Area Transportation Authority; University of Michigan", "public_transport": "platform", "ref": null, "shelter": "no", "tactile_paving": null, "network": null, "network:wikidata": null, "brand": "The Ride", "phone:aaata": "+1-734-996-0400", "ref:aaata": "1712", "ref:umich": "N433", "route_ref:aaata": "66", "website:aaata": "https://www.theride.org", "website:aaata:maps": "https://www.theride.org/maps-schedules/track-bus", "website:umich:map": "https://mbus.ltp.umich.edu/", "website:umich:routes": "https://ltp.umich.edu/routes", "wheelchair": "yes", "check_date:shelter": null, "note": null, "passenger_information_display": null, "network:wikipedia": null, "alt_name": null, "local_ref": null, "ref:signed": null, "operator:wikidata": null, "operator:wikipedia": null, "mapillary": null, "route_ref": null, "survey:date": null, "covered": "no", "arrival_times:description": null, "phone": null, "surface": null, "website": null, "website:map": null, "wheelchair:description": null, "departures_board": null, "source": null, "source:date": null, "check_date:bench": null, "smoothness": null, "description:arrival_times": null, "check_date": null, "check_date:lit": null, "check_date:tactile_paving": null, "fixme": null, "paving_stones:material": null, "sign": null, "railway": null, "railway:ref": null, "train": null }, "geometry": { "type": "Point", "coordinates": [ -83.7029585, 42.2951598 ] } },
{ "type": "Feature", "properties": { "index": 441, "element": "node", "id": 5896935639, "bench": "yes", "bin": "no", "bus": "yes", "description": "Send text to 41411 with: UMICH N432 for arrival times at this stop.", "highway": "bus_stop", "lit": "yes", "name": "UMICH N432", "operator": "University of Michigan", "public_transport": "platform", "ref": null, "shelter": "yes", "tactile_paving": "no", "network": null, "network:wikidata": null, "brand": null, "phone:aaata": null, "ref:aaata": null, "ref:umich": "N432", "route_ref:aaata": null, "website:aaata": null, "website:aaata:maps": null, "website:umich:map": "https://mbus.ltp.umich.edu/", "website:umich:routes": "https://ltp.umich.edu/routes", "wheelchair": "yes", "check_date:shelter": null, "note": null, "passenger_information_display": null, "network:wikipedia": null, "alt_name": null, "local_ref": null, "ref:signed": null, "operator:wikidata": null, "operator:wikipedia": null, "mapillary": null, "route_ref": null, "survey:date": null, "covered": null, "arrival_times:description": null, "phone": null, "surface": null, "website": null, "website:map": null, "wheelchair:description": null, "departures_board": null, "source": null, "source:date": null, "check_date:bench": null, "smoothness": null, "description:arrival_times": null, "check_date": null, "check_date:lit": null, "check_date:tactile_paving": null, "fixme": null, "paving_stones:material": null, "sign": null, "railway": null, "railway:ref": null, "train": null }, "geometry": { "type": "Point", "coordinates": [ -83.7077076, 42.2953953 ] } },
{ "type": "Feature", "properties": { "index": 442, "element": "node", "id": 10860418689, "bench": "no", "bin": "no", "bus": "yes", "description": "This bus stop is served by AAATA route 66. Send text to 41411 with: AAATA 1691 for arrival times at this stop.", "highway": "bus_stop", "lit": "yes", "name": "AAATA 1691", "operator": "Ann Arbor Area Transportation Authority", "public_transport": "platform", "ref": null, "shelter": "no", "tactile_paving": "no", "network": null, "network:wikidata": null, "brand": "The Ride", "phone:aaata": "+1-734-996-0400", "ref:aaata": "1691", "ref:umich": null, "route_ref:aaata": "66", "website:aaata": "https://www.theride.org", "website:aaata:maps": "https://www.theride.org/maps-schedules/track-bus", "website:umich:map": null, "website:umich:routes": null, "wheelchair": "yes", "check_date:shelter": null, "note": null, "passenger_information_display": null, "network:wikipedia": null, "alt_name": null, "local_ref": null, "ref:signed": null, "operator:wikidata": null, "operator:wikipedia": null, "mapillary": null, "route_ref": null, "survey:date": null, "covered": null, "arrival_times:description": null, "phone": null, "surface": null, "website": null, "website:map": null, "wheelchair:description": null, "departures_board": null, "source": null, "source:date": null, "check_date:bench": null, "smoothness": null, "description:arrival_times": null, "check_date": null, "check_date:lit": null, "check_date:tactile_paving": null, "fixme": null, "paving_stones:material": null, "sign": null, "railway": null, "railway:ref": null, "train": null }, "geometry": { "type": "Point", "coordinates": [ -83.707539, 42.2954728 ] } },
{ "type": "Feature", "properties": { "index": 443, "element": "node", "id": 5896935640, "bench": "no", "bin": "no", "bus": "yes", "description": "This bus stop is served by AAATA routes 22, 66. Send text to 41411 with: AAATA 1548 or UMICH N431 for arrival times at this stop.", "highway": "bus_stop", "lit": "yes", "name": "AAATA 1548 and UMICH N431", "operator": "Ann Arbor Area Transportation Authority; University of Michigan", "public_transport": "platform", "ref": null, "shelter": "no", "tactile_paving": "no", "network": null, "network:wikidata": null, "brand": "The Ride", "phone:aaata": "+1-734-996-0400", "ref:aaata": "1548", "ref:umich": "N431", "route_ref:aaata": "22;66", "website:aaata": "https://www.theride.org", "website:aaata:maps": "https://www.theride.org/maps-schedules/track-bus", "website:umich:map": "https://mbus.ltp.umich.edu/", "website:umich:routes": "https://ltp.umich.edu/routes", "wheelchair": "yes", "check_date:shelter": null, "note": null, "passenger_information_display": null, "network:wikipedia": null, "alt_name": null, "local_ref": null, "ref:signed": null, "operator:wikidata": null, "operator:wikipedia": null, "mapillary": null, "route_ref": null, "survey:date": null, "covered": "no", "arrival_times:description": null, "phone": null, "surface": null, "website": null, "website:map": null, "wheelchair:description": null, "departures_board": null, "source": null, "source:date": null, "check_date:bench": null, "smoothness": null, "description:arrival_times": null, "check_date": null, "check_date:lit": null, "check_date:tactile_paving": null, "fixme": null, "paving_stones:material": null, "sign": null, "railway": null, "railway:ref": null, "train": null }, "geometry": { "type": "Point", "coordinates": [ -83.7054018, 42.2955395 ] } },
{ "type": "Feature", "properties": { "index": 444, "element": "node", "id": 955598505, "bench": "yes", "bin": "yes", "bus": "yes", "description": "This bus stop is served by AAATA routes 22, 66. Send text to 41411 with: AAATA 1719 or UMICH N429 for arrival times at this stop.", "highway": "bus_stop", "lit": "yes", "name": "AAATA 1729 and UMICH N429", "operator": "Ann Arbor Area Transportation Authority; University of Michigan", "public_transport": "platform", "ref": null, "shelter": "yes", "tactile_paving": "no", "network": null, "network:wikidata": null, "brand": "The Ride", "phone:aaata": "+1-734-996-0400", "ref:aaata": "1719", "ref:umich": "N429", "route_ref:aaata": "22;66", "website:aaata": "https://www.theride.org", "website:aaata:maps": "https://www.theride.org/maps-schedules/track-bus", "website:umich:map": "https://mbus.ltp.umich.edu/", "website:umich:routes": "https://ltp.umich.edu/routes", "wheelchair": "yes", "check_date:shelter": null, "note": null, "passenger_information_display": null, "network:wikipedia": null, "alt_name": null, "local_ref": null, "ref:signed": null, "operator:wikidata": null, "operator:wikipedia": null, "mapillary": null, "route_ref": null, "survey:date": null, "covered": null, "arrival_times:description": null, "phone": null, "surface": null, "website": null, "website:map": null, "wheelchair:description": null, "departures_board": null, "source": null, "source:date": null, "check_date:bench": null, "smoothness": null, "description:arrival_times": null, "check_date": null, "check_date:lit": null, "check_date:tactile_paving": null, "fixme": null, "paving_stones:material": null, "sign": null, "railway": null, "railway:ref": null, "train": null }, "geometry": { "type": "Point", "coordinates": [ -83.7072031, 42.2957379 ] } },
{ "type": "Feature", "properties": { "index": 445, "element": "node", "id": 10860582346, "bench": "no", "bin": "no", "bus": "yes", "description": "Send text to 41411 with: UMICH N430 for arrival times at this stop.", "highway": "bus_stop", "lit": "yes", "name": "UMICH N430", "operator": "University of Michigan", "public_transport": "platform", "ref": null, "shelter": "no", "tactile_paving": "no", "network": null, "network:wikidata": null, "brand": null, "phone:aaata": null, "ref:aaata": null, "ref:umich": "N430", "route_ref:aaata": null, "website:aaata": null, "website:aaata:maps": null, "website:umich:map": "https://mbus.ltp.umich.edu/", "website:umich:routes": "https://ltp.umich.edu/routes", "wheelchair": "yes", "check_date:shelter": null, "note": null, "passenger_information_display": null, "network:wikipedia": null, "alt_name": null, "local_ref": null, "ref:signed": null, "operator:wikidata": null, "operator:wikipedia": null, "mapillary": null, "route_ref": null, "survey:date": null, "covered": null, "arrival_times:description": null, "phone": null, "surface": null, "website": null, "website:map": null, "wheelchair:description": null, "departures_board": null, "source": null, "source:date": null, "check_date:bench": null, "smoothness": null, "description:arrival_times": null, "check_date": null, "check_date:lit": null, "check_date:tactile_paving": null, "fixme": null, "paving_stones:material": null, "sign": null, "railway": null, "railway:ref": null, "train": null }, "geometry": { "type": "Point", "coordinates": [ -83.707765, 42.2959192 ] } },
{ "type": "Feature", "properties": { "index": 446, "element": "node", "id": 957642620, "bench": "yes", "bin": "yes", "bus": "yes", "description": null, "highway": "bus_stop", "lit": "yes", "name": null, "operator": null, "public_transport": "platform", "ref": "N418", "shelter": "yes", "tactile_paving": "no", "network": null, "network:wikidata": null, "brand": null, "phone:aaata": null, "ref:aaata": null, "ref:umich": null, "route_ref:aaata": null, "website:aaata": null, "website:aaata:maps": null, "website:umich:map": null, "website:umich:routes": null, "wheelchair": null, "check_date:shelter": "2024-08-30", "note": null, "passenger_information_display": null, "network:wikipedia": null, "alt_name": null, "local_ref": null, "ref:signed": null, "operator:wikidata": null, "operator:wikipedia": null, "mapillary": null, "route_ref": null, "survey:date": null, "covered": null, "arrival_times:description": null, "phone": null, "surface": null, "website": null, "website:map": null, "wheelchair:description": null, "departures_board": null, "source": null, "source:date": null, "check_date:bench": null, "smoothness": null, "description:arrival_times": null, "check_date": null, "check_date:lit": null, "check_date:tactile_paving": null, "fixme": null, "paving_stones:material": null, "sign": null, "railway": null, "railway:ref": null, "train": null }, "geometry": { "type": "Point", "coordinates": [ -83.7150858, 42.2965463 ] } },
{ "type": "Feature", "properties": { "index": 447, "element": "node", "id": 957642619, "bench": "no", "bin": "no", "bus": "yes", "description": null, "highway": "bus_stop", "lit": "no", "name": null, "operator": null, "public_transport": "platform", "ref": "N417", "shelter": "no", "tactile_paving": "no", "network": null, "network:wikidata": null, "brand": null, "phone:aaata": null, "ref:aaata": null, "ref:umich": null, "route_ref:aaata": null, "website:aaata": null, "website:aaata:maps": null, "website:umich:map": null, "website:umich:routes": null, "wheelchair": null, "check_date:shelter": null, "note": null, "passenger_information_display": null, "network:wikipedia": null, "alt_name": null, "local_ref": null, "ref:signed": null, "operator:wikidata": null, "operator:wikipedia": null, "mapillary": null, "route_ref": null, "survey:date": null, "covered": null, "arrival_times:description": null, "phone": null, "surface": null, "website": null, "website:map": null, "wheelchair:description": null, "departures_board": null, "source": null, "source:date": null, "check_date:bench": null, "smoothness": null, "description:arrival_times": null, "check_date": null, "check_date:lit": null, "check_date:tactile_paving": null, "fixme": null, "paving_stones:material": null, "sign": null, "railway": null, "railway:ref": null, "train": null }, "geometry": { "type": "Point", "coordinates": [ -83.7152518, 42.2965915 ] } },
{ "type": "Feature", "properties": { "index": 448, "element": "node", "id": 13136796333, "bench": "yes", "bin": "yes", "bus": "yes", "description": null, "highway": "bus_stop", "lit": null, "name": null, "operator": null, "public_transport": "platform", "ref": "N428", "shelter": "yes", "tactile_paving": "no", "network": null, "network:wikidata": null, "brand": null, "phone:aaata": null, "ref:aaata": null, "ref:umich": null, "route_ref:aaata": null, "website:aaata": null, "website:aaata:maps": null, "website:umich:map": null, "website:umich:routes": null, "wheelchair": null, "check_date:shelter": null, "note": null, "passenger_information_display": null, "network:wikipedia": null, "alt_name": null, "local_ref": null, "ref:signed": null, "operator:wikidata": null, "operator:wikipedia": null, "mapillary": null, "route_ref": null, "survey:date": null, "covered": null, "arrival_times:description": null, "phone": null, "surface": null, "website": null, "website:map": null, "wheelchair:description": null, "departures_board": null, "source": null, "source:date": null, "check_date:bench": null, "smoothness": null, "description:arrival_times": null, "check_date": null, "check_date:lit": null, "check_date:tactile_paving": null, "fixme": null, "paving_stones:material": null, "sign": null, "railway": null, "railway:ref": null, "train": null }, "geometry": { "type": "Point", "coordinates": [ -83.709684, 42.2973274 ] } },
{ "type": "Feature", "properties": { "index": 449, "element": "node", "id": 5371372754, "bench": "yes", "bin": "no", "bus": "yes", "description": null, "highway": "bus_stop", "lit": null, "name": "N447: NCRC South", "operator": "University of Michigan", "public_transport": "platform", "ref": "N447", "shelter": "yes", "tactile_paving": "no", "network": "NorthEast Shuttle", "network:wikidata": null, "brand": null, "phone:aaata": null, "ref:aaata": null, "ref:umich": null, "route_ref:aaata": null, "website:aaata": null, "website:aaata:maps": null, "website:umich:map": null, "website:umich:routes": null, "wheelchair": null, "check_date:shelter": null, "note": null, "passenger_information_display": null, "network:wikipedia": null, "alt_name": null, "local_ref": null, "ref:signed": null, "operator:wikidata": null, "operator:wikipedia": null, "mapillary": null, "route_ref": null, "survey:date": null, "covered": null, "arrival_times:description": null, "phone": null, "surface": null, "website": null, "website:map": null, "wheelchair:description": null, "departures_board": null, "source": null, "source:date": null, "check_date:bench": null, "smoothness": null, "description:arrival_times": null, "check_date": null, "check_date:lit": null, "check_date:tactile_paving": null, "fixme": null, "paving_stones:material": null, "sign": null, "railway": null, "railway:ref": null, "train": null }, "geometry": { "type": "Point", "coordinates": [ -83.7070683, 42.2975134 ] } },
{ "type": "Feature", "properties": { "index": 450, "element": "node", "id": 957642611, "bench": "yes", "bin": "yes", "bus": "yes", "description": null, "highway": "bus_stop", "lit": null, "name": null, "operator": null, "public_transport": "platform", "ref": "N420", "shelter": "yes", "tactile_paving": "no", "network": null, "network:wikidata": null, "brand": null, "phone:aaata": null, "ref:aaata": null, "ref:umich": null, "route_ref:aaata": null, "website:aaata": null, "website:aaata:maps": null, "website:umich:map": null, "website:umich:routes": null, "wheelchair": null, "check_date:shelter": null, "note": null, "passenger_information_display": null, "network:wikipedia": null, "alt_name": null, "local_ref": null, "ref:signed": null, "operator:wikidata": null, "operator:wikipedia": null, "mapillary": null, "route_ref": null, "survey:date": null, "covered": null, "arrival_times:description": null, "phone": null, "surface": null, "website": null, "website:map": null, "wheelchair:description": null, "departures_board": null, "source": null, "source:date": null, "check_date:bench": null, "smoothness": null, "description:arrival_times": null, "check_date": null, "check_date:lit": null, "check_date:tactile_paving": null, "fixme": null, "paving_stones:material": null, "sign": null, "railway": null, "railway:ref": null, "train": null }, "geometry": { "type": "Point", "coordinates": [ -83.7126829, 42.2977583 ] } },
{ "type": "Feature", "properties": { "index": 451, "element": "node", "id": 3010359892, "bench": "no", "bin": "no", "bus": "yes", "description": null, "highway": "bus_stop", "lit": null, "name": null, "operator": null, "public_transport": "platform", "ref": "N419", "shelter": "no", "tactile_paving": "no", "network": null, "network:wikidata": null, "brand": null, "phone:aaata": null, "ref:aaata": null, "ref:umich": null, "route_ref:aaata": null, "website:aaata": null, "website:aaata:maps": null, "website:umich:map": null, "website:umich:routes": null, "wheelchair": null, "check_date:shelter": null, "note": null, "passenger_information_display": null, "network:wikipedia": null, "alt_name": null, "local_ref": null, "ref:signed": null, "operator:wikidata": null, "operator:wikipedia": null, "mapillary": null, "route_ref": null, "survey:date": null, "covered": null, "arrival_times:description": null, "phone": null, "surface": null, "website": null, "website:map": null, "wheelchair:description": null, "departures_board": null, "source": null, "source:date": null, "check_date:bench": null, "smoothness": null, "description:arrival_times": null, "check_date": null, "check_date:lit": null, "check_date:tactile_paving": null, "fixme": null, "paving_stones:material": null, "sign": null, "railway": null, "railway:ref": null, "train": null }, "geometry": { "type": "Point", "coordinates": [ -83.712761, 42.2978558 ] } },
{ "type": "Feature", "properties": { "index": 452, "element": "node", "id": 957642613, "bench": "yes", "bin": "no", "bus": "yes", "description": null, "highway": "bus_stop", "lit": null, "name": null, "operator": null, "public_transport": "platform", "ref": "N426", "shelter": "no", "tactile_paving": "no", "network": null, "network:wikidata": null, "brand": null, "phone:aaata": null, "ref:aaata": null, "ref:umich": null, "route_ref:aaata": null, "website:aaata": null, "website:aaata:maps": null, "website:umich:map": null, "website:umich:routes": null, "wheelchair": null, "check_date:shelter": null, "note": null, "passenger_information_display": null, "network:wikipedia": null, "alt_name": null, "local_ref": null, "ref:signed": null, "operator:wikidata": null, "operator:wikipedia": null, "mapillary": null, "route_ref": null, "survey:date": null, "covered": null, "arrival_times:description": null, "phone": null, "surface": null, "website": null, "website:map": null, "wheelchair:description": null, "departures_board": null, "source": null, "source:date": null, "check_date:bench": null, "smoothness": null, "description:arrival_times": null, "check_date": null, "check_date:lit": null, "check_date:tactile_paving": null, "fixme": null, "paving_stones:material": null, "sign": null, "railway": null, "railway:ref": null, "train": null }, "geometry": { "type": "Point", "coordinates": [ -83.7095582, 42.2987332 ] } },
{ "type": "Feature", "properties": { "index": 453, "element": "node", "id": 13271013930, "bench": null, "bin": null, "bus": "yes", "description": null, "highway": "bus_stop", "lit": null, "name": null, "operator": null, "public_transport": "platform", "ref": null, "shelter": null, "tactile_paving": null, "network": null, "network:wikidata": null, "brand": null, "phone:aaata": null, "ref:aaata": null, "ref:umich": null, "route_ref:aaata": null, "website:aaata": null, "website:aaata:maps": null, "website:umich:map": null, "website:umich:routes": null, "wheelchair": null, "check_date:shelter": null, "note": null, "passenger_information_display": null, "network:wikipedia": null, "alt_name": null, "local_ref": null, "ref:signed": null, "operator:wikidata": null, "operator:wikipedia": null, "mapillary": null, "route_ref": null, "survey:date": null, "covered": null, "arrival_times:description": null, "phone": null, "surface": null, "website": null, "website:map": null, "wheelchair:description": null, "departures_board": null, "source": null, "source:date": null, "check_date:bench": null, "smoothness": null, "description:arrival_times": null, "check_date": null, "check_date:lit": null, "check_date:tactile_paving": null, "fixme": null, "paving_stones:material": null, "sign": null, "railway": null, "railway:ref": null, "train": null }, "geometry": { "type": "Point", "coordinates": [ -83.7156721, 42.299528 ] } },
{ "type": "Feature", "properties": { "index": 454, "element": "node", "id": 9426398011, "bench": "yes", "bin": "yes", "bus": "yes", "description": null, "highway": "bus_stop", "lit": "no", "name": null, "operator": null, "public_transport": "platform", "ref": "N421", "shelter": "yes", "tactile_paving": "no", "network": null, "network:wikidata": null, "brand": null, "phone:aaata": null, "ref:aaata": null, "ref:umich": null, "route_ref:aaata": null, "website:aaata": null, "website:aaata:maps": null, "website:umich:map": null, "website:umich:routes": null, "wheelchair": null, "check_date:shelter": null, "note": null, "passenger_information_display": null, "network:wikipedia": null, "alt_name": null, "local_ref": null, "ref:signed": null, "operator:wikidata": null, "operator:wikipedia": null, "mapillary": null, "route_ref": null, "survey:date": null, "covered": null, "arrival_times:description": null, "phone": null, "surface": null, "website": null, "website:map": null, "wheelchair:description": null, "departures_board": null, "source": null, "source:date": null, "check_date:bench": null, "smoothness": null, "description:arrival_times": null, "check_date": null, "check_date:lit": null, "check_date:tactile_paving": null, "fixme": null, "paving_stones:material": null, "sign": null, "railway": null, "railway:ref": null, "train": null }, "geometry": { "type": "Point", "coordinates": [ -83.7125132, 42.2998543 ] } },
{ "type": "Feature", "properties": { "index": 455, "element": "node", "id": 957642612, "bench": "no", "bin": "no", "bus": "yes", "description": null, "highway": "bus_stop", "lit": "yes", "name": null, "operator": null, "public_transport": "platform", "ref": "N422", "shelter": "no", "tactile_paving": "no", "network": null, "network:wikidata": null, "brand": null, "phone:aaata": null, "ref:aaata": null, "ref:umich": null, "route_ref:aaata": null, "website:aaata": null, "website:aaata:maps": null, "website:umich:map": null, "website:umich:routes": null, "wheelchair": null, "check_date:shelter": null, "note": null, "passenger_information_display": null, "network:wikipedia": null, "alt_name": null, "local_ref": null, "ref:signed": null, "operator:wikidata": null, "operator:wikipedia": null, "mapillary": null, "route_ref": null, "survey:date": null, "covered": null, "arrival_times:description": null, "phone": null, "surface": null, "website": null, "website:map": null, "wheelchair:description": null, "departures_board": null, "source": null, "source:date": null, "check_date:bench": null, "smoothness": null, "description:arrival_times": null, "check_date": null, "check_date:lit": null, "check_date:tactile_paving": null, "fixme": null, "paving_stones:material": null, "sign": null, "railway": null, "railway:ref": null, "train": null }, "geometry": { "type": "Point", "coordinates": [ -83.7123308, 42.2999482 ] } },
{ "type": "Feature", "properties": { "index": 456, "element": "node", "id": 13175930402, "bench": "yes", "bin": "no", "bus": "yes", "description": null, "highway": "bus_stop", "lit": "no", "name": null, "operator": null, "public_transport": "platform", "ref": "AAATA 227", "shelter": "yes", "tactile_paving": "no", "network": null, "network:wikidata": null, "brand": null, "phone:aaata": null, "ref:aaata": null, "ref:umich": null, "route_ref:aaata": null, "website:aaata": null, "website:aaata:maps": null, "website:umich:map": null, "website:umich:routes": null, "wheelchair": null, "check_date:shelter": null, "note": null, "passenger_information_display": null, "network:wikipedia": null, "alt_name": null, "local_ref": null, "ref:signed": null, "operator:wikidata": null, "operator:wikipedia": null, "mapillary": null, "route_ref": null, "survey:date": null, "covered": null, "arrival_times:description": null, "phone": null, "surface": null, "website": null, "website:map": null, "wheelchair:description": null, "departures_board": null, "source": null, "source:date": null, "check_date:bench": null, "smoothness": null, "description:arrival_times": null, "check_date": null, "check_date:lit": null, "check_date:tactile_paving": null, "fixme": null, "paving_stones:material": null, "sign": null, "railway": null, "railway:ref": null, "train": null }, "geometry": { "type": "Point", "coordinates": [ -83.7147, 42.3004162 ] } },
{ "type": "Feature", "properties": { "index": 457, "element": "node", "id": 5896935642, "bench": null, "bin": null, "bus": "yes", "description": null, "highway": "bus_stop", "lit": null, "name": "N441: NCRC NB Huron Pkwy", "operator": "University of Michigan", "public_transport": "platform", "ref": "N441", "shelter": null, "tactile_paving": null, "network": "NorthEast Shuttle", "network:wikidata": null, "brand": null, "phone:aaata": null, "ref:aaata": null, "ref:umich": null, "route_ref:aaata": null, "website:aaata": null, "website:aaata:maps": null, "website:umich:map": null, "website:umich:routes": null, "wheelchair": null, "check_date:shelter": null, "note": null, "passenger_information_display": null, "network:wikipedia": null, "alt_name": null, "local_ref": null, "ref:signed": null, "operator:wikidata": null, "operator:wikipedia": null, "mapillary": null, "route_ref": null, "survey:date": null, "covered": null, "arrival_times:description": null, "phone": null, "surface": null, "website": null, "website:map": null, "wheelchair:description": null, "departures_board": null, "source": null, "source:date": null, "check_date:bench": null, "smoothness": null, "description:arrival_times": null, "check_date": null, "check_date:lit": null, "check_date:tactile_paving": null, "fixme": null, "paving_stones:material": null, "sign": null, "railway": null, "railway:ref": null, "train": null }, "geometry": { "type": "Point", "coordinates": [ -83.7041396, 42.3004325 ] } },
{ "type": "Feature", "properties": { "index": 458, "element": "node", "id": 13175930407, "bench": "no", "bin": "no", "bus": "yes", "description": null, "highway": "bus_stop", "lit": "yes", "name": null, "operator": null, "public_transport": "platform", "ref": "AAATA 192", "shelter": "no", "tactile_paving": "no", "network": null, "network:wikidata": null, "brand": null, "phone:aaata": null, "ref:aaata": null, "ref:umich": null, "route_ref:aaata": null, "website:aaata": null, "website:aaata:maps": null, "website:umich:map": null, "website:umich:routes": null, "wheelchair": null, "check_date:shelter": null, "note": null, "passenger_information_display": null, "network:wikipedia": null, "alt_name": null, "local_ref": null, "ref:signed": null, "operator:wikidata": null, "operator:wikipedia": null, "mapillary": null, "route_ref": null, "survey:date": null, "covered": null, "arrival_times:description": null, "phone": null, "surface": null, "website": null, "website:map": null, "wheelchair:description": null, "departures_board": null, "source": null, "source:date": null, "check_date:bench": null, "smoothness": null, "description:arrival_times": null, "check_date": null, "check_date:lit": null, "check_date:tactile_paving": null, "fixme": null, "paving_stones:material": null, "sign": null, "railway": null, "railway:ref": null, "train": null }, "geometry": { "type": "Point", "coordinates": [ -83.7142993, 42.3004505 ] } },
{ "type": "Feature", "properties": { "index": 459, "element": "node", "id": 5896935643, "bench": null, "bin": null, "bus": "yes", "description": null, "highway": "bus_stop", "lit": null, "name": null, "operator": null, "public_transport": "platform", "ref": null, "shelter": null, "tactile_paving": null, "network": null, "network:wikidata": null, "brand": null, "phone:aaata": null, "ref:aaata": null, "ref:umich": null, "route_ref:aaata": null, "website:aaata": null, "website:aaata:maps": null, "website:umich:map": null, "website:umich:routes": null, "wheelchair": null, "check_date:shelter": null, "note": null, "passenger_information_display": null, "network:wikipedia": null, "alt_name": null, "local_ref": null, "ref:signed": null, "operator:wikidata": null, "operator:wikipedia": null, "mapillary": null, "route_ref": null, "survey:date": null, "covered": null, "arrival_times:description": null, "phone": null, "surface": null, "website": null, "website:map": null, "wheelchair:description": null, "departures_board": null, "source": null, "source:date": null, "check_date:bench": null, "smoothness": null, "description:arrival_times": null, "check_date": null, "check_date:lit": null, "check_date:tactile_paving": null, "fixme": null, "paving_stones:material": null, "sign": null, "railway": null, "railway:ref": null, "train": null }, "geometry": { "type": "Point", "coordinates": [ -83.7045899, 42.3008212 ] } },
{ "type": "Feature", "properties": { "index": 460, "element": "node", "id": 13641979792, "bench": null, "bin": null, "bus": "yes", "description": null, "highway": "bus_stop", "lit": null, "name": null, "operator": null, "public_transport": "platform", "ref": null, "shelter": null, "tactile_paving": null, "network": null, "network:wikidata": null, "brand": null, "phone:aaata": null, "ref:aaata": null, "ref:umich": null, "route_ref:aaata": null, "website:aaata": null, "website:aaata:maps": null, "website:umich:map": null, "website:umich:routes": null, "wheelchair": null, "check_date:shelter": null, "note": null, "passenger_information_display": null, "network:wikipedia": null, "alt_name": null, "local_ref": null, "ref:signed": null, "operator:wikidata": null, "operator:wikipedia": null, "mapillary": null, "route_ref": null, "survey:date": null, "covered": null, "arrival_times:description": null, "phone": null, "surface": null, "website": null, "website:map": null, "wheelchair:description": null, "departures_board": null, "source": null, "source:date": null, "check_date:bench": null, "smoothness": null, "description:arrival_times": null, "check_date": null, "check_date:lit": null, "check_date:tactile_paving": null, "fixme": null, "paving_stones:material": null, "sign": null, "railway": null, "railway:ref": null, "train": null }, "geometry": { "type": "Point", "coordinates": [ -83.6921671, 42.3050895 ] } },
{ "type": "Feature", "properties": { "index": 461, "element": "node", "id": 13662742353, "bench": null, "bin": null, "bus": "yes", "description": null, "highway": "bus_stop", "lit": null, "name": null, "operator": null, "public_transport": "platform", "ref": null, "shelter": null, "tactile_paving": null, "network": null, "network:wikidata": null, "brand": null, "phone:aaata": null, "ref:aaata": null, "ref:umich": null, "route_ref:aaata": null, "website:aaata": null, "website:aaata:maps": null, "website:umich:map": null, "website:umich:routes": null, "wheelchair": null, "check_date:shelter": null, "note": null, "passenger_information_display": null, "network:wikipedia": null, "alt_name": null, "local_ref": null, "ref:signed": null, "operator:wikidata": null, "operator:wikipedia": null, "mapillary": null, "route_ref": null, "survey:date": null, "covered": null, "arrival_times:description": null, "phone": null, "surface": null, "website": null, "website:map": null, "wheelchair:description": null, "departures_board": null, "source": null, "source:date": null, "check_date:bench": null, "smoothness": null, "description:arrival_times": null, "check_date": null, "check_date:lit": null, "check_date:tactile_paving": null, "fixme": null, "paving_stones:material": null, "sign": null, "railway": null, "railway:ref": null, "train": null }, "geometry": { "type": "Point", "coordinates": [ -83.6929058, 42.3055058 ] } },
{ "type": "Feature", "properties": { "index": 462, "element": "node", "id": 2343835890, "bench": "yes", "bin": null, "bus": "yes", "description": null, "highway": "bus_stop", "lit": null, "name": "Plymouth Rd. Park & Ride Lot", "operator": null, "public_transport": "platform", "ref": null, "shelter": "yes", "tactile_paving": null, "network": "AAATA", "network:wikidata": "Q4766233", "brand": null, "phone:aaata": null, "ref:aaata": null, "ref:umich": null, "route_ref:aaata": null, "website:aaata": null, "website:aaata:maps": null, "website:umich:map": null, "website:umich:routes": null, "wheelchair": null, "check_date:shelter": null, "note": null, "passenger_information_display": null, "network:wikipedia": null, "alt_name": null, "local_ref": null, "ref:signed": null, "operator:wikidata": null, "operator:wikipedia": null, "mapillary": null, "route_ref": null, "survey:date": null, "covered": null, "arrival_times:description": null, "phone": null, "surface": null, "website": null, "website:map": null, "wheelchair:description": null, "departures_board": null, "source": null, "source:date": null, "check_date:bench": null, "smoothness": null, "description:arrival_times": null, "check_date": null, "check_date:lit": null, "check_date:tactile_paving": null, "fixme": null, "paving_stones:material": null, "sign": null, "railway": null, "railway:ref": null, "train": null }, "geometry": { "type": "Point", "coordinates": [ -83.688494, 42.305989 ] } },
{ "type": "Feature", "properties": { "index": 463, "element": "node", "id": 11829366047, "bench": null, "bin": null, "bus": "yes", "description": null, "highway": "bus_stop", "lit": null, "name": "2101 Commonwealth", "operator": "University of Michigan", "public_transport": "platform", "ref": "E604", "shelter": null, "tactile_paving": null, "network": "NorthEast Shuttle", "network:wikidata": null, "brand": null, "phone:aaata": null, "ref:aaata": null, "ref:umich": null, "route_ref:aaata": null, "website:aaata": null, "website:aaata:maps": null, "website:umich:map": null, "website:umich:routes": null, "wheelchair": null, "check_date:shelter": null, "note": null, "passenger_information_display": null, "network:wikipedia": null, "alt_name": null, "local_ref": null, "ref:signed": null, "operator:wikidata": null, "operator:wikipedia": null, "mapillary": null, "route_ref": null, "survey:date": null, "covered": null, "arrival_times:description": null, "phone": null, "surface": null, "website": null, "website:map": null, "wheelchair:description": null, "departures_board": null, "source": null, "source:date": null, "check_date:bench": null, "smoothness": null, "description:arrival_times": null, "check_date": null, "check_date:lit": null, "check_date:tactile_paving": null, "fixme": null, "paving_stones:material": null, "sign": null, "railway": null, "railway:ref": null, "train": null }, "geometry": { "type": "Point", "coordinates": [ -83.6964826, 42.3062877 ] } },
{ "type": "Feature", "properties": { "index": 464, "element": "node", "id": 13621007948, "bench": null, "bin": null, "bus": "yes", "description": null, "highway": "bus_stop", "lit": null, "name": null, "operator": null, "public_transport": "platform", "ref": null, "shelter": null, "tactile_paving": null, "network": null, "network:wikidata": null, "brand": null, "phone:aaata": null, "ref:aaata": null, "ref:umich": null, "route_ref:aaata": null, "website:aaata": null, "website:aaata:maps": null, "website:umich:map": null, "website:umich:routes": null, "wheelchair": null, "check_date:shelter": null, "note": null, "passenger_information_display": null, "network:wikipedia": null, "alt_name": null, "local_ref": null, "ref:signed": null, "operator:wikidata": null, "operator:wikipedia": null, "mapillary": null, "route_ref": null, "survey:date": null, "covered": null, "arrival_times:description": null, "phone": null, "surface": null, "website": null, "website:map": null, "wheelchair:description": null, "departures_board": null, "source": null, "source:date": null, "check_date:bench": null, "smoothness": null, "description:arrival_times": null, "check_date": null, "check_date:lit": null, "check_date:tactile_paving": null, "fixme": null, "paving_stones:material": null, "sign": null, "railway": null, "railway:ref": null, "train": null }, "geometry": { "type": "Point", "coordinates": [ -83.6928339, 42.3076298 ] } },
{ "type": "Feature", "properties": { "index": 465, "element": "node", "id": 11829366046, "bench": null, "bin": null, "bus": "yes", "description": null, "highway": "bus_stop", "lit": null, "name": "Michigan House", "operator": "University of Michigan", "public_transport": "platform", "ref": "E603", "shelter": null, "tactile_paving": null, "network": "NorthEast Shuttle", "network:wikidata": null, "brand": null, "phone:aaata": null, "ref:aaata": null, "ref:umich": null, "route_ref:aaata": null, "website:aaata": null, "website:aaata:maps": null, "website:umich:map": null, "website:umich:routes": null, "wheelchair": null, "check_date:shelter": null, "note": null, "passenger_information_display": null, "network:wikipedia": null, "alt_name": null, "local_ref": null, "ref:signed": null, "operator:wikidata": null, "operator:wikipedia": null, "mapillary": null, "route_ref": null, "survey:date": null, "covered": null, "arrival_times:description": null, "phone": null, "surface": null, "website": null, "website:map": null, "wheelchair:description": null, "departures_board": "no", "source": null, "source:date": null, "check_date:bench": null, "smoothness": null, "description:arrival_times": null, "check_date": null, "check_date:lit": null, "check_date:tactile_paving": null, "fixme": null, "paving_stones:material": null, "sign": null, "railway": null, "railway:ref": null, "train": null }, "geometry": { "type": "Point", "coordinates": [ -83.69593, 42.3082317 ] } },
{ "type": "Feature", "properties": { "index": 466, "element": "node", "id": 13662723191, "bench": null, "bin": null, "bus": "yes", "description": null, "highway": "bus_stop", "lit": null, "name": null, "operator": null, "public_transport": "platform", "ref": null, "shelter": null, "tactile_paving": null, "network": null, "network:wikidata": null, "brand": null, "phone:aaata": null, "ref:aaata": null, "ref:umich": null, "route_ref:aaata": null, "website:aaata": null, "website:aaata:maps": null, "website:umich:map": null, "website:umich:routes": null, "wheelchair": null, "check_date:shelter": null, "note": null, "passenger_information_display": null, "network:wikipedia": null, "alt_name": null, "local_ref": null, "ref:signed": null, "operator:wikidata": null, "operator:wikipedia": null, "mapillary": null, "route_ref": null, "survey:date": null, "covered": null, "arrival_times:description": null, "phone": null, "surface": null, "website": null, "website:map": null, "wheelchair:description": null, "departures_board": null, "source": null, "source:date": null, "check_date:bench": null, "smoothness": null, "description:arrival_times": null, "check_date": null, "check_date:lit": null, "check_date:tactile_paving": null, "fixme": null, "paving_stones:material": null, "sign": null, "railway": null, "railway:ref": null, "train": null }, "geometry": { "type": "Point", "coordinates": [ -83.692693, 42.3085857 ] } },
{ "type": "Feature", "properties": { "index": 467, "element": "node", "id": 13662723192, "bench": null, "bin": null, "bus": "yes", "description": null, "highway": "bus_stop", "lit": null, "name": null, "operator": null, "public_transport": "platform", "ref": null, "shelter": null, "tactile_paving": null, "network": null, "network:wikidata": null, "brand": null, "phone:aaata": null, "ref:aaata": null, "ref:umich": null, "route_ref:aaata": null, "website:aaata": null, "website:aaata:maps": null, "website:umich:map": null, "website:umich:routes": null, "wheelchair": null, "check_date:shelter": null, "note": null, "passenger_information_display": null, "network:wikipedia": null, "alt_name": null, "local_ref": null, "ref:signed": null, "operator:wikidata": null, "operator:wikipedia": null, "mapillary": null, "route_ref": null, "survey:date": null, "covered": null, "arrival_times:description": null, "phone": null, "surface": null, "website": null, "website:map": null, "wheelchair:description": null, "departures_board": null, "source": null, "source:date": null, "check_date:bench": null, "smoothness": null, "description:arrival_times": null, "check_date": null, "check_date:lit": null, "check_date:tactile_paving": null, "fixme": null, "paving_stones:material": null, "sign": null, "railway": null, "railway:ref": null, "train": null }, "geometry": { "type": "Point", "coordinates": [ -83.6927521, 42.3102473 ] } },
{ "type": "Feature", "properties": { "index": 468, "element": "node", "id": 13621007950, "bench": null, "bin": null, "bus": "yes", "description": null, "highway": "bus_stop", "lit": null, "name": null, "operator": null, "public_transport": "platform", "ref": null, "shelter": null, "tactile_paving": null, "network": null, "network:wikidata": null, "brand": null, "phone:aaata": null, "ref:aaata": null, "ref:umich": null, "route_ref:aaata": null, "website:aaata": null, "website:aaata:maps": null, "website:umich:map": null, "website:umich:routes": null, "wheelchair": null, "check_date:shelter": null, "note": null, "passenger_information_display": null, "network:wikipedia": null, "alt_name": null, "local_ref": null, "ref:signed": null, "operator:wikidata": null, "operator:wikipedia": null, "mapillary": null, "route_ref": null, "survey:date": null, "covered": null, "arrival_times:description": null, "phone": null, "surface": null, "website": null, "website:map": null, "wheelchair:description": null, "departures_board": null, "source": null, "source:date": null, "check_date:bench": null, "smoothness": null, "description:arrival_times": null, "check_date": null, "check_date:lit": null, "check_date:tactile_paving": null, "fixme": null, "paving_stones:material": null, "sign": null, "railway": null, "railway:ref": null, "train": null }, "geometry": { "type": "Point", "coordinates": [ -83.6929432, 42.3109457 ] } },
{ "type": "Feature", "properties": { "index": 469, "element": "node", "id": 13621023159, "bench": null, "bin": null, "bus": "yes", "description": null, "highway": "bus_stop", "lit": null, "name": null, "operator": null, "public_transport": "platform", "ref": null, "shelter": null, "tactile_paving": null, "network": null, "network:wikidata": null, "brand": null, "phone:aaata": null, "ref:aaata": null, "ref:umich": null, "route_ref:aaata": null, "website:aaata": null, "website:aaata:maps": null, "website:umich:map": null, "website:umich:routes": null, "wheelchair": null, "check_date:shelter": null, "note": null, "passenger_information_display": null, "network:wikipedia": null, "alt_name": null, "local_ref": null, "ref:signed": null, "operator:wikidata": null, "operator:wikipedia": null, "mapillary": null, "route_ref": null, "survey:date": null, "covered": null, "arrival_times:description": null, "phone": null, "surface": null, "website": null, "website:map": null, "wheelchair:description": null, "departures_board": null, "source": null, "source:date": null, "check_date:bench": null, "smoothness": null, "description:arrival_times": null, "check_date": null, "check_date:lit": null, "check_date:tactile_paving": null, "fixme": null, "paving_stones:material": null, "sign": null, "railway": null, "railway:ref": null, "train": null }, "geometry": { "type": "Point", "coordinates": [ -83.6927522, 42.31217 ] } },
{ "type": "Feature", "properties": { "index": 470, "element": "node", "id": 11829364112, "bench": "yes", "bin": "no", "bus": "yes", "description": null, "highway": "bus_stop", "lit": null, "name": "N446: NCRC", "operator": "University of Michigan", "public_transport": "platform", "ref": "N446", "shelter": "yes", "tactile_paving": "yes", "network": "NorthEast Shuttle", "network:wikidata": null, "brand": null, "phone:aaata": null, "ref:aaata": null, "ref:umich": null, "route_ref:aaata": null, "website:aaata": null, "website:aaata:maps": null, "website:umich:map": null, "website:umich:routes": null, "wheelchair": null, "check_date:shelter": null, "note": null, "passenger_information_display": null, "network:wikipedia": null, "alt_name": null, "local_ref": null, "ref:signed": null, "operator:wikidata": null, "operator:wikipedia": null, "mapillary": null, "route_ref": null, "survey:date": null, "covered": null, "arrival_times:description": null, "phone": null, "surface": null, "website": null, "website:map": null, "wheelchair:description": null, "departures_board": null, "source": null, "source:date": null, "check_date:bench": null, "smoothness": null, "description:arrival_times": null, "check_date": null, "check_date:lit": null, "check_date:tactile_paving": null, "fixme": null, "paving_stones:material": null, "sign": null, "railway": null, "railway:ref": null, "train": null }, "geometry": { "type": "Point", "coordinates": [ -83.705754, 42.3010606 ] } },
{ "type": "Feature", "properties": { "index": 471, "element": "node", "id": 13000204815, "bench": "yes", "bin": "yes", "bus": "yes", "description": null, "highway": "bus_stop", "lit": null, "name": null, "operator": null, "public_transport": "platform", "ref": "N424", "shelter": "yes", "tactile_paving": "no", "network": null, "network:wikidata": null, "brand": null, "phone:aaata": null, "ref:aaata": null, "ref:umich": null, "route_ref:aaata": null, "website:aaata": null, "website:aaata:maps": null, "website:umich:map": null, "website:umich:routes": null, "wheelchair": null, "check_date:shelter": null, "note": null, "passenger_information_display": null, "network:wikipedia": null, "alt_name": null, "local_ref": null, "ref:signed": null, "operator:wikidata": null, "operator:wikipedia": null, "mapillary": null, "route_ref": null, "survey:date": null, "covered": null, "arrival_times:description": null, "phone": null, "surface": null, "website": null, "website:map": null, "wheelchair:description": null, "departures_board": null, "source": null, "source:date": null, "check_date:bench": null, "smoothness": null, "description:arrival_times": null, "check_date": null, "check_date:lit": null, "check_date:tactile_paving": null, "fixme": null, "paving_stones:material": null, "sign": null, "railway": null, "railway:ref": null, "train": null }, "geometry": { "type": "Point", "coordinates": [ -83.7096644, 42.3014391 ] } },
{ "type": "Feature", "properties": { "index": 472, "element": "node", "id": 9878273940, "bench": "yes", "bin": "yes", "bus": "yes", "description": null, "highway": "bus_stop", "lit": "yes", "name": "Nixon + Plymouth", "operator": "AAATA", "public_transport": "platform", "ref": "1350", "shelter": "yes", "tactile_paving": "no", "network": "AAATA", "network:wikidata": "Q4766233", "brand": null, "phone:aaata": null, "ref:aaata": null, "ref:umich": null, "route_ref:aaata": null, "website:aaata": null, "website:aaata:maps": null, "website:umich:map": null, "website:umich:routes": null, "wheelchair": null, "check_date:shelter": null, "note": null, "passenger_information_display": null, "network:wikipedia": null, "alt_name": null, "local_ref": null, "ref:signed": null, "operator:wikidata": null, "operator:wikipedia": null, "mapillary": null, "route_ref": null, "survey:date": null, "covered": null, "arrival_times:description": null, "phone": null, "surface": null, "website": null, "website:map": null, "wheelchair:description": null, "departures_board": null, "source": null, "source:date": null, "check_date:bench": null, "smoothness": null, "description:arrival_times": null, "check_date": null, "check_date:lit": null, "check_date:tactile_paving": null, "fixme": null, "paving_stones:material": null, "sign": null, "railway": null, "railway:ref": null, "train": null }, "geometry": { "type": "Point", "coordinates": [ -83.7074069, 42.3039166 ] } },
{ "type": "Feature", "properties": { "index": 473, "element": "node", "id": 9878273941, "bench": "yes", "bin": "no", "bus": "yes", "description": null, "highway": "bus_stop", "lit": "yes", "name": "Nixon + Plymouth", "operator": "AAATA", "public_transport": "platform", "ref": "194", "shelter": "yes", "tactile_paving": "no", "network": "AAATA", "network:wikidata": "Q4766233", "brand": null, "phone:aaata": null, "ref:aaata": null, "ref:umich": null, "route_ref:aaata": null, "website:aaata": null, "website:aaata:maps": null, "website:umich:map": null, "website:umich:routes": null, "wheelchair": null, "check_date:shelter": null, "note": null, "passenger_information_display": null, "network:wikipedia": null, "alt_name": null, "local_ref": null, "ref:signed": null, "operator:wikidata": null, "operator:wikipedia": null, "mapillary": null, "route_ref": null, "survey:date": null, "covered": null, "arrival_times:description": null, "phone": null, "surface": null, "website": null, "website:map": null, "wheelchair:description": null, "departures_board": null, "source": null, "source:date": null, "check_date:bench": null, "smoothness": null, "description:arrival_times": null, "check_date": null, "check_date:lit": null, "check_date:tactile_paving": null, "fixme": null, "paving_stones:material": null, "sign": null, "railway": null, "railway:ref": null, "train": null }, "geometry": { "type": "Point", "coordinates": [ -83.7072053, 42.3039799 ] } },
{ "type": "Feature", "properties": { "index": 474, "element": "node", "id": 13621007947, "bench": null, "bin": null, "bus": "yes", "description": null, "highway": "bus_stop", "lit": null, "name": null, "operator": null, "public_transport": "platform", "ref": null, "shelter": null, "tactile_paving": null, "network": null, "network:wikidata": null, "brand": null, "phone:aaata": null, "ref:aaata": null, "ref:umich": null, "route_ref:aaata": null, "website:aaata": null, "website:aaata:maps": null, "website:umich:map": null, "website:umich:routes": null, "wheelchair": null, "check_date:shelter": null, "note": null, "passenger_information_display": null, "network:wikipedia": null, "alt_name": null, "local_ref": null, "ref:signed": null, "operator:wikidata": null, "operator:wikipedia": null, "mapillary": null, "route_ref": null, "survey:date": null, "covered": null, "arrival_times:description": null, "phone": null, "surface": null, "website": null, "website:map": null, "wheelchair:description": null, "departures_board": null, "source": null, "source:date": null, "check_date:bench": null, "smoothness": null, "description:arrival_times": null, "check_date": null, "check_date:lit": null, "check_date:tactile_paving": null, "fixme": null, "paving_stones:material": null, "sign": null, "railway": null, "railway:ref": null, "train": null }, "geometry": { "type": "Point", "coordinates": [ -83.7024096, 42.3164026 ] } },
{ "type": "Feature", "properties": { "index": 475, "element": "node", "id": 13270922285, "bench": null, "bin": null, "bus": "yes", "description": null, "highway": "bus_stop", "lit": null, "name": null, "operator": null, "public_transport": "platform", "ref": null, "shelter": null, "tactile_paving": null, "network": null, "network:wikidata": null, "brand": null, "phone:aaata": null, "ref:aaata": null, "ref:umich": null, "route_ref:aaata": null, "website:aaata": null, "website:aaata:maps": null, "website:umich:map": null, "website:umich:routes": null, "wheelchair": null, "check_date:shelter": null, "note": null, "passenger_information_display": null, "network:wikipedia": null, "alt_name": null, "local_ref": null, "ref:signed": null, "operator:wikidata": null, "operator:wikipedia": null, "mapillary": null, "route_ref": null, "survey:date": null, "covered": null, "arrival_times:description": null, "phone": null, "surface": null, "website": null, "website:map": null, "wheelchair:description": null, "departures_board": null, "source": null, "source:date": null, "check_date:bench": null, "smoothness": null, "description:arrival_times": null, "check_date": null, "check_date:lit": null, "check_date:tactile_paving": null, "fixme": null, "paving_stones:material": null, "sign": null, "railway": null, "railway:ref": null, "train": null }, "geometry": { "type": "Point", "coordinates": [ -83.7015324, 42.3166617 ] } },
{ "type": "Feature", "properties": { "index": 476, "element": "node", "id": 9898237796, "bench": null, "bin": null, "bus": "yes", "description": null, "highway": "bus_stop", "lit": null, "name": "Green + Nixon", "operator": "AAATA", "public_transport": "platform", "ref": "2230", "shelter": null, "tactile_paving": null, "network": "AAATA", "network:wikidata": "Q4766233", "brand": null, "phone:aaata": null, "ref:aaata": null, "ref:umich": null, "route_ref:aaata": null, "website:aaata": null, "website:aaata:maps": null, "website:umich:map": null, "website:umich:routes": null, "wheelchair": null, "check_date:shelter": null, "note": null, "passenger_information_display": null, "network:wikipedia": null, "alt_name": null, "local_ref": null, "ref:signed": null, "operator:wikidata": null, "operator:wikipedia": null, "mapillary": null, "route_ref": null, "survey:date": null, "covered": null, "arrival_times:description": null, "phone": null, "surface": null, "website": null, "website:map": null, "wheelchair:description": null, "departures_board": null, "source": null, "source:date": null, "check_date:bench": null, "smoothness": null, "description:arrival_times": null, "check_date": null, "check_date:lit": null, "check_date:tactile_paving": null, "fixme": null, "paving_stones:material": null, "sign": null, "railway": null, "railway:ref": null, "train": null }, "geometry": { "type": "Point", "coordinates": [ -83.7067219, 42.3168317 ] } },
{ "type": "Feature", "properties": { "index": 477, "element": "node", "id": 9078233670, "bench": null, "bin": null, "bus": "yes", "description": null, "highway": "bus_stop", "lit": null, "name": "Green + Nixon", "operator": "AAATA", "public_transport": "platform", "ref": "626", "shelter": null, "tactile_paving": null, "network": "AAATA", "network:wikidata": "Q4766233", "brand": null, "phone:aaata": null, "ref:aaata": null, "ref:umich": null, "route_ref:aaata": null, "website:aaata": null, "website:aaata:maps": null, "website:umich:map": null, "website:umich:routes": null, "wheelchair": null, "check_date:shelter": null, "note": null, "passenger_information_display": null, "network:wikipedia": null, "alt_name": null, "local_ref": null, "ref:signed": null, "operator:wikidata": null, "operator:wikipedia": null, "mapillary": null, "route_ref": null, "survey:date": null, "covered": null, "arrival_times:description": null, "phone": null, "surface": null, "website": null, "website:map": null, "wheelchair:description": null, "departures_board": null, "source": null, "source:date": null, "check_date:bench": null, "smoothness": null, "description:arrival_times": null, "check_date": null, "check_date:lit": null, "check_date:tactile_paving": null, "fixme": null, "paving_stones:material": null, "sign": null, "railway": null, "railway:ref": null, "train": null }, "geometry": { "type": "Point", "coordinates": [ -83.7067059, 42.3170233 ] } },
{ "type": "Feature", "properties": { "index": 478, "element": "node", "id": 13270943572, "bench": null, "bin": null, "bus": "yes", "description": null, "highway": "bus_stop", "lit": null, "name": null, "operator": null, "public_transport": "platform", "ref": null, "shelter": null, "tactile_paving": null, "network": null, "network:wikidata": null, "brand": null, "phone:aaata": null, "ref:aaata": null, "ref:umich": null, "route_ref:aaata": null, "website:aaata": null, "website:aaata:maps": null, "website:umich:map": null, "website:umich:routes": null, "wheelchair": null, "check_date:shelter": null, "note": null, "passenger_information_display": null, "network:wikipedia": null, "alt_name": null, "local_ref": null, "ref:signed": null, "operator:wikidata": null, "operator:wikipedia": null, "mapillary": null, "route_ref": null, "survey:date": null, "covered": null, "arrival_times:description": null, "phone": null, "surface": null, "website": null, "website:map": null, "wheelchair:description": null, "departures_board": null, "source": null, "source:date": null, "check_date:bench": null, "smoothness": null, "description:arrival_times": null, "check_date": null, "check_date:lit": null, "check_date:tactile_paving": null, "fixme": null, "paving_stones:material": null, "sign": null, "railway": null, "railway:ref": null, "train": null }, "geometry": { "type": "Point", "coordinates": [ -83.7137623, 42.3172131 ] } },
{ "type": "Feature", "properties": { "index": 479, "element": "node", "id": 13252683786, "bench": null, "bin": null, "bus": "yes", "description": null, "highway": "bus_stop", "lit": null, "name": null, "operator": null, "public_transport": "platform", "ref": null, "shelter": null, "tactile_paving": null, "network": null, "network:wikidata": null, "brand": null, "phone:aaata": null, "ref:aaata": null, "ref:umich": null, "route_ref:aaata": null, "website:aaata": null, "website:aaata:maps": null, "website:umich:map": null, "website:umich:routes": null, "wheelchair": null, "check_date:shelter": null, "note": null, "passenger_information_display": null, "network:wikipedia": null, "alt_name": null, "local_ref": null, "ref:signed": null, "operator:wikidata": null, "operator:wikipedia": null, "mapillary": null, "route_ref": null, "survey:date": null, "covered": null, "arrival_times:description": null, "phone": null, "surface": null, "website": null, "website:map": null, "wheelchair:description": null, "departures_board": null, "source": null, "source:date": null, "check_date:bench": null, "smoothness": null, "description:arrival_times": null, "check_date": null, "check_date:lit": null, "check_date:tactile_paving": null, "fixme": null, "paving_stones:material": null, "sign": null, "railway": null, "railway:ref": null, "train": null }, "geometry": { "type": "Point", "coordinates": [ -83.7086598, 42.3172507 ] } },
{ "type": "Feature", "properties": { "index": 480, "element": "node", "id": 13641888921, "bench": null, "bin": null, "bus": "yes", "description": null, "highway": "bus_stop", "lit": null, "name": null, "operator": null, "public_transport": "platform", "ref": null, "shelter": null, "tactile_paving": null, "network": null, "network:wikidata": null, "brand": null, "phone:aaata": null, "ref:aaata": null, "ref:umich": null, "route_ref:aaata": null, "website:aaata": null, "website:aaata:maps": null, "website:umich:map": null, "website:umich:routes": null, "wheelchair": null, "check_date:shelter": null, "note": null, "passenger_information_display": null, "network:wikipedia": null, "alt_name": null, "local_ref": null, "ref:signed": null, "operator:wikidata": null, "operator:wikipedia": null, "mapillary": null, "route_ref": null, "survey:date": null, "covered": null, "arrival_times:description": null, "phone": null, "surface": null, "website": null, "website:map": null, "wheelchair:description": null, "departures_board": null, "source": null, "source:date": null, "check_date:bench": null, "smoothness": null, "description:arrival_times": null, "check_date": null, "check_date:lit": null, "check_date:tactile_paving": null, "fixme": null, "paving_stones:material": null, "sign": null, "railway": null, "railway:ref": null, "train": null }, "geometry": { "type": "Point", "coordinates": [ -83.69299, 42.3124455 ] } },
{ "type": "Feature", "properties": { "index": 481, "element": "node", "id": 13603636326, "bench": null, "bin": null, "bus": "yes", "description": null, "highway": "bus_stop", "lit": null, "name": null, "operator": null, "public_transport": "platform", "ref": null, "shelter": null, "tactile_paving": null, "network": null, "network:wikidata": null, "brand": null, "phone:aaata": null, "ref:aaata": null, "ref:umich": null, "route_ref:aaata": null, "website:aaata": null, "website:aaata:maps": null, "website:umich:map": null, "website:umich:routes": null, "wheelchair": null, "check_date:shelter": null, "note": null, "passenger_information_display": null, "network:wikipedia": null, "alt_name": null, "local_ref": null, "ref:signed": null, "operator:wikidata": null, "operator:wikipedia": null, "mapillary": null, "route_ref": null, "survey:date": null, "covered": null, "arrival_times:description": null, "phone": null, "surface": null, "website": null, "website:map": null, "wheelchair:description": null, "departures_board": null, "source": null, "source:date": null, "check_date:bench": null, "smoothness": null, "description:arrival_times": null, "check_date": null, "check_date:lit": null, "check_date:tactile_paving": null, "fixme": null, "paving_stones:material": null, "sign": null, "railway": null, "railway:ref": null, "train": null }, "geometry": { "type": "Point", "coordinates": [ -83.6927572, 42.3139027 ] } },
{ "type": "Feature", "properties": { "index": 482, "element": "node", "id": 13621023158, "bench": null, "bin": null, "bus": "yes", "description": null, "highway": "bus_stop", "lit": null, "name": null, "operator": null, "public_transport": "platform", "ref": null, "shelter": null, "tactile_paving": null, "network": null, "network:wikidata": null, "brand": null, "phone:aaata": null, "ref:aaata": null, "ref:umich": null, "route_ref:aaata": null, "website:aaata": null, "website:aaata:maps": null, "website:umich:map": null, "website:umich:routes": null, "wheelchair": null, "check_date:shelter": null, "note": null, "passenger_information_display": null, "network:wikipedia": null, "alt_name": null, "local_ref": null, "ref:signed": null, "operator:wikidata": null, "operator:wikipedia": null, "mapillary": null, "route_ref": null, "survey:date": null, "covered": null, "arrival_times:description": null, "phone": null, "surface": null, "website": null, "website:map": null, "wheelchair:description": null, "departures_board": null, "source": null, "source:date": null, "check_date:bench": null, "smoothness": null, "description:arrival_times": null, "check_date": null, "check_date:lit": null, "check_date:tactile_paving": null, "fixme": null, "paving_stones:material": null, "sign": null, "railway": null, "railway:ref": null, "train": null }, "geometry": { "type": "Point", "coordinates": [ -83.6924755, 42.3142809 ] } },
{ "type": "Feature", "properties": { "index": 483, "element": "node", "id": 13603653960, "bench": null, "bin": null, "bus": "yes", "description": null, "highway": "bus_stop", "lit": null, "name": null, "operator": null, "public_transport": "platform", "ref": null, "shelter": null, "tactile_paving": null, "network": null, "network:wikidata": null, "brand": null, "phone:aaata": null, "ref:aaata": null, "ref:umich": null, "route_ref:aaata": null, "website:aaata": null, "website:aaata:maps": null, "website:umich:map": null, "website:umich:routes": null, "wheelchair": null, "check_date:shelter": null, "note": null, "passenger_information_display": null, "network:wikipedia": null, "alt_name": null, "local_ref": null, "ref:signed": null, "operator:wikidata": null, "operator:wikipedia": null, "mapillary": null, "route_ref": null, "survey:date": null, "covered": null, "arrival_times:description": null, "phone": null, "surface": null, "website": null, "website:map": null, "wheelchair:description": null, "departures_board": null, "source": null, "source:date": null, "check_date:bench": null, "smoothness": null, "description:arrival_times": null, "check_date": null, "check_date:lit": null, "check_date:tactile_paving": null, "fixme": null, "paving_stones:material": null, "sign": null, "railway": null, "railway:ref": null, "train": null }, "geometry": { "type": "Point", "coordinates": [ -83.6934809, 42.3165739 ] } },
{ "type": "Feature", "properties": { "index": 484, "element": "node", "id": 13641888920, "bench": null, "bin": null, "bus": "yes", "description": null, "highway": "bus_stop", "lit": null, "name": null, "operator": null, "public_transport": "platform", "ref": null, "shelter": null, "tactile_paving": null, "network": null, "network:wikidata": null, "brand": null, "phone:aaata": null, "ref:aaata": null, "ref:umich": null, "route_ref:aaata": null, "website:aaata": null, "website:aaata:maps": null, "website:umich:map": null, "website:umich:routes": null, "wheelchair": null, "check_date:shelter": null, "note": null, "passenger_information_display": null, "network:wikipedia": null, "alt_name": null, "local_ref": null, "ref:signed": null, "operator:wikidata": null, "operator:wikipedia": null, "mapillary": null, "route_ref": null, "survey:date": null, "covered": null, "arrival_times:description": null, "phone": null, "surface": null, "website": null, "website:map": null, "wheelchair:description": null, "departures_board": null, "source": null, "source:date": null, "check_date:bench": null, "smoothness": null, "description:arrival_times": null, "check_date": null, "check_date:lit": null, "check_date:tactile_paving": null, "fixme": null, "paving_stones:material": null, "sign": null, "railway": null, "railway:ref": null, "train": null }, "geometry": { "type": "Point", "coordinates": [ -83.6993241, 42.3167379 ] } },
{ "type": "Feature", "properties": { "index": 485, "element": "node", "id": 13252690477, "bench": null, "bin": null, "bus": "yes", "description": null, "highway": "bus_stop", "lit": null, "name": null, "operator": null, "public_transport": "platform", "ref": null, "shelter": null, "tactile_paving": null, "network": null, "network:wikidata": null, "brand": null, "phone:aaata": null, "ref:aaata": null, "ref:umich": null, "route_ref:aaata": null, "website:aaata": null, "website:aaata:maps": null, "website:umich:map": null, "website:umich:routes": null, "wheelchair": null, "check_date:shelter": null, "note": null, "passenger_information_display": null, "network:wikipedia": null, "alt_name": null, "local_ref": null, "ref:signed": null, "operator:wikidata": null, "operator:wikipedia": null, "mapillary": null, "route_ref": null, "survey:date": null, "covered": null, "arrival_times:description": null, "phone": null, "surface": null, "website": null, "website:map": null, "wheelchair:description": null, "departures_board": null, "source": null, "source:date": null, "check_date:bench": null, "smoothness": null, "description:arrival_times": null, "check_date": null, "check_date:lit": null, "check_date:tactile_paving": null, "fixme": null, "paving_stones:material": null, "sign": null, "railway": null, "railway:ref": null, "train": null }, "geometry": { "type": "Point", "coordinates": [ -83.699703, 42.3167726 ] } },
{ "type": "Feature", "properties": { "index": 486, "element": "node", "id": 13621023160, "bench": null, "bin": null, "bus": "yes", "description": null, "highway": "bus_stop", "lit": null, "name": null, "operator": null, "public_transport": "platform", "ref": null, "shelter": null, "tactile_paving": null, "network": null, "network:wikidata": null, "brand": null, "phone:aaata": null, "ref:aaata": null, "ref:umich": null, "route_ref:aaata": null, "website:aaata": null, "website:aaata:maps": null, "website:umich:map": null, "website:umich:routes": null, "wheelchair": null, "check_date:shelter": null, "note": null, "passenger_information_display": null, "network:wikipedia": null, "alt_name": null, "local_ref": null, "ref:signed": null, "operator:wikidata": null, "operator:wikipedia": null, "mapillary": null, "route_ref": null, "survey:date": null, "covered": null, "arrival_times:description": null, "phone": null, "surface": null, "website": null, "website:map": null, "wheelchair:description": null, "departures_board": null, "source": null, "source:date": null, "check_date:bench": null, "smoothness": null, "description:arrival_times": null, "check_date": null, "check_date:lit": null, "check_date:tactile_paving": null, "fixme": null, "paving_stones:material": null, "sign": null, "railway": null, "railway:ref": null, "train": null }, "geometry": { "type": "Point", "coordinates": [ -83.693752, 42.3170013 ] } },
{ "type": "Feature", "properties": { "index": 487, "element": "node", "id": 13621007949, "bench": null, "bin": null, "bus": "yes", "description": null, "highway": "bus_stop", "lit": null, "name": null, "operator": null, "public_transport": "platform", "ref": null, "shelter": null, "tactile_paving": null, "network": null, "network:wikidata": null, "brand": null, "phone:aaata": null, "ref:aaata": null, "ref:umich": null, "route_ref:aaata": null, "website:aaata": null, "website:aaata:maps": null, "website:umich:map": null, "website:umich:routes": null, "wheelchair": null, "check_date:shelter": null, "note": null, "passenger_information_display": null, "network:wikipedia": null, "alt_name": null, "local_ref": null, "ref:signed": null, "operator:wikidata": null, "operator:wikipedia": null, "mapillary": null, "route_ref": null, "survey:date": null, "covered": null, "arrival_times:description": null, "phone": null, "surface": null, "website": null, "website:map": null, "wheelchair:description": null, "departures_board": null, "source": null, "source:date": null, "check_date:bench": null, "smoothness": null, "description:arrival_times": null, "check_date": null, "check_date:lit": null, "check_date:tactile_paving": null, "fixme": null, "paving_stones:material": null, "sign": null, "railway": null, "railway:ref": null, "train": null }, "geometry": { "type": "Point", "coordinates": [ -83.6957469, 42.317579 ] } },
{ "type": "Feature", "properties": { "index": 488, "element": "node", "id": 13603640600, "bench": null, "bin": null, "bus": "yes", "description": null, "highway": "bus_stop", "lit": null, "name": null, "operator": null, "public_transport": "platform", "ref": null, "shelter": null, "tactile_paving": null, "network": null, "network:wikidata": null, "brand": null, "phone:aaata": null, "ref:aaata": null, "ref:umich": null, "route_ref:aaata": null, "website:aaata": null, "website:aaata:maps": null, "website:umich:map": null, "website:umich:routes": null, "wheelchair": null, "check_date:shelter": null, "note": null, "passenger_information_display": null, "network:wikipedia": null, "alt_name": null, "local_ref": null, "ref:signed": null, "operator:wikidata": null, "operator:wikipedia": null, "mapillary": null, "route_ref": null, "survey:date": null, "covered": null, "arrival_times:description": null, "phone": null, "surface": null, "website": null, "website:map": null, "wheelchair:description": null, "departures_board": null, "source": null, "source:date": null, "check_date:bench": null, "smoothness": null, "description:arrival_times": null, "check_date": null, "check_date:lit": null, "check_date:tactile_paving": null, "fixme": null, "paving_stones:material": null, "sign": null, "railway": null, "railway:ref": null, "train": null }, "geometry": { "type": "Point", "coordinates": [ -83.6958037, 42.3177494 ] } },
{ "type": "Feature", "properties": { "index": 489, "element": "node", "id": 10834307632, "bench": null, "bin": null, "bus": "yes", "description": null, "highway": null, "lit": null, "name": "South 5th Avenue & East Williams Street", "operator": null, "public_transport": "stop_position", "ref": null, "shelter": null, "tactile_paving": null, "network": null, "network:wikidata": null, "brand": null, "phone:aaata": null, "ref:aaata": null, "ref:umich": null, "route_ref:aaata": null, "website:aaata": null, "website:aaata:maps": null, "website:umich:map": null, "website:umich:routes": null, "wheelchair": null, "check_date:shelter": null, "note": null, "passenger_information_display": null, "network:wikipedia": null, "alt_name": null, "local_ref": null, "ref:signed": null, "operator:wikidata": null, "operator:wikipedia": null, "mapillary": null, "route_ref": null, "survey:date": null, "covered": null, "arrival_times:description": null, "phone": null, "surface": null, "website": null, "website:map": null, "wheelchair:description": null, "departures_board": null, "source": null, "source:date": null, "check_date:bench": null, "smoothness": null, "description:arrival_times": null, "check_date": null, "check_date:lit": null, "check_date:tactile_paving": null, "fixme": null, "paving_stones:material": null, "sign": null, "railway": null, "railway:ref": null, "train": null }, "geometry": { "type": "Point", "coordinates": [ -83.7462001, 42.2780222 ] } },
{ "type": "Feature", "properties": { "index": 490, "element": "node", "id": 4393371108, "bench": null, "bin": null, "bus": "yes", "description": null, "highway": null, "lit": null, "name": null, "operator": null, "public_transport": "stop_position", "ref": null, "shelter": null, "tactile_paving": null, "network": null, "network:wikidata": null, "brand": null, "phone:aaata": null, "ref:aaata": null, "ref:umich": null, "route_ref:aaata": null, "website:aaata": null, "website:aaata:maps": null, "website:umich:map": null, "website:umich:routes": null, "wheelchair": null, "check_date:shelter": null, "note": null, "passenger_information_display": null, "network:wikipedia": null, "alt_name": null, "local_ref": null, "ref:signed": null, "operator:wikidata": null, "operator:wikipedia": null, "mapillary": null, "route_ref": null, "survey:date": null, "covered": null, "arrival_times:description": null, "phone": null, "surface": null, "website": null, "website:map": null, "wheelchair:description": null, "departures_board": null, "source": null, "source:date": null, "check_date:bench": null, "smoothness": null, "description:arrival_times": null, "check_date": null, "check_date:lit": null, "check_date:tactile_paving": null, "fixme": null, "paving_stones:material": null, "sign": null, "railway": null, "railway:ref": null, "train": null }, "geometry": { "type": "Point", "coordinates": [ -83.7371717, 42.2806172 ] } },
{ "type": "Feature", "properties": { "index": 491, "element": "node", "id": 12185209457, "bench": null, "bin": null, "bus": "yes", "description": null, "highway": null, "lit": null, "name": null, "operator": null, "public_transport": "stop_position", "ref": null, "shelter": null, "tactile_paving": null, "network": null, "network:wikidata": null, "brand": null, "phone:aaata": null, "ref:aaata": null, "ref:umich": null, "route_ref:aaata": null, "website:aaata": null, "website:aaata:maps": null, "website:umich:map": null, "website:umich:routes": null, "wheelchair": null, "check_date:shelter": null, "note": null, "passenger_information_display": null, "network:wikipedia": null, "alt_name": null, "local_ref": null, "ref:signed": null, "operator:wikidata": null, "operator:wikipedia": null, "mapillary": null, "route_ref": null, "survey:date": null, "covered": null, "arrival_times:description": null, "phone": null, "surface": null, "website": null, "website:map": null, "wheelchair:description": null, "departures_board": null, "source": null, "source:date": null, "check_date:bench": null, "smoothness": null, "description:arrival_times": null, "check_date": null, "check_date:lit": null, "check_date:tactile_paving": null, "fixme": null, "paving_stones:material": null, "sign": null, "railway": null, "railway:ref": null, "train": null }, "geometry": { "type": "Point", "coordinates": [ -83.7371871, 42.2809529 ] } },
{ "type": "Feature", "properties": { "index": 492, "element": "node", "id": 12185209786, "bench": null, "bin": null, "bus": "yes", "description": null, "highway": null, "lit": null, "name": null, "operator": null, "public_transport": "stop_position", "ref": null, "shelter": null, "tactile_paving": null, "network": null, "network:wikidata": null, "brand": null, "phone:aaata": null, "ref:aaata": null, "ref:umich": null, "route_ref:aaata": null, "website:aaata": null, "website:aaata:maps": null, "website:umich:map": null, "website:umich:routes": null, "wheelchair": null, "check_date:shelter": null, "note": null, "passenger_information_display": null, "network:wikipedia": null, "alt_name": null, "local_ref": null, "ref:signed": null, "operator:wikidata": null, "operator:wikipedia": null, "mapillary": null, "route_ref": null, "survey:date": null, "covered": null, "arrival_times:description": null, "phone": null, "surface": null, "website": null, "website:map": null, "wheelchair:description": null, "departures_board": null, "source": null, "source:date": null, "check_date:bench": null, "smoothness": null, "description:arrival_times": null, "check_date": null, "check_date:lit": null, "check_date:tactile_paving": null, "fixme": null, "paving_stones:material": null, "sign": null, "railway": null, "railway:ref": null, "train": null }, "geometry": { "type": "Point", "coordinates": [ -83.735692, 42.2834781 ] } },
{ "type": "Feature", "properties": { "index": 493, "element": "node", "id": 12185209784, "bench": null, "bin": null, "bus": "yes", "description": null, "highway": null, "lit": null, "name": null, "operator": null, "public_transport": "stop_position", "ref": null, "shelter": null, "tactile_paving": null, "network": null, "network:wikidata": null, "brand": null, "phone:aaata": null, "ref:aaata": null, "ref:umich": null, "route_ref:aaata": null, "website:aaata": null, "website:aaata:maps": null, "website:umich:map": null, "website:umich:routes": null, "wheelchair": null, "check_date:shelter": null, "note": null, "passenger_information_display": null, "network:wikipedia": null, "alt_name": null, "local_ref": null, "ref:signed": null, "operator:wikidata": null, "operator:wikipedia": null, "mapillary": null, "route_ref": null, "survey:date": null, "covered": null, "arrival_times:description": null, "phone": null, "surface": null, "website": null, "website:map": null, "wheelchair:description": null, "departures_board": null, "source": null, "source:date": null, "check_date:bench": null, "smoothness": null, "description:arrival_times": null, "check_date": null, "check_date:lit": null, "check_date:tactile_paving": null, "fixme": null, "paving_stones:material": null, "sign": null, "railway": null, "railway:ref": null, "train": null }, "geometry": { "type": "Point", "coordinates": [ -83.7357541, 42.2841819 ] } },
{ "type": "Feature", "properties": { "index": 494, "element": "node", "id": 2264452369, "bench": null, "bin": null, "bus": null, "description": null, "highway": null, "lit": null, "name": "Ann Arbor", "operator": null, "public_transport": "stop_position", "ref": null, "shelter": null, "tactile_paving": null, "network": "Amtrak", "network:wikidata": null, "brand": null, "phone:aaata": null, "ref:aaata": null, "ref:umich": null, "route_ref:aaata": null, "website:aaata": null, "website:aaata:maps": null, "website:umich:map": null, "website:umich:routes": null, "wheelchair": null, "check_date:shelter": null, "note": null, "passenger_information_display": null, "network:wikipedia": null, "alt_name": null, "local_ref": null, "ref:signed": null, "operator:wikidata": null, "operator:wikipedia": null, "mapillary": null, "route_ref": null, "survey:date": null, "covered": null, "arrival_times:description": null, "phone": null, "surface": null, "website": null, "website:map": null, "wheelchair:description": null, "departures_board": null, "source": null, "source:date": null, "check_date:bench": null, "smoothness": null, "description:arrival_times": null, "check_date": null, "check_date:lit": null, "check_date:tactile_paving": null, "fixme": null, "paving_stones:material": null, "sign": null, "railway": "stop", "railway:ref": "ARB", "train": "yes" }, "geometry": { "type": "Point", "coordinates": [ -83.7421459, 42.2875478 ] } },
{ "type": "Feature", "properties": { "index": 495, "element": "node", "id": 7024286689, "bench": null, "bin": null, "bus": null, "description": null, "highway": null, "lit": null, "name": "Ann Arbor", "operator": null, "public_transport": "stop_position", "ref": null, "shelter": null, "tactile_paving": null, "network": "Amtrak", "network:wikidata": null, "brand": null, "phone:aaata": null, "ref:aaata": null, "ref:umich": null, "route_ref:aaata": null, "website:aaata": null, "website:aaata:maps": null, "website:umich:map": null, "website:umich:routes": null, "wheelchair": null, "check_date:shelter": null, "note": null, "passenger_information_display": null, "network:wikipedia": null, "alt_name": null, "local_ref": null, "ref:signed": null, "operator:wikidata": null, "operator:wikipedia": null, "mapillary": null, "route_ref": null, "survey:date": null, "covered": null, "arrival_times:description": null, "phone": null, "surface": null, "website": null, "website:map": null, "wheelchair:description": null, "departures_board": null, "source": null, "source:date": null, "check_date:bench": null, "smoothness": null, "description:arrival_times": null, "check_date": null, "check_date:lit": null, "check_date:tactile_paving": null, "fixme": null, "paving_stones:material": null, "sign": null, "railway": "stop", "railway:ref": "ARB", "train": "yes" }, "geometry": { "type": "Point", "coordinates": [ -83.7439131, 42.2882334 ] } },
{ "type": "Feature", "properties": { "index": 496, "element": "node", "id": 12185186582, "bench": null, "bin": null, "bus": "yes", "description": null, "highway": null, "lit": null, "name": null, "operator": null, "public_transport": "stop_position", "ref": null, "shelter": null, "tactile_paving": null, "network": null, "network:wikidata": null, "brand": null, "phone:aaata": null, "ref:aaata": null, "ref:umich": null, "route_ref:aaata": null, "website:aaata": null, "website:aaata:maps": null, "website:umich:map": null, "website:umich:routes": null, "wheelchair": null, "check_date:shelter": null, "note": null, "passenger_information_display": null, "network:wikipedia": null, "alt_name": null, "local_ref": null, "ref:signed": null, "operator:wikidata": null, "operator:wikipedia": null, "mapillary": null, "route_ref": null, "survey:date": null, "covered": null, "arrival_times:description": null, "phone": null, "surface": null, "website": null, "website:map": null, "wheelchair:description": null, "departures_board": null, "source": null, "source:date": null, "check_date:bench": null, "smoothness": null, "description:arrival_times": null, "check_date": null, "check_date:lit": null, "check_date:tactile_paving": null, "fixme": null, "paving_stones:material": null, "sign": null, "railway": null, "railway:ref": null, "train": null }, "geometry": { "type": "Point", "coordinates": [ -83.7242067, 42.2941503 ] } },
{ "type": "Feature", "properties": { "index": 497, "element": "node", "id": 12185186584, "bench": null, "bin": null, "bus": null, "description": null, "highway": null, "lit": null, "name": null, "operator": null, "public_transport": "stop_position", "ref": null, "shelter": null, "tactile_paving": null, "network": null, "network:wikidata": null, "brand": null, "phone:aaata": null, "ref:aaata": null, "ref:umich": null, "route_ref:aaata": null, "website:aaata": null, "website:aaata:maps": null, "website:umich:map": null, "website:umich:routes": null, "wheelchair": null, "check_date:shelter": null, "note": null, "passenger_information_display": null, "network:wikipedia": null, "alt_name": null, "local_ref": null, "ref:signed": null, "operator:wikidata": null, "operator:wikipedia": null, "mapillary": null, "route_ref": null, "survey:date": null, "covered": null, "arrival_times:description": null, "phone": null, "surface": null, "website": null, "website:map": null, "wheelchair:description": null, "departures_board": null, "source": null, "source:date": null, "check_date:bench": null, "smoothness": null, "description:arrival_times": null, "check_date": null, "check_date:lit": null, "check_date:tactile_paving": null, "fixme": null, "paving_stones:material": null, "sign": null, "railway": null, "railway:ref": null, "train": null }, "geometry": { "type": "Point", "coordinates": [ -83.7240878, 42.2942369 ] } },
{ "type": "Feature", "properties": { "index": 498, "element": "node", "id": 12185207304, "bench": null, "bin": null, "bus": "yes", "description": null, "highway": null, "lit": null, "name": null, "operator": null, "public_transport": "stop_position", "ref": null, "shelter": null, "tactile_paving": null, "network": null, "network:wikidata": null, "brand": null, "phone:aaata": null, "ref:aaata": null, "ref:umich": null, "route_ref:aaata": null, "website:aaata": null, "website:aaata:maps": null, "website:umich:map": null, "website:umich:routes": null, "wheelchair": null, "check_date:shelter": null, "note": null, "passenger_information_display": null, "network:wikipedia": null, "alt_name": null, "local_ref": null, "ref:signed": null, "operator:wikidata": null, "operator:wikipedia": null, "mapillary": null, "route_ref": null, "survey:date": null, "covered": null, "arrival_times:description": null, "phone": null, "surface": null, "website": null, "website:map": null, "wheelchair:description": null, "departures_board": null, "source": null, "source:date": null, "check_date:bench": null, "smoothness": null, "description:arrival_times": null, "check_date": null, "check_date:lit": null, "check_date:tactile_paving": null, "fixme": null, "paving_stones:material": null, "sign": null, "railway": null, "railway:ref": null, "train": null }, "geometry": { "type": "Point", "coordinates": [ -83.723208, 42.2870672 ] } },
{ "type": "Feature", "properties": { "index": 499, "element": "node", "id": 12185186598, "bench": null, "bin": null, "bus": "yes", "description": null, "highway": null, "lit": null, "name": null, "operator": null, "public_transport": "stop_position", "ref": null, "shelter": null, "tactile_paving": null, "network": null, "network:wikidata": null, "brand": null, "phone:aaata": null, "ref:aaata": null, "ref:umich": null, "route_ref:aaata": null, "website:aaata": null, "website:aaata:maps": null, "website:umich:map": null, "website:umich:routes": null, "wheelchair": null, "check_date:shelter": null, "note": null, "passenger_information_display": null, "network:wikipedia": null, "alt_name": null, "local_ref": null, "ref:signed": null, "operator:wikidata": null, "operator:wikipedia": null, "mapillary": null, "route_ref": null, "survey:date": null, "covered": null, "arrival_times:description": null, "phone": null, "surface": null, "website": null, "website:map": null, "wheelchair:description": null, "departures_board": null, "source": null, "source:date": null, "check_date:bench": null, "smoothness": null, "description:arrival_times": null, "check_date": null, "check_date:lit": null, "check_date:tactile_paving": null, "fixme": null, "paving_stones:material": null, "sign": null, "railway": null, "railway:ref": null, "train": null }, "geometry": { "type": "Point", "coordinates": [ -83.722706, 42.2871747 ] } },
{ "type": "Feature", "properties": { "index": 500, "element": "node", "id": 12185186594, "bench": null, "bin": null, "bus": "yes", "description": null, "highway": null, "lit": null, "name": null, "operator": null, "public_transport": "stop_position", "ref": null, "shelter": null, "tactile_paving": null, "network": null, "network:wikidata": null, "brand": null, "phone:aaata": null, "ref:aaata": null, "ref:umich": null, "route_ref:aaata": null, "website:aaata": null, "website:aaata:maps": null, "website:umich:map": null, "website:umich:routes": null, "wheelchair": null, "check_date:shelter": null, "note": null, "passenger_information_display": null, "network:wikipedia": null, "alt_name": null, "local_ref": null, "ref:signed": null, "operator:wikidata": null, "operator:wikipedia": null, "mapillary": null, "route_ref": null, "survey:date": null, "covered": null, "arrival_times:description": null, "phone": null, "surface": null, "website": null, "website:map": null, "wheelchair:description": null, "departures_board": null, "source": null, "source:date": null, "check_date:bench": null, "smoothness": null, "description:arrival_times": null, "check_date": null, "check_date:lit": null, "check_date:tactile_paving": null, "fixme": null, "paving_stones:material": null, "sign": null, "railway": null, "railway:ref": null, "train": null }, "geometry": { "type": "Point", "coordinates": [ -83.7190164, 42.2903192 ] } },
{ "type": "Feature", "properties": { "index": 501, "element": "node", "id": 12557627386, "bench": null, "bin": null, "bus": "yes", "description": null, "highway": null, "lit": null, "name": null, "operator": null, "public_transport": "stop_position", "ref": null, "shelter": null, "tactile_paving": null, "network": null, "network:wikidata": null, "brand": null, "phone:aaata": null, "ref:aaata": null, "ref:umich": null, "route_ref:aaata": null, "website:aaata": null, "website:aaata:maps": null, "website:umich:map": null, "website:umich:routes": null, "wheelchair": null, "check_date:shelter": null, "note": null, "passenger_information_display": null, "network:wikipedia": null, "alt_name": null, "local_ref": null, "ref:signed": null, "operator:wikidata": null, "operator:wikipedia": null, "mapillary": null, "route_ref": null, "survey:date": null, "covered": null, "arrival_times:description": null, "phone": null, "surface": null, "website": null, "website:map": null, "wheelchair:description": null, "departures_board": null, "source": null, "source:date": null, "check_date:bench": null, "smoothness": null, "description:arrival_times": null, "check_date": null, "check_date:lit": null, "check_date:tactile_paving": null, "fixme": null, "paving_stones:material": null, "sign": null, "railway": null, "railway:ref": null, "train": null }, "geometry": { "type": "Point", "coordinates": [ -83.7141629, 42.2904234 ] } },
{ "type": "Feature", "properties": { "index": 502, "element": "node", "id": 12185186596, "bench": null, "bin": null, "bus": "yes", "description": null, "highway": null, "lit": null, "name": null, "operator": null, "public_transport": "stop_position", "ref": null, "shelter": null, "tactile_paving": null, "network": null, "network:wikidata": null, "brand": null, "phone:aaata": null, "ref:aaata": null, "ref:umich": null, "route_ref:aaata": null, "website:aaata": null, "website:aaata:maps": null, "website:umich:map": null, "website:umich:routes": null, "wheelchair": null, "check_date:shelter": null, "note": null, "passenger_information_display": null, "network:wikipedia": null, "alt_name": null, "local_ref": null, "ref:signed": null, "operator:wikidata": null, "operator:wikipedia": null, "mapillary": null, "route_ref": null, "survey:date": null, "covered": null, "arrival_times:description": null, "phone": null, "surface": null, "website": null, "website:map": null, "wheelchair:description": null, "departures_board": null, "source": null, "source:date": null, "check_date:bench": null, "smoothness": null, "description:arrival_times": null, "check_date": null, "check_date:lit": null, "check_date:tactile_paving": null, "fixme": null, "paving_stones:material": null, "sign": null, "railway": null, "railway:ref": null, "train": null }, "geometry": { "type": "Point", "coordinates": [ -83.7184906, 42.2910189 ] } },
{ "type": "Feature", "properties": { "index": 503, "element": "node", "id": 12185169031, "bench": null, "bin": null, "bus": "yes", "description": null, "highway": null, "lit": null, "name": null, "operator": null, "public_transport": "stop_position", "ref": null, "shelter": null, "tactile_paving": null, "network": null, "network:wikidata": null, "brand": null, "phone:aaata": null, "ref:aaata": null, "ref:umich": null, "route_ref:aaata": null, "website:aaata": null, "website:aaata:maps": null, "website:umich:map": null, "website:umich:routes": null, "wheelchair": null, "check_date:shelter": null, "note": null, "passenger_information_display": null, "network:wikipedia": null, "alt_name": null, "local_ref": null, "ref:signed": null, "operator:wikidata": null, "operator:wikipedia": null, "mapillary": null, "route_ref": null, "survey:date": null, "covered": null, "arrival_times:description": null, "phone": null, "surface": null, "website": null, "website:map": null, "wheelchair:description": null, "departures_board": null, "source": null, "source:date": null, "check_date:bench": null, "smoothness": null, "description:arrival_times": null, "check_date": null, "check_date:lit": null, "check_date:tactile_paving": null, "fixme": null, "paving_stones:material": null, "sign": null, "railway": null, "railway:ref": null, "train": null }, "geometry": { "type": "Point", "coordinates": [ -83.7232783, 42.2916327 ] } },
{ "type": "Feature", "properties": { "index": 504, "element": "node", "id": 12185186592, "bench": null, "bin": null, "bus": "yes", "description": null, "highway": null, "lit": null, "name": null, "operator": null, "public_transport": "stop_position", "ref": null, "shelter": null, "tactile_paving": null, "network": null, "network:wikidata": null, "brand": null, "phone:aaata": null, "ref:aaata": null, "ref:umich": null, "route_ref:aaata": null, "website:aaata": null, "website:aaata:maps": null, "website:umich:map": null, "website:umich:routes": null, "wheelchair": null, "check_date:shelter": null, "note": null, "passenger_information_display": null, "network:wikipedia": null, "alt_name": null, "local_ref": null, "ref:signed": null, "operator:wikidata": null, "operator:wikipedia": null, "mapillary": null, "route_ref": null, "survey:date": null, "covered": null, "arrival_times:description": null, "phone": null, "surface": null, "website": null, "website:map": null, "wheelchair:description": null, "departures_board": null, "source": null, "source:date": null, "check_date:bench": null, "smoothness": null, "description:arrival_times": null, "check_date": null, "check_date:lit": null, "check_date:tactile_paving": null, "fixme": null, "paving_stones:material": null, "sign": null, "railway": null, "railway:ref": null, "train": null }, "geometry": { "type": "Point", "coordinates": [ -83.720998, 42.294633 ] } },
{ "type": "Feature", "properties": { "index": 505, "element": "node", "id": 12185186590, "bench": null, "bin": null, "bus": "yes", "description": null, "highway": null, "lit": null, "name": null, "operator": null, "public_transport": "stop_position", "ref": null, "shelter": null, "tactile_paving": null, "network": null, "network:wikidata": null, "brand": null, "phone:aaata": null, "ref:aaata": null, "ref:umich": null, "route_ref:aaata": null, "website:aaata": null, "website:aaata:maps": null, "website:umich:map": null, "website:umich:routes": null, "wheelchair": null, "check_date:shelter": null, "note": null, "passenger_information_display": null, "network:wikipedia": null, "alt_name": null, "local_ref": null, "ref:signed": null, "operator:wikidata": null, "operator:wikipedia": null, "mapillary": null, "route_ref": null, "survey:date": null, "covered": null, "arrival_times:description": null, "phone": null, "surface": null, "website": null, "website:map": null, "wheelchair:description": null, "departures_board": null, "source": null, "source:date": null, "check_date:bench": null, "smoothness": null, "description:arrival_times": null, "check_date": null, "check_date:lit": null, "check_date:tactile_paving": null, "fixme": null, "paving_stones:material": null, "sign": null, "railway": null, "railway:ref": null, "train": null }, "geometry": { "type": "Point", "coordinates": [ -83.721327, 42.2946684 ] } }
]
}
